month,atm_total_units,atm_baku_units,atm_regions_units,pos_total_units,contactless_pos_total_units,retail_service_pos_total_units,retail_service_pos_baku_units,baku_pos_total_units,source_file,bulletin_period,country_name,country_iso
2007-01-01,1080,655,425,2099,,1584,1437,1743,statistical_bulletin_2026_01.xlsx,2026-01-01,Azerbaijan,AZE
2007-02-01,1089,665,424,2134,,1607,1455,1766,statistical_bulletin_2026_01.xlsx,2026-01-01,Azerbaijan,AZE
2007-03-01,1105,677,428,2234,,1685,1518,1852,statistical_bulletin_2026_01.xlsx,2026-01-01,Azerbaijan,AZE
2007-04-01,1122,695,427,2558,,2024,1856,2171,statistical_bulletin_2026_01.xlsx,2026-01-01,Azerbaijan,AZE
2007-05-01,1138,703,435,2768,,2227,2057,2382,statistical_bulletin_2026_01.xlsx,2026-01-01,Azerbaijan,AZE
2007-06-01,1161,725,436,3119,,2567,2396,2728,statistical_bulletin_2026_01.xlsx,2026-01-01,Azerbaijan,AZE
2007-07-01,1186,735,451,3721,,3144,2971,3324,statistical_bulletin_2026_01.xlsx,2026-01-01,Azerbaijan,AZE
2007-08-01,1204,748,456,4039,,3470,3291,3629,statistical_bulletin_2026_01.xlsx,2026-01-01,Azerbaijan,AZE
2007-09-01,1237,768,469,4262,,3683,3503,3844,statistical_bulletin_2026_01.xlsx,2026-01-01,Azerbaijan,AZE
2007-10-01,1259,783,476,4494,,3907,3725,4078,statistical_bulletin_2026_01.xlsx,2026-01-01,Azerbaijan,AZE
2007-11-01,1298,806,492,4776,,4172,3988,4353,statistical_bulletin_2026_01.xlsx,2026-01-01,Azerbaijan,AZE
2007-12-01,1317,820,497,5309,,4653,4470,4871,statistical_bulletin_2026_01.xlsx,2026-01-01,Azerbaijan,AZE
2009-01-01,1545,878,667,8114,,7332,6910,7346,statistical_bulletin_2026_01.xlsx,2026-01-01,Azerbaijan,AZE
2009-02-01,1560,887,673,8237,,7446,7012,7449,statistical_bulletin_2026_01.xlsx,2026-01-01,Azerbaijan,AZE
2009-03-01,1576,888,688,8410,,7547,7108,7608,statistical_bulletin_2026_01.xlsx,2026-01-01,Azerbaijan,AZE
2009-04-01,1572,882,690,8404,,7607,7164,7588,statistical_bulletin_2026_01.xlsx,2026-01-01,Azerbaijan,AZE
2009-05-01,1582,895,687,8521,,7796,7349,7739,statistical_bulletin_2026_01.xlsx,2026-01-01,Azerbaijan,AZE
2009-06-01,1588,902,686,8532,,7787,7349,7753,statistical_bulletin_2026_01.xlsx,2026-01-01,Azerbaijan,AZE
2009-07-01,1600,902,698,8485,,7724,7287,7704,statistical_bulletin_2026_01.xlsx,2026-01-01,Azerbaijan,AZE
2009-08-01,1617,915,702,8481,,7726,7290,7698,statistical_bulletin_2026_01.xlsx,2026-01-01,Azerbaijan,AZE
2009-09-01,1638,928,710,8519,,7764,7331,7737,statistical_bulletin_2026_01.xlsx,2026-01-01,Azerbaijan,AZE
2009-10-01,1657,935,722,8567,,7795,7361,7782,statistical_bulletin_2026_01.xlsx,2026-01-01,Azerbaijan,AZE
2009-11-01,1673,943,730,8613,,7830,7401,7827,statistical_bulletin_2026_01.xlsx,2026-01-01,Azerbaijan,AZE
2009-12-01,1694,959,735,8657,,7854,7429,7871,statistical_bulletin_2026_01.xlsx,2026-01-01,Azerbaijan,AZE
2010-01-01,1708,972,736,8657,,7833,7412,7873,statistical_bulletin_2026_01.xlsx,2026-01-01,Azerbaijan,AZE
2010-02-01,1714,971,743,8678,,7847,7423,7890,statistical_bulletin_2026_01.xlsx,2026-01-01,Azerbaijan,AZE
2010-03-01,1715,967,748,8737,,7903,7480,7950,statistical_bulletin_2026_01.xlsx,2026-01-01,Azerbaijan,AZE
2010-04-01,1734,973,761,8716,,7890,7466,7933,statistical_bulletin_2026_01.xlsx,2026-01-01,Azerbaijan,AZE
2010-05-01,1752,979,773,8801,,7966,7536,8013,statistical_bulletin_2026_01.xlsx,2026-01-01,Azerbaijan,AZE
2010-06-01,1777,995,782,8815,,7981,7555,8028,statistical_bulletin_2026_01.xlsx,2026-01-01,Azerbaijan,AZE
2010-07-01,1809,1014,795,8769,,7913,7842,7980,statistical_bulletin_2026_01.xlsx,2026-01-01,Azerbaijan,AZE
2010-08-01,1832,1025,807,8792,,7934,7503,7994,statistical_bulletin_2026_01.xlsx,2026-01-01,Azerbaijan,AZE
2010-09-01,1847,1028,819,8882,,8015,7581,8077,statistical_bulletin_2026_01.xlsx,2026-01-01,Azerbaijan,AZE
2010-10-01,1868,1036,832,7878,,7009,6575,7068,statistical_bulletin_2026_01.xlsx,2026-01-01,Azerbaijan,AZE
2010-11-01,1879,1044,835,7912,,7012,6582,7096,statistical_bulletin_2026_01.xlsx,2026-01-01,Azerbaijan,AZE
2010-12-01,1892,1053,839,7872,,6978,6554,7069,statistical_bulletin_2026_01.xlsx,2026-01-01,Azerbaijan,AZE
2011-01-01,1907,1063,844,7864,,6922,6494,7054,statistical_bulletin_2026_01.xlsx,2026-01-01,Azerbaijan,AZE
2011-02-01,1912,1065,847,7983,,7048,6620,7175,statistical_bulletin_2026_01.xlsx,2026-01-01,Azerbaijan,AZE
2011-03-01,1929,1071,848,8857,,7926,7497,8027,statistical_bulletin_2026_01.xlsx,2026-01-01,Azerbaijan,AZE
2011-04-01,1947,1078,869,9435,,8483,8040,8576,statistical_bulletin_2026_01.xlsx,2026-01-01,Azerbaijan,AZE
2011-05-01,1960,1086,874,10095,,8828,8380,9216,statistical_bulletin_2026_01.xlsx,2026-01-01,Azerbaijan,AZE
2011-06-01,1985,1101,884,10609,,9307,8851,9703,statistical_bulletin_2026_01.xlsx,2026-01-01,Azerbaijan,AZE
2011-07-01,2002,1112,890,11272,,9901,9442,10306,statistical_bulletin_2026_01.xlsx,2026-01-01,Azerbaijan,AZE
2011-08-01,2038,1115,923,11787,,10404,9939,10815,statistical_bulletin_2026_01.xlsx,2026-01-01,Azerbaijan,AZE
2011-09-01,2056,1144,912,12204,,10796,10319,11207,statistical_bulletin_2026_01.xlsx,2026-01-01,Azerbaijan,AZE
2011-10-01,2073,1154,919,12477,,10986,10487,11463,statistical_bulletin_2026_01.xlsx,2026-01-01,Azerbaijan,AZE
2011-11-01,2104,1166,938,12778,,11289,10762,11735,statistical_bulletin_2026_01.xlsx,2026-01-01,Azerbaijan,AZE
2011-12-01,2132,1179,953,13220,,11714,11169,12153,statistical_bulletin_2026_01.xlsx,2026-01-01,Azerbaijan,AZE
2012-01-01,2148,1187,961,13686,,12174,11618,12604,statistical_bulletin_2026_01.xlsx,2026-01-01,Azerbaijan,AZE
2012-02-01,2157,1196,961,18193,,16656,16054,17057,statistical_bulletin_2026_01.xlsx,2026-01-01,Azerbaijan,AZE
2012-03-01,2168,1198,970,20994,,19447,18767,19772,statistical_bulletin_2026_01.xlsx,2026-01-01,Azerbaijan,AZE
2012-04-01,2183,1209,974,28921,,27269,26443,27547,statistical_bulletin_2026_01.xlsx,2026-01-01,Azerbaijan,AZE
2012-05-01,2216,1230,986,37194,,35617,33026,34038,statistical_bulletin_2026_01.xlsx,2026-01-01,Azerbaijan,AZE
2012-06-01,2227,1235,992,36310,,34740,32114,33119,statistical_bulletin_2026_01.xlsx,2026-01-01,Azerbaijan,AZE
2012-07-01,2195,1225,970,36523,,34989,32463,33340,statistical_bulletin_2026_01.xlsx,2026-01-01,Azerbaijan,AZE
2012-08-01,2214,1239,975,36514,,34972,32455,33340,statistical_bulletin_2026_01.xlsx,2026-01-01,Azerbaijan,AZE
2012-09-01,2224,1224,1000,36702,,35039,32453,33549,statistical_bulletin_2026_01.xlsx,2026-01-01,Azerbaijan,AZE
2012-10-01,2226,1243,983,36655,,34976,32396,33506,statistical_bulletin_2026_01.xlsx,2026-01-01,Azerbaijan,AZE
2012-11-01,2240,1249,991,36482,,34781,32204,33333,statistical_bulletin_2026_01.xlsx,2026-01-01,Azerbaijan,AZE
2012-12-01,2260,1263,997,36860,,35035,32386,33629,statistical_bulletin_2026_01.xlsx,2026-01-01,Azerbaijan,AZE
2013-01-01,2261,1264,997,37175,,35775,33007,33816,statistical_bulletin_2026_01.xlsx,2026-01-01,Azerbaijan,AZE
2013-02-01,2279,1273,1006,36934,,35517,32494,33307,statistical_bulletin_2026_01.xlsx,2026-01-01,Azerbaijan,AZE
2013-03-01,2295,1288,1007,37266,,35850,32721,33517,statistical_bulletin_2026_01.xlsx,2026-01-01,Azerbaijan,AZE
2013-04-01,2331,1316,1015,37080,,35658,32451,33268,statistical_bulletin_2026_01.xlsx,2026-01-01,Azerbaijan,AZE
2013-05-01,2343,1324,1019,37075,,35674,32481,33269,statistical_bulletin_2026_01.xlsx,2026-01-01,Azerbaijan,AZE
2013-06-01,2351,1324,1027,37166,,35758,32491,33284,statistical_bulletin_2026_01.xlsx,2026-01-01,Azerbaijan,AZE
2013-07-01,2368,1336,1032,36388,,35003,31658,32470,statistical_bulletin_2026_01.xlsx,2026-01-01,Azerbaijan,AZE
2013-08-01,2375,1341,1034,35715,,34333,30918,31754,statistical_bulletin_2026_01.xlsx,2026-01-01,Azerbaijan,AZE
2013-09-01,2396,1355,1041,35152,,33752,30234,31068,statistical_bulletin_2026_01.xlsx,2026-01-01,Azerbaijan,AZE
2013-10-01,2397,1351,1046,35039,,33635,30061,30897,statistical_bulletin_2026_01.xlsx,2026-01-01,Azerbaijan,AZE
2013-11-01,2411,1360,1051,33301,,31897,28265,29101,statistical_bulletin_2026_01.xlsx,2026-01-01,Azerbaijan,AZE
2013-12-01,2422,1366,1056,33285,,31859,28090,28940,statistical_bulletin_2026_01.xlsx,2026-01-01,Azerbaijan,AZE
2014-01-01,2417,1358,1059,33045,,33045,28650,27733,statistical_bulletin_2026_01.xlsx,2026-01-01,Azerbaijan,AZE
2014-02-01,2427,1363,1064,34141,,32699,28530,29428,statistical_bulletin_2026_01.xlsx,2026-01-01,Azerbaijan,AZE
2014-03-01,2443,1373,1070,38772,,37415,29858,30675,statistical_bulletin_2026_01.xlsx,2026-01-01,Azerbaijan,AZE
2014-04-01,2479,1395,1084,42790,,41227,31696,32613,statistical_bulletin_2026_01.xlsx,2026-01-01,Azerbaijan,AZE
2014-05-01,2462,1379,1083,48582,,47120,34197,35110,statistical_bulletin_2026_01.xlsx,2026-01-01,Azerbaijan,AZE
2014-06-01,2476,1389,1087,52413,,50955,36175,37079,statistical_bulletin_2026_01.xlsx,2026-01-01,Azerbaijan,AZE
2014-07-01,2493,1399,1094,53988,,52533,36285,37189,statistical_bulletin_2026_01.xlsx,2026-01-01,Azerbaijan,AZE
2014-08-01,2510,1413,1097,56731,,55300,38102,38990,statistical_bulletin_2026_01.xlsx,2026-01-01,Azerbaijan,AZE
2014-09-01,2543,1440,1103,58609,,57185,39280,40165,statistical_bulletin_2026_01.xlsx,2026-01-01,Azerbaijan,AZE
2014-10-01,2556,1447,1109,64297,,62876,42902,43767,statistical_bulletin_2026_01.xlsx,2026-01-01,Azerbaijan,AZE
2014-11-01,2586,1460,1126,68676,,67227,46384,47250,statistical_bulletin_2026_01.xlsx,2026-01-01,Azerbaijan,AZE
2014-12-01,2608,1471,1137,73013,,71553,49187,50050,statistical_bulletin_2026_01.xlsx,2026-01-01,Azerbaijan,AZE
2015-01-01,2618,1480,1138,74584,,73159,49405,50294,statistical_bulletin_2026_01.xlsx,2026-01-01,Azerbaijan,AZE
2015-02-01,2622,1477,1145,77041,,75816,49699,50387,statistical_bulletin_2026_01.xlsx,2026-01-01,Azerbaijan,AZE
2015-03-01,2633,1481,1152,77631,,76219,49323,50229,statistical_bulletin_2026_01.xlsx,2026-01-01,Azerbaijan,AZE
2015-04-01,2642,1484,1158,78039,,76605,48920,49824,statistical_bulletin_2026_01.xlsx,2026-01-01,Azerbaijan,AZE
2015-05-01,2670,1506,1164,78324,,76892,48958,49815,statistical_bulletin_2026_01.xlsx,2026-01-01,Azerbaijan,AZE
2015-06-01,2703,1530,1173,78264,,76832,48584,49438,statistical_bulletin_2026_01.xlsx,2026-01-01,Azerbaijan,AZE
2015-07-01,2685,1507,1178,77959,,76515,48245,49110,statistical_bulletin_2026_01.xlsx,2026-01-01,Azerbaijan,AZE
2015-08-01,2702,1518,1194,77913,,76438,48156,49053,statistical_bulletin_2026_01.xlsx,2026-01-01,Azerbaijan,AZE
2015-09-01,2707,1522,1185,77170,,75691,47587,48478,statistical_bulletin_2026_01.xlsx,2026-01-01,Azerbaijan,AZE
2015-10-01,2711,1525,1186,76932,,75461,47395,48278,statistical_bulletin_2026_01.xlsx,2026-01-01,Azerbaijan,AZE
2015-11-01,2695,1509,1186,76210,,74733,46537,47427,statistical_bulletin_2026_01.xlsx,2026-01-01,Azerbaijan,AZE
2015-12-01,2694,1502,1192,80301,,78762,47985,48944,statistical_bulletin_2026_01.xlsx,2026-01-01,Azerbaijan,AZE
2016-01-01,2588,1432,1156,78579,4584.0,77124,44808,45690,statistical_bulletin_2026_01.xlsx,2026-01-01,Azerbaijan,AZE
2016-02-01,2577,1432,1145,77377,4589.0,75919,43837,44727,statistical_bulletin_2026_01.xlsx,2026-01-01,Azerbaijan,AZE
2016-03-01,2575,1429,1146,75690,8509.0,74272,42675,43491,statistical_bulletin_2026_01.xlsx,2026-01-01,Azerbaijan,AZE
2016-04-01,2568,1420,1148,74088,8668.0,72677,41974,42778,statistical_bulletin_2026_01.xlsx,2026-01-01,Azerbaijan,AZE
2016-05-01,2588,1429,1159,74073,8981.0,72637,41893,42724,statistical_bulletin_2026_01.xlsx,2026-01-01,Azerbaijan,AZE
2016-06-01,2609,1435,1174,73350,9186.0,71899,41232,42079,statistical_bulletin_2026_01.xlsx,2026-01-01,Azerbaijan,AZE
2016-07-01,2552,1406,1146,70620,9265.0,69527,38998,39586,statistical_bulletin_2026_01.xlsx,2026-01-01,Azerbaijan,AZE
2016-08-01,2563,1411,1152,70446,9467.0,69348,38933,39447,statistical_bulletin_2026_01.xlsx,2026-01-01,Azerbaijan,AZE
2016-09-01,2562,1408,1154,74527,9579.0,73478,41173,41662,statistical_bulletin_2026_01.xlsx,2026-01-01,Azerbaijan,AZE
2016-10-01,2459,1326,1133,68295,9646.0,67108,37648,38303,statistical_bulletin_2026_01.xlsx,2026-01-01,Azerbaijan,AZE
2016-11-01,2467,1332,1135,73318,9591.0,72278,40051,40557,statistical_bulletin_2026_01.xlsx,2026-01-01,Azerbaijan,AZE
2016-12-01,2471,1332,1139,71959,9763.0,70914,39655,40534,statistical_bulletin_2026_01.xlsx,2026-01-01,Azerbaijan,AZE
2017-01-01,2479,1343,1136,71317,9834.0,70338,39587,40019,statistical_bulletin_2026_01.xlsx,2026-01-01,Azerbaijan,AZE
2017-02-01,2482,1345,1137,71102,9752.0,70166,39489,39863,statistical_bulletin_2026_01.xlsx,2026-01-01,Azerbaijan,AZE
2017-03-01,2493,1352,1141,70945,9808.0,70000,39432,39852,statistical_bulletin_2026_01.xlsx,2026-01-01,Azerbaijan,AZE
2017-04-01,2515,1370,1145,70766,9968.0,69707,39279,39855,statistical_bulletin_2026_01.xlsx,2026-01-01,Azerbaijan,AZE
2017-05-01,2499,1359,1140,70322,11086.0,69151,39134,39727,statistical_bulletin_2026_01.xlsx,2026-01-01,Azerbaijan,AZE
2017-06-01,2526,1373,1153,70167,11238.0,69004,39194,39778,statistical_bulletin_2026_01.xlsx,2026-01-01,Azerbaijan,AZE
2017-07-01,2530,1370,1160,69586,11204.0,68422,39020,39604,statistical_bulletin_2026_01.xlsx,2026-01-01,Azerbaijan,AZE
2017-08-01,2520,1368,1152,68585,11264.0,67351,38158,38803,statistical_bulletin_2026_01.xlsx,2026-01-01,Azerbaijan,AZE
2017-09-01,2511,1363,1148,67760,11002.0,66534,37569,38146,statistical_bulletin_2026_01.xlsx,2026-01-01,Azerbaijan,AZE
2017-10-01,2516,1371,1145,66485,11081.0,65138,37438,38044,statistical_bulletin_2026_01.xlsx,2026-01-01,Azerbaijan,AZE
2017-11-01,2487,1343,1144,66189,13903.0,64763,37230,37876,statistical_bulletin_2026_01.xlsx,2026-01-01,Azerbaijan,AZE
2017-12-01,2461,1326,1135,65637,19417.0,64225,36415,37091,statistical_bulletin_2026_01.xlsx,2026-01-01,Azerbaijan,AZE
2018-01-01,2471,1332,1139,65371,18296.0,63907,36114,36826,statistical_bulletin_2026_01.xlsx,2026-01-01,Azerbaijan,AZE
2018-02-01,2479,1336,1143,65431,19811.0,63966,36150,36864,statistical_bulletin_2026_01.xlsx,2026-01-01,Azerbaijan,AZE
2018-03-01,2491,1339,1152,65334,19965.0,63864,36104,36793,statistical_bulletin_2026_01.xlsx,2026-01-01,Azerbaijan,AZE
2018-04-01,2503,1344,1159,65535,20273.0,64026,36270,36999,statistical_bulletin_2026_01.xlsx,2026-01-01,Azerbaijan,AZE
2018-05-01,2507,1351,1156,65784,20415.0,64254,36424,37160,statistical_bulletin_2026_01.xlsx,2026-01-01,Azerbaijan,AZE
2018-06-01,2520,1360,1160,65792,20544.0,64240,36536,37288,statistical_bulletin_2026_01.xlsx,2026-01-01,Azerbaijan,AZE
2018-07-01,2517,1354,1163,66050,20713.0,64502,37752,38501,statistical_bulletin_2026_01.xlsx,2026-01-01,Azerbaijan,AZE
2018-08-01,2521,1348,1173,66106,20833.0,64508,37846,38644,statistical_bulletin_2026_01.xlsx,2026-01-01,Azerbaijan,AZE
2018-09-01,2540,1354,1186,66314,21064.0,64713,37986,38784,statistical_bulletin_2026_01.xlsx,2026-01-01,Azerbaijan,AZE
2018-10-01,2553,1346,1207,66206,21334.0,64577,37856,38690,statistical_bulletin_2026_01.xlsx,2026-01-01,Azerbaijan,AZE
2018-11-01,2551,1343,1208,66256,21464.0,64615,37863,38709,statistical_bulletin_2026_01.xlsx,2026-01-01,Azerbaijan,AZE
2018-12-01,2563,1350,1213,66454,21812.0,64813,38239,39069,statistical_bulletin_2026_01.xlsx,2026-01-01,Azerbaijan,AZE
2019-01-01,2572,1355,1217,66353,23259.0,64685,38195,39054,statistical_bulletin_2026_01.xlsx,2026-01-01,Azerbaijan,AZE
2019-02-01,2585,1364,1221,66397,24097.0,64728,38371,39233,statistical_bulletin_2026_01.xlsx,2026-01-01,Azerbaijan,AZE
2019-03-01,2595,1370,1225,66779,24594.0,65115,38987,39847,statistical_bulletin_2026_01.xlsx,2026-01-01,Azerbaijan,AZE
2019-04-01,2605,1379,1226,66640,25169.0,65096,40043,40788,statistical_bulletin_2026_01.xlsx,2026-01-01,Azerbaijan,AZE
2019-05-01,2629,1397,1232,66804,25685.0,65293,40467,41179,statistical_bulletin_2026_01.xlsx,2026-01-01,Azerbaijan,AZE
2019-06-01,2632,1394,1238,63774,25934.0,62003,37269,38185,statistical_bulletin_2026_01.xlsx,2026-01-01,Azerbaijan,AZE
2019-07-01,2644,1400,1244,64160,26362.0,62345,37322,38285,statistical_bulletin_2026_01.xlsx,2026-01-01,Azerbaijan,AZE
2019-08-01,2650,1406,1244,64511,26813.0,62740,37681,38591,statistical_bulletin_2026_01.xlsx,2026-01-01,Azerbaijan,AZE
2019-09-01,2654,1407,1247,65153,27528.0,63368,38305,39205,statistical_bulletin_2026_01.xlsx,2026-01-01,Azerbaijan,AZE
2019-10-01,2675,1425,1250,65819,28351.0,64221,38903,39723,statistical_bulletin_2026_01.xlsx,2026-01-01,Azerbaijan,AZE
2019-11-01,2692,1437,1255,66503,29054.0,64843,39531,40404,statistical_bulletin_2026_01.xlsx,2026-01-01,Azerbaijan,AZE
2019-12-01,2712,1446,1266,67681,30133.0,65973,40097,40988,statistical_bulletin_2026_01.xlsx,2026-01-01,Azerbaijan,AZE
2020-01-01,2724,1463,1261,69026,31740.0,67341,41143,42005,statistical_bulletin_2026_01.xlsx,2026-01-01,Azerbaijan,AZE
2020-02-01,2723,1463,1260,70312,32815.0,68624,41903,42792,statistical_bulletin_2026_01.xlsx,2026-01-01,Azerbaijan,AZE
2020-03-01,2742,1473,1269,71349,34186.0,69638,42513,43443,statistical_bulletin_2026_01.xlsx,2026-01-01,Azerbaijan,AZE
2020-04-01,2701,1431,1270,56891,28963.0,55256,35552,36391,statistical_bulletin_2026_01.xlsx,2026-01-01,Azerbaijan,AZE
2020-05-01,2618,1364,1254,55250,28870.0,53626,35301,36032,statistical_bulletin_2026_01.xlsx,2026-01-01,Azerbaijan,AZE
2020-06-01,2633,1368,1265,55854,29728.0,54225,35547,36406,statistical_bulletin_2026_01.xlsx,2026-01-01,Azerbaijan,AZE
2020-07-01,2649,1373,1276,55710,29846.0,54242,35599,36302,statistical_bulletin_2026_01.xlsx,2026-01-01,Azerbaijan,AZE
2020-08-01,2672,1389,1283,56770,31211.0,55062,35966,36911,statistical_bulletin_2026_01.xlsx,2026-01-01,Azerbaijan,AZE
2020-09-01,2704,1408,1296,57263,32440.0,55461,36339,37386,statistical_bulletin_2026_01.xlsx,2026-01-01,Azerbaijan,AZE
2020-10-01,2719,1417,1302,57226,32845.0,55465,36319,37310,statistical_bulletin_2026_01.xlsx,2026-01-01,Azerbaijan,AZE
2020-11-01,2752,1440,1312,57180,33687.0,55499,36577,37519,statistical_bulletin_2026_01.xlsx,2026-01-01,Azerbaijan,AZE
2020-12-01,2779,1454,1325,57344,34381.0,55798,36889,37707,statistical_bulletin_2026_01.xlsx,2026-01-01,Azerbaijan,AZE
2021-01-01,2803,1461,1342,57633,34536.0,56099,36905,37738,statistical_bulletin_2026_01.xlsx,2026-01-01,Azerbaijan,AZE
2021-02-01,2810,1464,1346,57881,35402.0,56354,37093,37947,statistical_bulletin_2026_01.xlsx,2026-01-01,Azerbaijan,AZE
2021-03-01,2826,1476,1350,58410,35947.0,56553,37349,38514,statistical_bulletin_2026_01.xlsx,2026-01-01,Azerbaijan,AZE
2021-04-01,2833,1478,1355,59262,37362.0,57598,37903,38846,statistical_bulletin_2026_01.xlsx,2026-01-01,Azerbaijan,AZE
2021-05-01,2848,1491,1357,59882,38236.0,58245,38352,39268,statistical_bulletin_2026_01.xlsx,2026-01-01,Azerbaijan,AZE
2021-06-01,2867,1504,1363,60381,39168.0,58436,38707,39923,statistical_bulletin_2026_01.xlsx,2026-01-01,Azerbaijan,AZE
2021-07-01,2887,1522,1365,60225,39525.0,58268,39151,40347,statistical_bulletin_2026_01.xlsx,2026-01-01,Azerbaijan,AZE
2021-08-01,2907,1527,1380,59625,40471.0,57987,38884,39761,statistical_bulletin_2026_01.xlsx,2026-01-01,Azerbaijan,AZE
2021-09-01,2917,1535,1382,61339,42454.0,59828,39837,40661,statistical_bulletin_2026_01.xlsx,2026-01-01,Azerbaijan,AZE
2021-10-01,2933,1546,1387,61301,43206.0,59789,39279,40157,statistical_bulletin_2026_01.xlsx,2026-01-01,Azerbaijan,AZE
2021-11-01,2945,1552,1393,60977,43183.0,59433,39566,40508,statistical_bulletin_2026_01.xlsx,2026-01-01,Azerbaijan,AZE
2021-12-01,2970,1585,1385,61179,43920.0,59645,39725,40672,statistical_bulletin_2026_01.xlsx,2026-01-01,Azerbaijan,AZE
2022-01-01,2983,1590,1393,61679,44544.0,60165,40029,40955,statistical_bulletin_2026_01.xlsx,2026-01-01,Azerbaijan,AZE
2022-02-01,2994,1601,1393,63328,46520.0,61801,41591,42512,statistical_bulletin_2026_01.xlsx,2026-01-01,Azerbaijan,AZE
2022-03-01,2997,1599,1398,66548,49473.0,65042,43451,44345,statistical_bulletin_2026_01.xlsx,2026-01-01,Azerbaijan,AZE
2022-04-01,2996,1583,1413,68244,50407.0,66764,44641,45522,statistical_bulletin_2026_01.xlsx,2026-01-01,Azerbaijan,AZE
2022-05-01,2996,1580,1416,69275,57046.0,67322,45271,46459,statistical_bulletin_2026_01.xlsx,2026-01-01,Azerbaijan,AZE
2022-06-01,2998,1580,1418,70814,58204.0,69005,46368,47421,statistical_bulletin_2026_01.xlsx,2026-01-01,Azerbaijan,AZE
2022-07-01,3009,1579,1430,70963,58692.0,69148,46435,47489,statistical_bulletin_2026_01.xlsx,2026-01-01,Azerbaijan,AZE
2022-08-01,3025,1582,1443,72442,60432.0,70515,47297,48398,statistical_bulletin_2026_01.xlsx,2026-01-01,Azerbaijan,AZE
2022-09-01,3029,1586,1443,74456,62984.0,72470,48603,49735,statistical_bulletin_2026_01.xlsx,2026-01-01,Azerbaijan,AZE
2022-10-01,3033,1580,1453,75579,64728.0,73537,49538,50679,statistical_bulletin_2026_01.xlsx,2026-01-01,Azerbaijan,AZE
2022-11-01,3045,1586,1459,77634,67040.0,75586,50738,51885,statistical_bulletin_2026_01.xlsx,2026-01-01,Azerbaijan,AZE
2022-12-01,3068,1591,1477,79820,69599.0,77551,52602,53820,statistical_bulletin_2026_01.xlsx,2026-01-01,Azerbaijan,AZE
2023-01-01,3077,1618,1459,79880,70608.0,77605,52577,53799,statistical_bulletin_2026_01.xlsx,2026-01-01,Azerbaijan,AZE
2023-02-01,3074,1607,1467,79130,70754.0,76797,52254,53489,statistical_bulletin_2026_01.xlsx,2026-01-01,Azerbaijan,AZE
2023-03-01,3068,1591,1477,80729,71461.0,78385,53311,54553,statistical_bulletin_2026_01.xlsx,2026-01-01,Azerbaijan,AZE
2023-04-01,3075,1599,1476,79118,71602.0,76776,53407,54647,statistical_bulletin_2026_01.xlsx,2026-01-01,Azerbaijan,AZE
2023-05-01,3075,1602,1473,80462,73151.0,78102,54151,55404,statistical_bulletin_2026_01.xlsx,2026-01-01,Azerbaijan,AZE
2023-06-01,3081,1604,1477,81775,74508.0,79300,54763,56014,statistical_bulletin_2026_01.xlsx,2026-01-01,Azerbaijan,AZE
2023-07-01,3087,1603,1484,83080,75916.0,80594,55379,56635,statistical_bulletin_2026_01.xlsx,2026-01-01,Azerbaijan,AZE
2023-08-01,3104,1612,1492,81219,77087.0,78473,53992,55263,statistical_bulletin_2026_01.xlsx,2026-01-01,Azerbaijan,AZE
2023-09-01,3119,1621,1498,81799,77722.0,79009,54052,55362,statistical_bulletin_2026_01.xlsx,2026-01-01,Azerbaijan,AZE
2023-10-01,3090,1604,1486,82615,78803.0,79852,54347,55632,statistical_bulletin_2026_01.xlsx,2026-01-01,Azerbaijan,AZE
2023-11-01,3114,1621,1493,83428,79870.0,80667,54507,55802,statistical_bulletin_2026_01.xlsx,2026-01-01,Azerbaijan,AZE
2023-12-01,3112,1621,1491,86383,82992.0,83584,55739,57054,statistical_bulletin_2026_01.xlsx,2026-01-01,Azerbaijan,AZE
2024-01-01,3116,1610,1506,88751,85781.0,85936,56925,58250,statistical_bulletin_2026_01.xlsx,2026-01-01,Azerbaijan,AZE
2024-02-01,3136,1626,1510,90505,87579.0,87719,57718,58997,statistical_bulletin_2026_01.xlsx,2026-01-01,Azerbaijan,AZE
2024-03-01,3152,1639,1513,91755,89141.0,88962,58375,59638,statistical_bulletin_2026_01.xlsx,2026-01-01,Azerbaijan,AZE
2024-04-01,3174,1656,1518,92874,90450.0,90257,58965,60151,statistical_bulletin_2026_01.xlsx,2026-01-01,Azerbaijan,AZE
2024-05-01,3134,1648,1486,94719,92362.0,92126,59972,61136,statistical_bulletin_2026_01.xlsx,2026-01-01,Azerbaijan,AZE
2024-06-01,3159,1670,1489,97718,95365.0,94932,61335,62598,statistical_bulletin_2026_01.xlsx,2026-01-01,Azerbaijan,AZE
2024-07-01,3179,1685,1494,99179,96866.0,96410,61942,63190,statistical_bulletin_2026_01.xlsx,2026-01-01,Azerbaijan,AZE
2024-08-01,3198,1696,1502,101066,97980.0,98231,62814,64120,statistical_bulletin_2026_01.xlsx,2026-01-01,Azerbaijan,AZE
2024-09-01,3213,1710,1503,103448,101247.0,100579,62855,64174,statistical_bulletin_2026_01.xlsx,2026-01-01,Azerbaijan,AZE
2024-10-01,3253,1741,1512,107827,105548.0,104949,65277,66609,statistical_bulletin_2026_01.xlsx,2026-01-01,Azerbaijan,AZE
2024-11-01,3270,1751,1519,114076,111821.0,111219,68824,70147,statistical_bulletin_2026_01.xlsx,2026-01-01,Azerbaijan,AZE
2024-12-01,3304,1772,1532,119540,117314.0,116766,71773,73042,statistical_bulletin_2026_01.xlsx,2026-01-01,Azerbaijan,AZE
2025-01-01,3328,1785,1543,121873,119681.0,119075,72866,74133,statistical_bulletin_2026_01.xlsx,2026-01-01,Azerbaijan,AZE
2025-02-01,3358,1798,1560,124339,122152.0,121534,74131,75399,statistical_bulletin_2026_01.xlsx,2026-01-01,Azerbaijan,AZE
2025-03-01,3374,1806,1568,126665,124426.0,123803,75321,76642,statistical_bulletin_2026_01.xlsx,2026-01-01,Azerbaijan,AZE
2025-04-01,3395,1816,1579,129544,127626.0,126685,76872,78188,statistical_bulletin_2026_01.xlsx,2026-01-01,Azerbaijan,AZE
2025-05-01,3416,1828,1588,134852,132947.0,131974,80774,82104,statistical_bulletin_2026_01.xlsx,2026-01-01,Azerbaijan,AZE
2025-06-01,3440,1848,1592,139758,137876.0,136886,84302,85630,statistical_bulletin_2026_01.xlsx,2026-01-01,Azerbaijan,AZE
2025-07-01,3442,1847,1595,147478,145588.0,144571,89447,90791,statistical_bulletin_2026_01.xlsx,2026-01-01,Azerbaijan,AZE
2025-08-01,3465,1859,1606,152348,150498.0,149450,93044,94384,statistical_bulletin_2026_01.xlsx,2026-01-01,Azerbaijan,AZE
2025-09-01,3496,1879,1617,161915,160064.0,159285,98822,100040,statistical_bulletin_2026_01.xlsx,2026-01-01,Azerbaijan,AZE
2025-10-01,3516,1894,1622,172908,171050.0,170030,105675,107000,statistical_bulletin_2026_01.xlsx,2026-01-01,Azerbaijan,AZE
2025-11-01,3548,1918,1630,179162,177306.0,176305,109947,111251,statistical_bulletin_2026_01.xlsx,2026-01-01,Azerbaijan,AZE
2025-12-01,3572,1930,1642,184220,182378.0,181262,113339,114689,statistical_bulletin_2026_01.xlsx,2026-01-01,Azerbaijan,AZE
2026-01-01,3584,1932,1652,183497,181646.0,180532,113250,114646,statistical_bulletin_2026_01.xlsx,2026-01-01,Azerbaijan,AZE
