period_date,period_type,rtgs_txn_count_thousand,rtgs_txn_amount_mn_azn,rtgs_avg_amount_thousand_azn,lvpcss_txn_count_thousand,lvpcss_txn_amount_mn_azn,lvpcss_avg_amount_azn,ips_txn_count_thousand,ips_txn_amount_mn_azn,source_file,bulletin_period,country_name,country_iso,source_name,load_timestamp
2001-01-01,annual,341.662,2762.056,8.084176759487447,,,,,,statistical_bulletin_2026_01.xlsx,2026-01-01,Azerbaijan,AZE,CBAR statistical bulletin table 4.1,2026-03-23 03:09:53.637281+00:00
2002-01-01,annual,387.5,5408.633,13.957762580645161,20.158,8.688,430.995138406588,,,statistical_bulletin_2026_01.xlsx,2026-01-01,Azerbaijan,AZE,CBAR statistical bulletin table 4.1,2026-03-23 03:09:53.637281+00:00
2003-01-01,annual,368.286,7819.88,21.233172045638444,338.444,278.095,821.6868965028187,,,statistical_bulletin_2026_01.xlsx,2026-01-01,Azerbaijan,AZE,CBAR statistical bulletin table 4.1,2026-03-23 03:09:53.637281+00:00
2004-01-01,annual,369.695,10164.429,27.494093780007844,538.374,679.368,1261.888575599862,,,statistical_bulletin_2026_01.xlsx,2026-01-01,Azerbaijan,AZE,CBAR statistical bulletin table 4.1,2026-03-23 03:09:53.637281+00:00
2005-01-01,annual,316.061,13484.718,42.664922277661596,754.49,1213.663,1608.5872576177285,,,statistical_bulletin_2026_01.xlsx,2026-01-01,Azerbaijan,AZE,CBAR statistical bulletin table 4.1,2026-03-23 03:09:53.637281+00:00
2005-01-01,monthly,21.706,806.188,37.1412512669308,41.203,64.038,1554.207217921025,,,statistical_bulletin_2026_01.xlsx,2026-01-01,Azerbaijan,AZE,CBAR statistical bulletin table 4.1,2026-03-23 03:09:53.637281+00:00
2005-02-01,monthly,23.891,965.538,40.41429827131556,47.812,74.844,1565.381075880532,,,statistical_bulletin_2026_01.xlsx,2026-01-01,Azerbaijan,AZE,CBAR statistical bulletin table 4.1,2026-03-23 03:09:53.637281+00:00
2005-03-01,monthly,26.603,1211.055,45.52324925760252,61.056,94.077,1540.8313679245282,,,statistical_bulletin_2026_01.xlsx,2026-01-01,Azerbaijan,AZE,CBAR statistical bulletin table 4.1,2026-03-23 03:09:53.637281+00:00
2005-04-01,monthly,25.191,1039.665,41.271287364534956,59.525,92.593,1555.5312893742125,,,statistical_bulletin_2026_01.xlsx,2026-01-01,Azerbaijan,AZE,CBAR statistical bulletin table 4.1,2026-03-23 03:09:53.637281+00:00
2005-05-01,monthly,25.115,1010.268,40.225681863428235,64.225,103.105,1605.3717399766447,,,statistical_bulletin_2026_01.xlsx,2026-01-01,Azerbaijan,AZE,CBAR statistical bulletin table 4.1,2026-03-23 03:09:53.637281+00:00
2005-06-01,monthly,26.45,1034.73,39.12022684310019,64.109,106.193,1656.4444929729057,,,statistical_bulletin_2026_01.xlsx,2026-01-01,Azerbaijan,AZE,CBAR statistical bulletin table 4.1,2026-03-23 03:09:53.637281+00:00
2005-07-01,monthly,26.243,1084.795,41.33654688869413,61.966,104.377,1684.4237162314816,,,statistical_bulletin_2026_01.xlsx,2026-01-01,Azerbaijan,AZE,CBAR statistical bulletin table 4.1,2026-03-23 03:09:53.637281+00:00
2005-08-01,monthly,27.58,1079.365,39.13578680203046,65.072,110.322,1695.3835751167935,,,statistical_bulletin_2026_01.xlsx,2026-01-01,Azerbaijan,AZE,CBAR statistical bulletin table 4.1,2026-03-23 03:09:53.637281+00:00
2005-09-01,monthly,27.497,1344.599,48.89984361930392,67.997,112.302,1651.5728635086843,,,statistical_bulletin_2026_01.xlsx,2026-01-01,Azerbaijan,AZE,CBAR statistical bulletin table 4.1,2026-03-23 03:09:53.637281+00:00
2005-10-01,monthly,26.996,1251.231,46.3487553711661,67.158,106.295,1582.7600583698145,,,statistical_bulletin_2026_01.xlsx,2026-01-01,Azerbaijan,AZE,CBAR statistical bulletin table 4.1,2026-03-23 03:09:53.637281+00:00
2005-11-01,monthly,25.973,1130.003,43.50683401994379,67.811,109.121,1609.1931987435664,,,statistical_bulletin_2026_01.xlsx,2026-01-01,Azerbaijan,AZE,CBAR statistical bulletin table 4.1,2026-03-23 03:09:53.637281+00:00
2005-12-01,monthly,32.816,1527.276,46.540589956118964,86.556,136.391,1575.7544248810018,,,statistical_bulletin_2026_01.xlsx,2026-01-01,Azerbaijan,AZE,CBAR statistical bulletin table 4.1,2026-03-23 03:09:53.637281+00:00
2006-01-01,annual,370.0,23847.0,64.45135135135135,842.0,1443.0,1713.7767220902613,,,statistical_bulletin_2026_01.xlsx,2026-01-01,Azerbaijan,AZE,CBAR statistical bulletin table 4.1,2026-03-23 03:09:53.637281+00:00
2006-01-01,monthly,20.87,1190.432,57.04034499281265,41.0,71.622,1746.878048780488,,,statistical_bulletin_2026_01.xlsx,2026-01-01,Azerbaijan,AZE,CBAR statistical bulletin table 4.1,2026-03-23 03:09:53.637281+00:00
2006-02-01,monthly,23.993,1551.856,64.67953153002959,58.497,90.731,1551.0368053062548,,,statistical_bulletin_2026_01.xlsx,2026-01-01,Azerbaijan,AZE,CBAR statistical bulletin table 4.1,2026-03-23 03:09:53.637281+00:00
2006-03-01,monthly,27.139,1468.772,54.12034341722244,71.476,115.672,1618.3334266047345,,,statistical_bulletin_2026_01.xlsx,2026-01-01,Azerbaijan,AZE,CBAR statistical bulletin table 4.1,2026-03-23 03:09:53.637281+00:00
2006-04-01,monthly,27.151,1558.765,57.41096092224964,67.92,112.737,1659.8498233215546,,,statistical_bulletin_2026_01.xlsx,2026-01-01,Azerbaijan,AZE,CBAR statistical bulletin table 4.1,2026-03-23 03:09:53.637281+00:00
2006-05-01,monthly,31.0,1719.0,55.45161290322581,72.0,124.0,1722.2222222222224,,,statistical_bulletin_2026_01.xlsx,2026-01-01,Azerbaijan,AZE,CBAR statistical bulletin table 4.1,2026-03-23 03:09:53.637281+00:00
2006-06-01,monthly,30.0,2036.0,67.86666666666666,73.0,129.0,1767.123287671233,,,statistical_bulletin_2026_01.xlsx,2026-01-01,Azerbaijan,AZE,CBAR statistical bulletin table 4.1,2026-03-23 03:09:53.637281+00:00
2006-07-01,monthly,32.0,1977.0,61.78125,73.0,126.0,1726.027397260274,,,statistical_bulletin_2026_01.xlsx,2026-01-01,Azerbaijan,AZE,CBAR statistical bulletin table 4.1,2026-03-23 03:09:53.637281+00:00
2006-08-01,monthly,34.0,2518.0,74.05882352941177,72.0,129.0,1791.6666666666667,,,statistical_bulletin_2026_01.xlsx,2026-01-01,Azerbaijan,AZE,CBAR statistical bulletin table 4.1,2026-03-23 03:09:53.637281+00:00
2006-09-01,monthly,32.0,1877.0,58.65625,69.0,119.0,1724.6376811594205,,,statistical_bulletin_2026_01.xlsx,2026-01-01,Azerbaijan,AZE,CBAR statistical bulletin table 4.1,2026-03-23 03:09:53.637281+00:00
2006-10-01,monthly,33.0,1990.0,60.303030303030305,71.0,123.0,1732.394366197183,,,statistical_bulletin_2026_01.xlsx,2026-01-01,Azerbaijan,AZE,CBAR statistical bulletin table 4.1,2026-03-23 03:09:53.637281+00:00
2006-11-01,monthly,34.0,2367.0,69.61764705882354,75.0,133.0,1773.3333333333335,,,statistical_bulletin_2026_01.xlsx,2026-01-01,Azerbaijan,AZE,CBAR statistical bulletin table 4.1,2026-03-23 03:09:53.637281+00:00
2006-12-01,monthly,45.0,3593.0,79.84444444444445,98.0,169.0,1724.4897959183675,,,statistical_bulletin_2026_01.xlsx,2026-01-01,Azerbaijan,AZE,CBAR statistical bulletin table 4.1,2026-03-23 03:09:53.637281+00:00
2007-01-01,annual,433.0,38727.0,89.43879907621248,1040.0,2138.0,2055.7692307692305,,,statistical_bulletin_2026_01.xlsx,2026-01-01,Azerbaijan,AZE,CBAR statistical bulletin table 4.1,2026-03-23 03:09:53.637281+00:00
2007-01-01,monthly,26.0,1938.0,74.53846153846153,57.0,97.0,1701.7543859649122,,,statistical_bulletin_2026_01.xlsx,2026-01-01,Azerbaijan,AZE,CBAR statistical bulletin table 4.1,2026-03-23 03:09:53.637281+00:00
2007-02-01,monthly,30.0,2271.0,75.7,72.0,125.0,1736.111111111111,,,statistical_bulletin_2026_01.xlsx,2026-01-01,Azerbaijan,AZE,CBAR statistical bulletin table 4.1,2026-03-23 03:09:53.637281+00:00
2007-03-01,monthly,31.0,2306.0,74.38709677419355,75.0,141.0,1880.0,,,statistical_bulletin_2026_01.xlsx,2026-01-01,Azerbaijan,AZE,CBAR statistical bulletin table 4.1,2026-03-23 03:09:53.637281+00:00
2007-04-01,monthly,35.0,2794.0,79.82857142857142,87.0,178.0,2045.9770114942528,,,statistical_bulletin_2026_01.xlsx,2026-01-01,Azerbaijan,AZE,CBAR statistical bulletin table 4.1,2026-03-23 03:09:53.637281+00:00
2007-05-01,monthly,37.0,2931.0,79.21621621621621,89.0,192.0,2157.303370786517,,,statistical_bulletin_2026_01.xlsx,2026-01-01,Azerbaijan,AZE,CBAR statistical bulletin table 4.1,2026-03-23 03:09:53.637281+00:00
2007-06-01,monthly,35.0,2959.0,84.54285714285714,85.0,185.0,2176.470588235294,,,statistical_bulletin_2026_01.xlsx,2026-01-01,Azerbaijan,AZE,CBAR statistical bulletin table 4.1,2026-03-23 03:09:53.637281+00:00
2007-07-01,monthly,38.0,3817.0,100.44736842105263,97.0,211.0,2175.2577319587626,,,statistical_bulletin_2026_01.xlsx,2026-01-01,Azerbaijan,AZE,CBAR statistical bulletin table 4.1,2026-03-23 03:09:53.637281+00:00
2007-08-01,monthly,38.0,3619.0,95.23684210526316,88.0,194.0,2204.5454545454545,,,statistical_bulletin_2026_01.xlsx,2026-01-01,Azerbaijan,AZE,CBAR statistical bulletin table 4.1,2026-03-23 03:09:53.637281+00:00
2007-09-01,monthly,35.0,3208.0,91.65714285714286,85.0,183.0,2152.9411764705883,,,statistical_bulletin_2026_01.xlsx,2026-01-01,Azerbaijan,AZE,CBAR statistical bulletin table 4.1,2026-03-23 03:09:53.637281+00:00
2007-10-01,monthly,40.0,3424.0,85.6,96.0,189.0,1968.75,,,statistical_bulletin_2026_01.xlsx,2026-01-01,Azerbaijan,AZE,CBAR statistical bulletin table 4.1,2026-03-23 03:09:53.637281+00:00
2007-11-01,monthly,39.0,3771.0,96.6923076923077,94.0,194.0,2063.8297872340427,,,statistical_bulletin_2026_01.xlsx,2026-01-01,Azerbaijan,AZE,CBAR statistical bulletin table 4.1,2026-03-23 03:09:53.637281+00:00
2007-12-01,monthly,49.0,5689.0,116.10204081632654,115.0,249.0,2165.217391304348,,,statistical_bulletin_2026_01.xlsx,2026-01-01,Azerbaijan,AZE,CBAR statistical bulletin table 4.1,2026-03-23 03:09:53.637281+00:00
2008-01-01,annual,457.0,71425.0,156.2910284463895,1943.0,5364.0,2760.679361811631,,,statistical_bulletin_2026_01.xlsx,2026-01-01,Azerbaijan,AZE,CBAR statistical bulletin table 4.1,2026-03-23 03:09:53.637281+00:00
2008-01-01,monthly,26.0,3108.0,119.53846153846153,96.0,196.0,2041.6666666666665,,,statistical_bulletin_2026_01.xlsx,2026-01-01,Azerbaijan,AZE,CBAR statistical bulletin table 4.1,2026-03-23 03:09:53.637281+00:00
2008-02-01,monthly,34.0,3843.0,113.02941176470588,132.0,294.0,2227.272727272727,,,statistical_bulletin_2026_01.xlsx,2026-01-01,Azerbaijan,AZE,CBAR statistical bulletin table 4.1,2026-03-23 03:09:53.637281+00:00
2008-03-01,monthly,33.0,4326.0,131.0909090909091,128.0,349.0,2726.5625,,,statistical_bulletin_2026_01.xlsx,2026-01-01,Azerbaijan,AZE,CBAR statistical bulletin table 4.1,2026-03-23 03:09:53.637281+00:00
2008-04-01,monthly,42.0,5748.0,136.85714285714286,162.0,450.0,2777.777777777778,,,statistical_bulletin_2026_01.xlsx,2026-01-01,Azerbaijan,AZE,CBAR statistical bulletin table 4.1,2026-03-23 03:09:53.637281+00:00
2008-05-01,monthly,39.0,5390.0,138.2051282051282,146.0,446.0,3054.7945205479455,,,statistical_bulletin_2026_01.xlsx,2026-01-01,Azerbaijan,AZE,CBAR statistical bulletin table 4.1,2026-03-23 03:09:53.637281+00:00
2008-06-01,monthly,38.0,6268.0,164.94736842105263,151.0,483.0,3198.675496688742,,,statistical_bulletin_2026_01.xlsx,2026-01-01,Azerbaijan,AZE,CBAR statistical bulletin table 4.1,2026-03-23 03:09:53.637281+00:00
2008-07-01,monthly,46.0,6698.0,145.6086956521739,173.0,533.0,3080.9248554913293,,,statistical_bulletin_2026_01.xlsx,2026-01-01,Azerbaijan,AZE,CBAR statistical bulletin table 4.1,2026-03-23 03:09:53.637281+00:00
2008-08-01,monthly,37.0,5416.0,146.3783783783784,160.0,469.0,2931.25,,,statistical_bulletin_2026_01.xlsx,2026-01-01,Azerbaijan,AZE,CBAR statistical bulletin table 4.1,2026-03-23 03:09:53.637281+00:00
2008-09-01,monthly,39.0,6662.0,170.82051282051282,176.0,519.0,2948.863636363636,,,statistical_bulletin_2026_01.xlsx,2026-01-01,Azerbaijan,AZE,CBAR statistical bulletin table 4.1,2026-03-23 03:09:53.637281+00:00
2008-10-01,monthly,40.0,6873.0,171.825,178.0,497.0,2792.134831460674,,,statistical_bulletin_2026_01.xlsx,2026-01-01,Azerbaijan,AZE,CBAR statistical bulletin table 4.1,2026-03-23 03:09:53.637281+00:00
2008-11-01,monthly,36.0,6399.0,177.75,172.0,436.0,2534.883720930233,,,statistical_bulletin_2026_01.xlsx,2026-01-01,Azerbaijan,AZE,CBAR statistical bulletin table 4.1,2026-03-23 03:09:53.637281+00:00
2008-12-01,monthly,47.0,10694.0,227.53191489361703,269.0,692.0,2572.4907063197024,,,statistical_bulletin_2026_01.xlsx,2026-01-01,Azerbaijan,AZE,CBAR statistical bulletin table 4.1,2026-03-23 03:09:53.637281+00:00
2009-01-01,annual,393.0,72856.0,185.38422391857506,6302.0,5455.0,865.598222786417,,,statistical_bulletin_2026_01.xlsx,2026-01-01,Azerbaijan,AZE,CBAR statistical bulletin table 4.1,2026-03-23 03:09:53.637281+00:00
2009-01-01,monthly,27.0,5003.0,185.2962962962963,232.0,534.0,2301.724137931035,,,statistical_bulletin_2026_01.xlsx,2026-01-01,Azerbaijan,AZE,CBAR statistical bulletin table 4.1,2026-03-23 03:09:53.637281+00:00
2009-02-01,monthly,30.0,6181.0,206.03333333333333,368.0,347.0,942.9347826086956,,,statistical_bulletin_2026_01.xlsx,2026-01-01,Azerbaijan,AZE,CBAR statistical bulletin table 4.1,2026-03-23 03:09:53.637281+00:00
2009-03-01,monthly,30.0,6986.0,232.86666666666667,423.0,386.0,912.5295508274231,,,statistical_bulletin_2026_01.xlsx,2026-01-01,Azerbaijan,AZE,CBAR statistical bulletin table 4.1,2026-03-23 03:09:53.637281+00:00
2009-04-01,monthly,36.0,5197.0,144.36111111111111,431.0,439.0,1018.5614849187937,,,statistical_bulletin_2026_01.xlsx,2026-01-01,Azerbaijan,AZE,CBAR statistical bulletin table 4.1,2026-03-23 03:09:53.637281+00:00
2009-05-01,monthly,33.0,5963.0,180.6969696969697,407.0,375.0,921.3759213759214,,,statistical_bulletin_2026_01.xlsx,2026-01-01,Azerbaijan,AZE,CBAR statistical bulletin table 4.1,2026-03-23 03:09:53.637281+00:00
2009-06-01,monthly,34.0,5492.0,161.52941176470588,475.0,411.0,865.2631578947369,,,statistical_bulletin_2026_01.xlsx,2026-01-01,Azerbaijan,AZE,CBAR statistical bulletin table 4.1,2026-03-23 03:09:53.637281+00:00
2009-07-01,monthly,36.0,6084.0,169.0,557.0,466.0,836.6247755834829,,,statistical_bulletin_2026_01.xlsx,2026-01-01,Azerbaijan,AZE,CBAR statistical bulletin table 4.1,2026-03-23 03:09:53.637281+00:00
2009-08-01,monthly,31.0,5910.0,190.6451612903226,571.0,416.0,728.5464098073555,,,statistical_bulletin_2026_01.xlsx,2026-01-01,Azerbaijan,AZE,CBAR statistical bulletin table 4.1,2026-03-23 03:09:53.637281+00:00
2009-09-01,monthly,31.0,4481.0,144.5483870967742,579.0,407.0,702.9360967184801,,,statistical_bulletin_2026_01.xlsx,2026-01-01,Azerbaijan,AZE,CBAR statistical bulletin table 4.1,2026-03-23 03:09:53.637281+00:00
2009-10-01,monthly,34.0,5762.0,169.47058823529412,698.0,521.0,746.4183381088825,,,statistical_bulletin_2026_01.xlsx,2026-01-01,Azerbaijan,AZE,CBAR statistical bulletin table 4.1,2026-03-23 03:09:53.637281+00:00
2009-11-01,monthly,31.0,5049.0,162.8709677419355,672.0,467.0,694.9404761904761,,,statistical_bulletin_2026_01.xlsx,2026-01-01,Azerbaijan,AZE,CBAR statistical bulletin table 4.1,2026-03-23 03:09:53.637281+00:00
2009-12-01,monthly,40.0,10748.0,268.7,889.0,686.0,771.6535433070866,,,statistical_bulletin_2026_01.xlsx,2026-01-01,Azerbaijan,AZE,CBAR statistical bulletin table 4.1,2026-03-23 03:09:53.637281+00:00
2010-01-01,annual,362.0,78425.0,216.64364640883977,9786.0,6409.0,654.9151849581034,,,statistical_bulletin_2026_01.xlsx,2026-01-01,Azerbaijan,AZE,CBAR statistical bulletin table 4.1,2026-03-23 03:09:53.637281+00:00
2010-01-01,monthly,24.0,4420.0,184.166666666667,618.0,379.0,613.2686084142395,,,statistical_bulletin_2026_01.xlsx,2026-01-01,Azerbaijan,AZE,CBAR statistical bulletin table 4.1,2026-03-23 03:09:53.637281+00:00
2010-02-01,monthly,28.0,5520.0,197.14285714285714,774.0,395.0,510.3359173126615,,,statistical_bulletin_2026_01.xlsx,2026-01-01,Azerbaijan,AZE,CBAR statistical bulletin table 4.1,2026-03-23 03:09:53.637281+00:00
2010-03-01,monthly,29.0,6395.0,220.51724137931035,886.0,462.0,521.4446952595937,,,statistical_bulletin_2026_01.xlsx,2026-01-01,Azerbaijan,AZE,CBAR statistical bulletin table 4.1,2026-03-23 03:09:53.637281+00:00
2010-04-01,monthly,34.0,6195.0,182.2058823529412,889.0,510.0,573.6782902137232,,,statistical_bulletin_2026_01.xlsx,2026-01-01,Azerbaijan,AZE,CBAR statistical bulletin table 4.1,2026-03-23 03:09:53.637281+00:00
2010-05-01,monthly,30.0,6686.0,222.86666666666667,891.0,505.0,566.7789001122334,,,statistical_bulletin_2026_01.xlsx,2026-01-01,Azerbaijan,AZE,CBAR statistical bulletin table 4.1,2026-03-23 03:09:53.637281+00:00
2010-06-01,monthly,29.0,5889.0,203.06896551724137,889.0,527.0,592.8008998875141,,,statistical_bulletin_2026_01.xlsx,2026-01-01,Azerbaijan,AZE,CBAR statistical bulletin table 4.1,2026-03-23 03:09:53.637281+00:00
2010-07-01,monthly,33.0,6782.0,205.5151515151515,913.0,630.0,690.0328587075575,,,statistical_bulletin_2026_01.xlsx,2026-01-01,Azerbaijan,AZE,CBAR statistical bulletin table 4.1,2026-03-23 03:09:53.637281+00:00
2010-08-01,monthly,30.0,6824.0,227.46666666666667,701.0,581.0,828.8159771754637,,,statistical_bulletin_2026_01.xlsx,2026-01-01,Azerbaijan,AZE,CBAR statistical bulletin table 4.1,2026-03-23 03:09:53.637281+00:00
2010-09-01,monthly,29.0,5971.0,205.89655172413794,681.0,562.0,825.2569750367107,,,statistical_bulletin_2026_01.xlsx,2026-01-01,Azerbaijan,AZE,CBAR statistical bulletin table 4.1,2026-03-23 03:09:53.637281+00:00
2010-10-01,monthly,29.0,6420.0,221.3793103448276,735.0,552.0,751.0204081632653,,,statistical_bulletin_2026_01.xlsx,2026-01-01,Azerbaijan,AZE,CBAR statistical bulletin table 4.1,2026-03-23 03:09:53.637281+00:00
2010-11-01,monthly,29.0,6033.0,208.0344827586207,820.0,510.0,621.9512195121952,,,statistical_bulletin_2026_01.xlsx,2026-01-01,Azerbaijan,AZE,CBAR statistical bulletin table 4.1,2026-03-23 03:09:53.637281+00:00
2010-12-01,monthly,38.0,11290.0,297.10526315789474,989.0,796.0,804.8533872598584,,,statistical_bulletin_2026_01.xlsx,2026-01-01,Azerbaijan,AZE,CBAR statistical bulletin table 4.1,2026-03-23 03:09:53.637281+00:00
2011-01-01,annual,398.0,99279.0,249.44472361809045,19163.0,8569.0,447.1638052497,,,statistical_bulletin_2026_01.xlsx,2026-01-01,Azerbaijan,AZE,CBAR statistical bulletin table 4.1,2026-03-23 03:09:53.637281+00:00
2011-01-01,monthly,20.0,5459.0,272.95,852.0,430.0,504.6948356807511,,,statistical_bulletin_2026_01.xlsx,2026-01-01,Azerbaijan,AZE,CBAR statistical bulletin table 4.1,2026-03-23 03:09:53.637281+00:00
2011-02-01,monthly,25.0,6742.0,269.68,919.0,461.0,501.63220892274205,,,statistical_bulletin_2026_01.xlsx,2026-01-01,Azerbaijan,AZE,CBAR statistical bulletin table 4.1,2026-03-23 03:09:53.637281+00:00
2011-03-01,monthly,27.0,7966.0,295.037037037037,1082.0,540.0,499.0757855822551,,,statistical_bulletin_2026_01.xlsx,2026-01-01,Azerbaijan,AZE,CBAR statistical bulletin table 4.1,2026-03-23 03:09:53.637281+00:00
2011-04-01,monthly,32.0,6498.0,203.0625,1297.0,530.0,408.63531225905933,,,statistical_bulletin_2026_01.xlsx,2026-01-01,Azerbaijan,AZE,CBAR statistical bulletin table 4.1,2026-03-23 03:09:53.637281+00:00
2011-05-01,monthly,33.0,7638.0,231.45454545454547,1757.0,603.0,343.19863403528745,,,statistical_bulletin_2026_01.xlsx,2026-01-01,Azerbaijan,AZE,CBAR statistical bulletin table 4.1,2026-03-23 03:09:53.637281+00:00
2011-06-01,monthly,33.0,7341.0,222.45454545454547,1660.0,607.0,365.66265060240966,,,statistical_bulletin_2026_01.xlsx,2026-01-01,Azerbaijan,AZE,CBAR statistical bulletin table 4.1,2026-03-23 03:09:53.637281+00:00
2011-07-01,monthly,34.0,8048.0,236.7058823529412,1740.0,861.0,494.82758620689657,,,statistical_bulletin_2026_01.xlsx,2026-01-01,Azerbaijan,AZE,CBAR statistical bulletin table 4.1,2026-03-23 03:09:53.637281+00:00
2011-08-01,monthly,32.0,8162.0,255.0625,1842.0,831.0,451.1400651465798,,,statistical_bulletin_2026_01.xlsx,2026-01-01,Azerbaijan,AZE,CBAR statistical bulletin table 4.1,2026-03-23 03:09:53.637281+00:00
2011-09-01,monthly,35.0,9155.0,261.57142857142856,1973.0,899.0,455.65129244804865,,,statistical_bulletin_2026_01.xlsx,2026-01-01,Azerbaijan,AZE,CBAR statistical bulletin table 4.1,2026-03-23 03:09:53.637281+00:00
2011-10-01,monthly,36.0,7297.0,202.69444444444446,1838.0,857.0,466.26768226332973,,,statistical_bulletin_2026_01.xlsx,2026-01-01,Azerbaijan,AZE,CBAR statistical bulletin table 4.1,2026-03-23 03:09:53.637281+00:00
2011-11-01,monthly,37.0,7906.0,213.67567567567568,1957.0,835.0,426.67347981604496,,,statistical_bulletin_2026_01.xlsx,2026-01-01,Azerbaijan,AZE,CBAR statistical bulletin table 4.1,2026-03-23 03:09:53.637281+00:00
2011-12-01,monthly,54.0,17067.0,316.05555555555554,2246.0,1115.0,496.4381121994657,,,statistical_bulletin_2026_01.xlsx,2026-01-01,Azerbaijan,AZE,CBAR statistical bulletin table 4.1,2026-03-23 03:09:53.637281+00:00
2012-01-01,annual,495.0,106985.0,216.13131313131314,25631.0,11846.0,462.1747103117319,,,statistical_bulletin_2026_01.xlsx,2026-01-01,Azerbaijan,AZE,CBAR statistical bulletin table 4.1,2026-03-23 03:09:53.637281+00:00
2012-01-01,monthly,23.0,7292.0,317.04347826086956,2033.0,747.0,367.43728480078704,,,statistical_bulletin_2026_01.xlsx,2026-01-01,Azerbaijan,AZE,CBAR statistical bulletin table 4.1,2026-03-23 03:09:53.637281+00:00
2012-02-01,monthly,31.0,7836.0,252.7741935483871,2082.0,669.0,321.32564841498555,,,statistical_bulletin_2026_01.xlsx,2026-01-01,Azerbaijan,AZE,CBAR statistical bulletin table 4.1,2026-03-23 03:09:53.637281+00:00
2012-03-01,monthly,34.0,8378.0,246.41176470588235,1995.0,785.0,393.4837092731829,,,statistical_bulletin_2026_01.xlsx,2026-01-01,Azerbaijan,AZE,CBAR statistical bulletin table 4.1,2026-03-23 03:09:53.637281+00:00
2012-04-01,monthly,41.0,8739.0,213.14634146341464,1955.0,873.0,446.5473145780051,,,statistical_bulletin_2026_01.xlsx,2026-01-01,Azerbaijan,AZE,CBAR statistical bulletin table 4.1,2026-03-23 03:09:53.637281+00:00
2012-05-01,monthly,46.0,9024.0,196.17391304347825,2093.0,871.0,416.14906832298135,,,statistical_bulletin_2026_01.xlsx,2026-01-01,Azerbaijan,AZE,CBAR statistical bulletin table 4.1,2026-03-23 03:09:53.637281+00:00
2012-06-01,monthly,42.0,9208.0,219.23809523809524,1834.0,959.0,522.9007633587787,,,statistical_bulletin_2026_01.xlsx,2026-01-01,Azerbaijan,AZE,CBAR statistical bulletin table 4.1,2026-03-23 03:09:53.637281+00:00
2012-07-01,monthly,46.0,8856.0,192.52173913043478,2780.0,1044.0,375.53956834532374,,,statistical_bulletin_2026_01.xlsx,2026-01-01,Azerbaijan,AZE,CBAR statistical bulletin table 4.1,2026-03-23 03:09:53.637281+00:00
2012-08-01,monthly,41.0,8157.0,198.9512195121951,2098.0,1023.0,487.60724499523354,,,statistical_bulletin_2026_01.xlsx,2026-01-01,Azerbaijan,AZE,CBAR statistical bulletin table 4.1,2026-03-23 03:09:53.637281+00:00
2012-09-01,monthly,39.0,8996.0,230.66666666666666,1794.0,1046.0,583.0546265328874,,,statistical_bulletin_2026_01.xlsx,2026-01-01,Azerbaijan,AZE,CBAR statistical bulletin table 4.1,2026-03-23 03:09:53.637281+00:00
2012-10-01,monthly,43.0,8706.0,202.46511627906978,2301.0,1155.0,501.9556714471969,,,statistical_bulletin_2026_01.xlsx,2026-01-01,Azerbaijan,AZE,CBAR statistical bulletin table 4.1,2026-03-23 03:09:53.637281+00:00
2012-11-01,monthly,46.0,9264.0,201.3913043478261,2218.0,1144.0,515.7799819657349,,,statistical_bulletin_2026_01.xlsx,2026-01-01,Azerbaijan,AZE,CBAR statistical bulletin table 4.1,2026-03-23 03:09:53.637281+00:00
2012-12-01,monthly,63.0,12529.0,198.87301587301587,2448.0,1530.0,625.0,,,statistical_bulletin_2026_01.xlsx,2026-01-01,Azerbaijan,AZE,CBAR statistical bulletin table 4.1,2026-03-23 03:09:53.637281+00:00
2013-01-01,annual,522.0,113189.0,216.83716475095787,26735.0,14973.0,560.0523658126052,,,statistical_bulletin_2026_01.xlsx,2026-01-01,Azerbaijan,AZE,CBAR statistical bulletin table 4.1,2026-03-23 03:09:53.637281+00:00
2013-01-01,monthly,24.0,7594.0,316.4166666666667,2169.0,922.0,425.0806823420931,,,statistical_bulletin_2026_01.xlsx,2026-01-01,Azerbaijan,AZE,CBAR statistical bulletin table 4.1,2026-03-23 03:09:53.637281+00:00
2013-02-01,monthly,40.0,10197.0,254.925,2204.0,1074.0,487.29582577132487,,,statistical_bulletin_2026_01.xlsx,2026-01-01,Azerbaijan,AZE,CBAR statistical bulletin table 4.1,2026-03-23 03:09:53.637281+00:00
2013-03-01,monthly,39.0,8747.0,224.28205128205127,1989.0,1113.0,559.577677224736,,,statistical_bulletin_2026_01.xlsx,2026-01-01,Azerbaijan,AZE,CBAR statistical bulletin table 4.1,2026-03-23 03:09:53.637281+00:00
2013-04-01,monthly,45.0,9423.0,209.4,2402.0,1338.0,557.0358034970858,,,statistical_bulletin_2026_01.xlsx,2026-01-01,Azerbaijan,AZE,CBAR statistical bulletin table 4.1,2026-03-23 03:09:53.637281+00:00
2013-05-01,monthly,45.0,9344.0,207.64444444444445,2214.0,1216.0,549.2321589882565,,,statistical_bulletin_2026_01.xlsx,2026-01-01,Azerbaijan,AZE,CBAR statistical bulletin table 4.1,2026-03-23 03:09:53.637281+00:00
2013-06-01,monthly,40.0,8423.0,210.575,1839.0,1168.0,635.1277868406743,,,statistical_bulletin_2026_01.xlsx,2026-01-01,Azerbaijan,AZE,CBAR statistical bulletin table 4.1,2026-03-23 03:09:53.637281+00:00
2013-07-01,monthly,49.0,10457.0,213.40816326530611,2475.0,1397.0,564.4444444444445,,,statistical_bulletin_2026_01.xlsx,2026-01-01,Azerbaijan,AZE,CBAR statistical bulletin table 4.1,2026-03-23 03:09:53.637281+00:00
2013-08-01,monthly,41.0,9799.0,239.0,2017.0,1194.0,591.9682697074863,,,statistical_bulletin_2026_01.xlsx,2026-01-01,Azerbaijan,AZE,CBAR statistical bulletin table 4.1,2026-03-23 03:09:53.637281+00:00
2013-09-01,monthly,42.0,9316.0,221.8095238095238,2130.0,1204.0,565.2582159624413,,,statistical_bulletin_2026_01.xlsx,2026-01-01,Azerbaijan,AZE,CBAR statistical bulletin table 4.1,2026-03-23 03:09:53.637281+00:00
2013-10-01,monthly,46.0,9044.0,196.6086956521739,2313.0,1278.0,552.5291828793775,,,statistical_bulletin_2026_01.xlsx,2026-01-01,Azerbaijan,AZE,CBAR statistical bulletin table 4.1,2026-03-23 03:09:53.637281+00:00
2013-11-01,monthly,45.0,8548.0,189.95555555555555,2268.0,1456.0,641.9753086419753,,,statistical_bulletin_2026_01.xlsx,2026-01-01,Azerbaijan,AZE,CBAR statistical bulletin table 4.1,2026-03-23 03:09:53.637281+00:00
2013-12-01,monthly,66.0,12297.0,186.3181818181818,2715.0,1613.0,594.1068139963168,,,statistical_bulletin_2026_01.xlsx,2026-01-01,Azerbaijan,AZE,CBAR statistical bulletin table 4.1,2026-03-23 03:09:53.637281+00:00
2014-01-01,annual,515.0,104281.0,202.4873786407767,28270.0,15076.0,533.2861690838345,,,statistical_bulletin_2026_01.xlsx,2026-01-01,Azerbaijan,AZE,CBAR statistical bulletin table 4.1,2026-03-23 03:09:53.637281+00:00
2014-01-01,monthly,25.0,7650.0,306.0,2258.0,1053.0,466.3418954827281,,,statistical_bulletin_2026_01.xlsx,2026-01-01,Azerbaijan,AZE,CBAR statistical bulletin table 4.1,2026-03-23 03:09:53.637281+00:00
2014-02-01,monthly,41.0,9022.0,220.0487804878049,2253.0,1128.0,500.6657789613849,,,statistical_bulletin_2026_01.xlsx,2026-01-01,Azerbaijan,AZE,CBAR statistical bulletin table 4.1,2026-03-23 03:09:53.637281+00:00
2014-03-01,monthly,39.0,8398.0,215.33333333333334,2168.0,1191.0,549.3542435424355,,,statistical_bulletin_2026_01.xlsx,2026-01-01,Azerbaijan,AZE,CBAR statistical bulletin table 4.1,2026-03-23 03:09:53.637281+00:00
2014-04-01,monthly,45.0,8887.0,197.48888888888888,2452.0,1351.0,550.9787928221859,,,statistical_bulletin_2026_01.xlsx,2026-01-01,Azerbaijan,AZE,CBAR statistical bulletin table 4.1,2026-03-23 03:09:53.637281+00:00
2014-05-01,monthly,44.0,8287.0,188.3409090909091,2300.0,1207.0,524.7826086956522,,,statistical_bulletin_2026_01.xlsx,2026-01-01,Azerbaijan,AZE,CBAR statistical bulletin table 4.1,2026-03-23 03:09:53.637281+00:00
2014-06-01,monthly,42.0,10445.0,248.6904761904762,2226.0,1228.0,551.6621743036837,,,statistical_bulletin_2026_01.xlsx,2026-01-01,Azerbaijan,AZE,CBAR statistical bulletin table 4.1,2026-03-23 03:09:53.637281+00:00
2014-07-01,monthly,47.0,8580.0,182.5531914893617,2471.0,1344.0,543.9093484419265,,,statistical_bulletin_2026_01.xlsx,2026-01-01,Azerbaijan,AZE,CBAR statistical bulletin table 4.1,2026-03-23 03:09:53.637281+00:00
2014-08-01,monthly,40.0,7726.0,193.15,2261.0,1168.0,516.5855816010614,,,statistical_bulletin_2026_01.xlsx,2026-01-01,Azerbaijan,AZE,CBAR statistical bulletin table 4.1,2026-03-23 03:09:53.637281+00:00
2014-09-01,monthly,44.0,7739.0,175.88636363636363,2415.0,1220.0,505.175983436853,,,statistical_bulletin_2026_01.xlsx,2026-01-01,Azerbaijan,AZE,CBAR statistical bulletin table 4.1,2026-03-23 03:09:53.637281+00:00
2014-10-01,monthly,44.0,8123.0,184.61363636363637,2444.0,1325.0,542.1440261865794,,,statistical_bulletin_2026_01.xlsx,2026-01-01,Azerbaijan,AZE,CBAR statistical bulletin table 4.1,2026-03-23 03:09:53.637281+00:00
2014-11-01,monthly,42.0,8254.0,196.52380952380952,2242.0,1268.0,565.5664585191793,,,statistical_bulletin_2026_01.xlsx,2026-01-01,Azerbaijan,AZE,CBAR statistical bulletin table 4.1,2026-03-23 03:09:53.637281+00:00
2014-12-01,monthly,62.0,11170.0,180.16129032258064,2780.0,1593.0,573.021582733813,,,statistical_bulletin_2026_01.xlsx,2026-01-01,Azerbaijan,AZE,CBAR statistical bulletin table 4.1,2026-03-23 03:09:53.637281+00:00
2015-01-01,annual,489.0,121624.0,248.719836400818,29858.0,15033.0,503.4831535936768,,,statistical_bulletin_2026_01.xlsx,2026-01-01,Azerbaijan,AZE,CBAR statistical bulletin table 4.1,2026-03-23 03:09:53.637281+00:00
2015-01-01,monthly,21.0,7626.0,363.14285714285717,2331.0,1041.0,446.5894465894466,,,statistical_bulletin_2026_01.xlsx,2026-01-01,Azerbaijan,AZE,CBAR statistical bulletin table 4.1,2026-03-23 03:09:53.637281+00:00
2015-02-01,monthly,37.0,12730.0,344.05405405405406,2324.0,1103.0,474.61273666092944,,,statistical_bulletin_2026_01.xlsx,2026-01-01,Azerbaijan,AZE,CBAR statistical bulletin table 4.1,2026-03-23 03:09:53.637281+00:00
2015-03-01,monthly,40.0,10629.0,265.725,2461.0,1202.0,488.41934173100367,,,statistical_bulletin_2026_01.xlsx,2026-01-01,Azerbaijan,AZE,CBAR statistical bulletin table 4.1,2026-03-23 03:09:53.637281+00:00
2015-04-01,monthly,44.0,10992.0,249.8181818181818,2595.0,1400.0,539.4990366088632,,,statistical_bulletin_2026_01.xlsx,2026-01-01,Azerbaijan,AZE,CBAR statistical bulletin table 4.1,2026-03-23 03:09:53.637281+00:00
2015-05-01,monthly,38.0,7371.0,193.97368421052633,2361.0,1184.0,501.0,,,statistical_bulletin_2026_01.xlsx,2026-01-01,Azerbaijan,AZE,CBAR statistical bulletin table 4.1,2026-03-23 03:09:53.637281+00:00
2015-06-01,monthly,41.0,7793.0,190.0731707317073,2559.0,1245.0,486.5,,,statistical_bulletin_2026_01.xlsx,2026-01-01,Azerbaijan,AZE,CBAR statistical bulletin table 4.1,2026-03-23 03:09:53.637281+00:00
2015-07-01,monthly,41.0,7840.0,191.21951219512195,2693.0,1417.0,526.2,,,statistical_bulletin_2026_01.xlsx,2026-01-01,Azerbaijan,AZE,CBAR statistical bulletin table 4.1,2026-03-23 03:09:53.637281+00:00
2015-08-01,monthly,38.0,9887.0,260.0,2471.0,1139.0,461.0,,,statistical_bulletin_2026_01.xlsx,2026-01-01,Azerbaijan,AZE,CBAR statistical bulletin table 4.1,2026-03-23 03:09:53.637281+00:00
2015-09-01,monthly,40.0,10125.0,253.125,2296.0,1165.0,507.0,,,statistical_bulletin_2026_01.xlsx,2026-01-01,Azerbaijan,AZE,CBAR statistical bulletin table 4.1,2026-03-23 03:09:53.637281+00:00
2015-10-01,monthly,46.0,12883.0,280.065217391304,2363.0,1434.0,606.8556919170546,,,statistical_bulletin_2026_01.xlsx,2026-01-01,Azerbaijan,AZE,CBAR statistical bulletin table 4.1,2026-03-23 03:09:53.637281+00:00
2015-11-01,monthly,42.0,8690.0,206.904761904762,2589.0,1248.0,482.0393974507532,,,statistical_bulletin_2026_01.xlsx,2026-01-01,Azerbaijan,AZE,CBAR statistical bulletin table 4.1,2026-03-23 03:09:53.637281+00:00
2015-12-01,monthly,61.0,15058.0,246.852459016393,2815.0,1455.0,516.8738898756661,,,statistical_bulletin_2026_01.xlsx,2026-01-01,Azerbaijan,AZE,CBAR statistical bulletin table 4.1,2026-03-23 03:09:53.637281+00:00
2016-01-01,annual,574.0,131962.0,229.89895470383274,32628.0,16103.0,493.533161701606,,,statistical_bulletin_2026_01.xlsx,2026-01-01,Azerbaijan,AZE,CBAR statistical bulletin table 4.1,2026-03-23 03:09:53.637281+00:00
2016-01-01,monthly,24.0,10478.0,436.5833333333333,2309.0,960.0,415.7644001732352,,,statistical_bulletin_2026_01.xlsx,2026-01-01,Azerbaijan,AZE,CBAR statistical bulletin table 4.1,2026-03-23 03:09:53.637281+00:00
2016-02-01,monthly,38.0,9202.0,242.1578947368421,2695.0,1124.0,417.06864564007424,,,statistical_bulletin_2026_01.xlsx,2026-01-01,Azerbaijan,AZE,CBAR statistical bulletin table 4.1,2026-03-23 03:09:53.637281+00:00
2016-03-01,monthly,42.0,8674.0,206.52380952380952,2559.0,1181.0,461.50840171942167,,,statistical_bulletin_2026_01.xlsx,2026-01-01,Azerbaijan,AZE,CBAR statistical bulletin table 4.1,2026-03-23 03:09:53.637281+00:00
2016-04-01,monthly,45.0,7108.0,157.95555555555555,2532.0,1300.0,513.4281200631912,,,statistical_bulletin_2026_01.xlsx,2026-01-01,Azerbaijan,AZE,CBAR statistical bulletin table 4.1,2026-03-23 03:09:53.637281+00:00
2016-05-01,monthly,50.0,16787.0,335.74,2740.0,1230.0,448.9051094890511,,,statistical_bulletin_2026_01.xlsx,2026-01-01,Azerbaijan,AZE,CBAR statistical bulletin table 4.1,2026-03-23 03:09:53.637281+00:00
2016-06-01,monthly,52.0,7661.0,147.32692307692307,2662.0,1325.0,497.7460555972953,,,statistical_bulletin_2026_01.xlsx,2026-01-01,Azerbaijan,AZE,CBAR statistical bulletin table 4.1,2026-03-23 03:09:53.637281+00:00
2016-07-01,monthly,49.0,16792.0,342.6938775510204,2677.0,1398.0,522.2263728053792,,,statistical_bulletin_2026_01.xlsx,2026-01-01,Azerbaijan,AZE,CBAR statistical bulletin table 4.1,2026-03-23 03:09:53.637281+00:00
2016-08-01,monthly,48.0,8840.0,184.16666666666666,3005.0,1462.0,486.522462562396,,,statistical_bulletin_2026_01.xlsx,2026-01-01,Azerbaijan,AZE,CBAR statistical bulletin table 4.1,2026-03-23 03:09:53.637281+00:00
2016-09-01,monthly,47.0,11218.0,238.68085106382978,2557.0,1405.0,549.4720375439969,,,statistical_bulletin_2026_01.xlsx,2026-01-01,Azerbaijan,AZE,CBAR statistical bulletin table 4.1,2026-03-23 03:09:53.637281+00:00
2016-10-01,monthly,52.0,9550.0,183.65384615384616,2872.0,1438.0,500.6963788300836,,,statistical_bulletin_2026_01.xlsx,2026-01-01,Azerbaijan,AZE,CBAR statistical bulletin table 4.1,2026-03-23 03:09:53.637281+00:00
2016-11-01,monthly,55.0,8617.0,156.6727272727273,2959.0,1472.0,497.4653599188915,,,statistical_bulletin_2026_01.xlsx,2026-01-01,Azerbaijan,AZE,CBAR statistical bulletin table 4.1,2026-03-23 03:09:53.637281+00:00
2016-12-01,monthly,72.0,17035.0,236.59722222222223,3061.0,1808.0,590.6566481541979,,,statistical_bulletin_2026_01.xlsx,2026-01-01,Azerbaijan,AZE,CBAR statistical bulletin table 4.1,2026-03-23 03:09:53.637281+00:00
2017-01-01,annual,747.0,191293.0,256.08165997322624,37228.0,18883.0,507.225744063608,,,statistical_bulletin_2026_01.xlsx,2026-01-01,Azerbaijan,AZE,CBAR statistical bulletin table 4.1,2026-03-23 03:09:53.637281+00:00
2017-01-01,monthly,34.0,13988.0,411.4117647058824,2826.0,1056.0,373.6730360934182,,,statistical_bulletin_2026_01.xlsx,2026-01-01,Azerbaijan,AZE,CBAR statistical bulletin table 4.1,2026-03-23 03:09:53.637281+00:00
2017-02-01,monthly,54.0,9805.0,181.57407407407408,2855.0,1258.0,440.63047285464097,,,statistical_bulletin_2026_01.xlsx,2026-01-01,Azerbaijan,AZE,CBAR statistical bulletin table 4.1,2026-03-23 03:09:53.637281+00:00
2017-03-01,monthly,59.0,11052.0,187.32203389830508,3172.0,1341.0,422.76166456494326,,,statistical_bulletin_2026_01.xlsx,2026-01-01,Azerbaijan,AZE,CBAR statistical bulletin table 4.1,2026-03-23 03:09:53.637281+00:00
2017-04-01,monthly,58.0,10548.0,181.86206896551724,3137.0,1442.0,459.67484858144724,,,statistical_bulletin_2026_01.xlsx,2026-01-01,Azerbaijan,AZE,CBAR statistical bulletin table 4.1,2026-03-23 03:09:53.637281+00:00
2017-05-01,monthly,63.0,15161.0,240.65079365079364,3464.0,1596.0,460.7390300230947,,,statistical_bulletin_2026_01.xlsx,2026-01-01,Azerbaijan,AZE,CBAR statistical bulletin table 4.1,2026-03-23 03:09:53.637281+00:00
2017-06-01,monthly,62.0,12585.0,202.98387096774192,2881.0,1507.0,523.0822631030893,,,statistical_bulletin_2026_01.xlsx,2026-01-01,Azerbaijan,AZE,CBAR statistical bulletin table 4.1,2026-03-23 03:09:53.637281+00:00
2017-07-01,monthly,67.0,20488.0,305.7910447761194,3327.0,1994.0,599.3387436128644,,,statistical_bulletin_2026_01.xlsx,2026-01-01,Azerbaijan,AZE,CBAR statistical bulletin table 4.1,2026-03-23 03:09:53.637281+00:00
2017-08-01,monthly,64.0,16044.0,250.6875,3298.0,1743.0,528.5021224984839,,,statistical_bulletin_2026_01.xlsx,2026-01-01,Azerbaijan,AZE,CBAR statistical bulletin table 4.1,2026-03-23 03:09:53.637281+00:00
2017-09-01,monthly,60.0,14618.0,243.63333333333333,2976.0,1604.0,538.9784946236559,,,statistical_bulletin_2026_01.xlsx,2026-01-01,Azerbaijan,AZE,CBAR statistical bulletin table 4.1,2026-03-23 03:09:53.637281+00:00
2017-10-01,monthly,68.0,18098.0,266.1470588235294,3115.0,1730.0,555.3772070626003,,,statistical_bulletin_2026_01.xlsx,2026-01-01,Azerbaijan,AZE,CBAR statistical bulletin table 4.1,2026-03-23 03:09:53.637281+00:00
2017-11-01,monthly,70.0,19006.0,271.51428571428573,3026.0,1689.0,558.1625908790483,,,statistical_bulletin_2026_01.xlsx,2026-01-01,Azerbaijan,AZE,CBAR statistical bulletin table 4.1,2026-03-23 03:09:53.637281+00:00
2017-12-01,monthly,88.0,29900.0,339.77272727272725,3151.0,1923.0,610.282450015868,,,statistical_bulletin_2026_01.xlsx,2026-01-01,Azerbaijan,AZE,CBAR statistical bulletin table 4.1,2026-03-23 03:09:53.637281+00:00
2018-01-01,annual,820.0,252563.0,308.00365853658536,39115.0,21848.0,558.5580979164004,,,statistical_bulletin_2026_01.xlsx,2026-01-01,Azerbaijan,AZE,CBAR statistical bulletin table 4.1,2026-03-23 03:09:53.637281+00:00
2018-01-01,monthly,41.0,15557.0,379.4390243902439,3037.0,1310.0,431.3467237405334,,,statistical_bulletin_2026_01.xlsx,2026-01-01,Azerbaijan,AZE,CBAR statistical bulletin table 4.1,2026-03-23 03:09:53.637281+00:00
2018-02-01,monthly,55.0,18479.0,335.9818181818182,2814.0,1417.0,503.5536602700782,,,statistical_bulletin_2026_01.xlsx,2026-01-01,Azerbaijan,AZE,CBAR statistical bulletin table 4.1,2026-03-23 03:09:53.637281+00:00
2018-03-01,monthly,63.0,20123.0,319.41269841269843,2866.0,1611.0,562.1074668527565,,,statistical_bulletin_2026_01.xlsx,2026-01-01,Azerbaijan,AZE,CBAR statistical bulletin table 4.1,2026-03-23 03:09:53.637281+00:00
2018-04-01,monthly,67.0,20627.0,307.86567164179104,2981.0,1902.0,638.0409258638041,,,statistical_bulletin_2026_01.xlsx,2026-01-01,Azerbaijan,AZE,CBAR statistical bulletin table 4.1,2026-03-23 03:09:53.637281+00:00
2018-05-01,monthly,75.0,22288.0,297.17333333333335,3209.0,1786.0,556.5596759114989,,,statistical_bulletin_2026_01.xlsx,2026-01-01,Azerbaijan,AZE,CBAR statistical bulletin table 4.1,2026-03-23 03:09:53.637281+00:00
2018-06-01,monthly,66.0,18201.0,275.77272727272725,2689.0,1635.0,608.0327259204165,,,statistical_bulletin_2026_01.xlsx,2026-01-01,Azerbaijan,AZE,CBAR statistical bulletin table 4.1,2026-03-23 03:09:53.637281+00:00
2018-07-01,monthly,77.0,21448.0,278.54545454545456,3516.0,1935.0,550.3412969283277,,,statistical_bulletin_2026_01.xlsx,2026-01-01,Azerbaijan,AZE,CBAR statistical bulletin table 4.1,2026-03-23 03:09:53.637281+00:00
2018-08-01,monthly,69.0,20962.0,303.7971014492754,3211.0,1829.0,569.6044845842416,,,statistical_bulletin_2026_01.xlsx,2026-01-01,Azerbaijan,AZE,CBAR statistical bulletin table 4.1,2026-03-23 03:09:53.637281+00:00
2018-09-01,monthly,65.0,18700.0,287.6923076923077,3086.0,1834.0,594.296824368114,,,statistical_bulletin_2026_01.xlsx,2026-01-01,Azerbaijan,AZE,CBAR statistical bulletin table 4.1,2026-03-23 03:09:53.637281+00:00
2018-10-01,monthly,75.0,25815.0,344.2,3983.0,2112.0,530.2535777052473,,,statistical_bulletin_2026_01.xlsx,2026-01-01,Azerbaijan,AZE,CBAR statistical bulletin table 4.1,2026-03-23 03:09:53.637281+00:00
2018-11-01,monthly,74.0,23972.0,323.94594594594594,3787.0,2006.0,529.7068919989438,,,statistical_bulletin_2026_01.xlsx,2026-01-01,Azerbaijan,AZE,CBAR statistical bulletin table 4.1,2026-03-23 03:09:53.637281+00:00
2018-12-01,monthly,93.0,26391.0,283.7741935483871,3936.0,2471.0,627.7947154471544,,,statistical_bulletin_2026_01.xlsx,2026-01-01,Azerbaijan,AZE,CBAR statistical bulletin table 4.1,2026-03-23 03:09:53.637281+00:00
2019-01-01,annual,894.0,232236.0,259.7718120805369,55721.0,26482.0,475.26067371368066,,,statistical_bulletin_2026_01.xlsx,2026-01-01,Azerbaijan,AZE,CBAR statistical bulletin table 4.1,2026-03-23 03:09:53.637281+00:00
2019-01-01,monthly,49.0,21759.0,444.0612244897959,4072.0,1695.0,416.2573673870334,,,statistical_bulletin_2026_01.xlsx,2026-01-01,Azerbaijan,AZE,CBAR statistical bulletin table 4.1,2026-03-23 03:09:53.637281+00:00
2019-02-01,monthly,66.0,19680.0,298.1818181818182,3913.0,1674.0,427.8047533861488,,,statistical_bulletin_2026_01.xlsx,2026-01-01,Azerbaijan,AZE,CBAR statistical bulletin table 4.1,2026-03-23 03:09:53.637281+00:00
2019-03-01,monthly,64.0,18365.0,286.953125,3885.0,1753.0,451.2226512226512,,,statistical_bulletin_2026_01.xlsx,2026-01-01,Azerbaijan,AZE,CBAR statistical bulletin table 4.1,2026-03-23 03:09:53.637281+00:00
2019-04-01,monthly,77.0,18921.0,245.72727272727272,4676.0,2237.0,478.40034217279725,,,statistical_bulletin_2026_01.xlsx,2026-01-01,Azerbaijan,AZE,CBAR statistical bulletin table 4.1,2026-03-23 03:09:53.637281+00:00
2019-05-01,monthly,78.0,20960.0,268.71794871794873,4583.0,2144.0,467.8158411520838,,,statistical_bulletin_2026_01.xlsx,2026-01-01,Azerbaijan,AZE,CBAR statistical bulletin table 4.1,2026-03-23 03:09:53.637281+00:00
2019-06-01,monthly,65.0,20150.0,310.0,3850.0,1979.0,514.025974025974,,,statistical_bulletin_2026_01.xlsx,2026-01-01,Azerbaijan,AZE,CBAR statistical bulletin table 4.1,2026-03-23 03:09:53.637281+00:00
2019-07-01,monthly,85.0,17768.0,209.03529411764706,5361.0,2504.0,467.07703786606976,,,statistical_bulletin_2026_01.xlsx,2026-01-01,Azerbaijan,AZE,CBAR statistical bulletin table 4.1,2026-03-23 03:09:53.637281+00:00
2019-08-01,monthly,71.0,17831.0,251.14084507042253,4636.0,2210.0,476.70405522001727,,,statistical_bulletin_2026_01.xlsx,2026-01-01,Azerbaijan,AZE,CBAR statistical bulletin table 4.1,2026-03-23 03:09:53.637281+00:00
2019-09-01,monthly,73.0,17128.0,234.63013698630138,4789.0,2289.0,477.97034871580706,,,statistical_bulletin_2026_01.xlsx,2026-01-01,Azerbaijan,AZE,CBAR statistical bulletin table 4.1,2026-03-23 03:09:53.637281+00:00
2019-10-01,monthly,83.0,20557.0,247.67469879518072,5189.0,2530.0,487.56985931778763,,,statistical_bulletin_2026_01.xlsx,2026-01-01,Azerbaijan,AZE,CBAR statistical bulletin table 4.1,2026-03-23 03:09:53.637281+00:00
2019-11-01,monthly,74.0,17925.0,242.22972972972974,4842.0,2300.0,475.0103263114416,,,statistical_bulletin_2026_01.xlsx,2026-01-01,Azerbaijan,AZE,CBAR statistical bulletin table 4.1,2026-03-23 03:09:53.637281+00:00
2019-12-01,monthly,109.0,21192.0,194.42201834862385,5925.0,3167.0,534.5147679324895,,,statistical_bulletin_2026_01.xlsx,2026-01-01,Azerbaijan,AZE,CBAR statistical bulletin table 4.1,2026-03-23 03:09:53.637281+00:00
2020-01-01,annual,908.0,195570.0,215.38546255506608,58917.0,27831.0,472.3763939100769,,,statistical_bulletin_2026_01.xlsx,2026-01-01,Azerbaijan,AZE,CBAR statistical bulletin table 4.1,2026-03-23 03:09:53.637281+00:00
2020-01-01,monthly,51.0,13109.0,257.03921568627453,5030.0,2026.0,402.7833001988071,,,statistical_bulletin_2026_01.xlsx,2026-01-01,Azerbaijan,AZE,CBAR statistical bulletin table 4.1,2026-03-23 03:09:53.637281+00:00
2020-01-01,quarterly,,,,,,,,,statistical_bulletin_2026_01.xlsx,2026-01-01,Azerbaijan,AZE,CBAR statistical bulletin table 4.1,2026-03-23 03:09:53.637281+00:00
2020-02-01,monthly,70.0,13823.0,197.47142857142856,4704.0,2132.0,453.23129251700675,,,statistical_bulletin_2026_01.xlsx,2026-01-01,Azerbaijan,AZE,CBAR statistical bulletin table 4.1,2026-03-23 03:09:53.637281+00:00
2020-03-01,monthly,71.0,21980.0,309.5774647887324,4586.0,2233.0,486.9167030091583,,,statistical_bulletin_2026_01.xlsx,2026-01-01,Azerbaijan,AZE,CBAR statistical bulletin table 4.1,2026-03-23 03:09:53.637281+00:00
2020-04-01,monthly,62.0,15118.0,243.83870967741936,3825.0,2206.0,576.7320261437908,,,statistical_bulletin_2026_01.xlsx,2026-01-01,Azerbaijan,AZE,CBAR statistical bulletin table 4.1,2026-03-23 03:09:53.637281+00:00
2020-05-01,monthly,58.0,14215.0,245.08620689655172,4522.0,2134.0,471.9150818222025,,,statistical_bulletin_2026_01.xlsx,2026-01-01,Azerbaijan,AZE,CBAR statistical bulletin table 4.1,2026-03-23 03:09:53.637281+00:00
2020-06-01,monthly,71.0,15282.0,215.2394366197183,4617.0,2200.0,476.4998917045701,,,statistical_bulletin_2026_01.xlsx,2026-01-01,Azerbaijan,AZE,CBAR statistical bulletin table 4.1,2026-03-23 03:09:53.637281+00:00
2020-07-01,monthly,80.0,17417.0,217.7125,4870.0,2464.0,505.9548254620123,,,statistical_bulletin_2026_01.xlsx,2026-01-01,Azerbaijan,AZE,CBAR statistical bulletin table 4.1,2026-03-23 03:09:53.637281+00:00
2020-08-01,monthly,77.0,14734.0,191.35064935064935,5239.0,2260.0,431.38003435770185,,,statistical_bulletin_2026_01.xlsx,2026-01-01,Azerbaijan,AZE,CBAR statistical bulletin table 4.1,2026-03-23 03:09:53.637281+00:00
2020-09-01,monthly,83.0,15866.0,191.15662650602408,5277.0,2358.0,446.84479818078455,,,statistical_bulletin_2026_01.xlsx,2026-01-01,Azerbaijan,AZE,CBAR statistical bulletin table 4.1,2026-03-23 03:09:53.637281+00:00
2020-10-01,monthly,85.0,17037.0,200.43529411764706,5057.0,2516.0,497.5281787621119,4.39,13.6,statistical_bulletin_2026_01.xlsx,2026-01-01,Azerbaijan,AZE,CBAR statistical bulletin table 4.1,2026-03-23 03:09:53.637281+00:00
2020-11-01,monthly,80.0,15154.0,189.425,5244.0,2411.0,459.76353928299005,4.332,17.0,statistical_bulletin_2026_01.xlsx,2026-01-01,Azerbaijan,AZE,CBAR statistical bulletin table 4.1,2026-03-23 03:09:53.637281+00:00
2020-12-01,monthly,120.0,21835.0,181.95833333333334,5946.0,2891.0,486.209216279852,4.893,17.3,statistical_bulletin_2026_01.xlsx,2026-01-01,Azerbaijan,AZE,CBAR statistical bulletin table 4.1,2026-03-23 03:09:53.637281+00:00
2021-01-01,annual,1113.0,183756.0,165.09973045822102,69639.0,33906.0,486.88235040709947,117.0,280.0,statistical_bulletin_2026_01.xlsx,2026-01-01,Azerbaijan,AZE,CBAR statistical bulletin table 4.1,2026-03-23 03:09:53.637281+00:00
2021-01-01,monthly,51.0,13785.0,270.29411764705884,5415.0,2267.0,418.65189289012005,5.0,15.0,statistical_bulletin_2026_01.xlsx,2026-01-01,Azerbaijan,AZE,CBAR statistical bulletin table 4.1,2026-03-23 03:09:53.637281+00:00
2021-02-01,monthly,76.0,12400.0,163.1578947368421,5778.0,2183.0,377.8123918310834,5.0,13.0,statistical_bulletin_2026_01.xlsx,2026-01-01,Azerbaijan,AZE,CBAR statistical bulletin table 4.1,2026-03-23 03:09:53.637281+00:00
2021-03-01,monthly,82.0,14508.0,176.9268292682927,6668.0,2629.0,394.2711457708458,6.0,15.0,statistical_bulletin_2026_01.xlsx,2026-01-01,Azerbaijan,AZE,CBAR statistical bulletin table 4.1,2026-03-23 03:09:53.637281+00:00
2021-04-01,monthly,90.0,14052.0,156.13333333333333,6425.0,2867.0,446.2256809338521,7.0,21.0,statistical_bulletin_2026_01.xlsx,2026-01-01,Azerbaijan,AZE,CBAR statistical bulletin table 4.1,2026-03-23 03:09:53.637281+00:00
2021-05-01,monthly,79.0,12880.0,163.0379746835443,5086.0,2551.0,501.5729453401494,7.0,15.0,statistical_bulletin_2026_01.xlsx,2026-01-01,Azerbaijan,AZE,CBAR statistical bulletin table 4.1,2026-03-23 03:09:53.637281+00:00
2021-06-01,monthly,93.0,15547.0,167.1720430107527,5688.0,2822.0,496.13220815752464,7.0,18.0,statistical_bulletin_2026_01.xlsx,2026-01-01,Azerbaijan,AZE,CBAR statistical bulletin table 4.1,2026-03-23 03:09:53.637281+00:00
2021-07-01,monthly,98.0,14643.0,149.41836734693877,4956.0,2998.0,604.9233252623083,8.0,20.0,statistical_bulletin_2026_01.xlsx,2026-01-01,Azerbaijan,AZE,CBAR statistical bulletin table 4.1,2026-03-23 03:09:53.637281+00:00
2021-08-01,monthly,95.0,13210.0,139.05263157894737,5761.0,2686.0,466.23850026037144,11.0,26.0,statistical_bulletin_2026_01.xlsx,2026-01-01,Azerbaijan,AZE,CBAR statistical bulletin table 4.1,2026-03-23 03:09:53.637281+00:00
2021-09-01,monthly,99.0,14417.0,145.62626262626262,5510.0,2848.0,516.8784029038112,11.0,26.0,statistical_bulletin_2026_01.xlsx,2026-01-01,Azerbaijan,AZE,CBAR statistical bulletin table 4.1,2026-03-23 03:09:53.637281+00:00
2021-10-01,monthly,101.0,16235.0,160.74257425742573,5623.0,3255.0,578.8724879957317,13.0,30.0,statistical_bulletin_2026_01.xlsx,2026-01-01,Azerbaijan,AZE,CBAR statistical bulletin table 4.1,2026-03-23 03:09:53.637281+00:00
2021-11-01,monthly,107.0,15818.0,147.83177570093457,6119.0,2762.0,451.3809445987906,17.0,29.0,statistical_bulletin_2026_01.xlsx,2026-01-01,Azerbaijan,AZE,CBAR statistical bulletin table 4.1,2026-03-23 03:09:53.637281+00:00
2021-12-01,monthly,142.0,26261.0,184.93661971830986,6610.0,4038.0,610.89258698941,20.0,52.0,statistical_bulletin_2026_01.xlsx,2026-01-01,Azerbaijan,AZE,CBAR statistical bulletin table 4.1,2026-03-23 03:09:53.637281+00:00
2022-01-01,annual,1358.6459999999997,300066.268713,220.85684476530315,95896.628,41939.117450000005,437.3367273143328,337.32900000000006,549.635376,statistical_bulletin_2026_01.xlsx,2026-01-01,Azerbaijan,AZE,CBAR statistical bulletin table 4.1,2026-03-23 03:09:53.637281+00:00
2022-01-01,monthly,67.0,17426.0,260.089552238806,6018.0,2948.0,489.8637421070123,16.0,31.0,statistical_bulletin_2026_01.xlsx,2026-01-01,Azerbaijan,AZE,CBAR statistical bulletin table 4.1,2026-03-23 03:09:53.637281+00:00
2022-02-01,monthly,95.0,16543.0,174.13684210526316,5920.0,2665.0,450.1689189189189,18.0,31.0,statistical_bulletin_2026_01.xlsx,2026-01-01,Azerbaijan,AZE,CBAR statistical bulletin table 4.1,2026-03-23 03:09:53.637281+00:00
2022-03-01,monthly,104.0,23466.0,225.6346153846154,6286.0,3302.0,525.294304804327,22.0,35.0,statistical_bulletin_2026_01.xlsx,2026-01-01,Azerbaijan,AZE,CBAR statistical bulletin table 4.1,2026-03-23 03:09:53.637281+00:00
2022-04-01,monthly,112.12,20839.326283,185.86627080806278,6480.875,3425.606015,528.5715300788859,25.18,42.958795,statistical_bulletin_2026_01.xlsx,2026-01-01,Azerbaijan,AZE,CBAR statistical bulletin table 4.1,2026-03-23 03:09:53.637281+00:00
2022-05-01,monthly,103.633,16256.340834,156.86452031688748,6720.664,3242.397328,482.45193153533637,24.11,39.065194,statistical_bulletin_2026_01.xlsx,2026-01-01,Azerbaijan,AZE,CBAR statistical bulletin table 4.1,2026-03-23 03:09:53.637281+00:00
2022-06-01,monthly,116.784,14850.078053,127.15849819324563,6751.238,3257.912492,482.56519648692574,27.385,45.560266,statistical_bulletin_2026_01.xlsx,2026-01-01,Azerbaijan,AZE,CBAR statistical bulletin table 4.1,2026-03-23 03:09:53.637281+00:00
2022-07-01,monthly,110.021,15694.884866,142.6535376519028,6965.457,3536.906155,507.77804744182606,30.625,50.419568,statistical_bulletin_2026_01.xlsx,2026-01-01,Azerbaijan,AZE,CBAR statistical bulletin table 4.1,2026-03-23 03:09:53.637281+00:00
2022-08-01,monthly,121.154,15361.737681,126.79513413506777,9746.189,3436.945381,352.64505757070793,31.246,50.17809,statistical_bulletin_2026_01.xlsx,2026-01-01,Azerbaijan,AZE,CBAR statistical bulletin table 4.1,2026-03-23 03:09:53.637281+00:00
2022-09-01,monthly,118.939,33364.511722,280.5178429447028,9486.771,3224.034832,339.8453311458661,32.095,47.609662,statistical_bulletin_2026_01.xlsx,2026-01-01,Azerbaijan,AZE,CBAR statistical bulletin table 4.1,2026-03-23 03:09:53.637281+00:00
2022-10-01,monthly,119.469,36943.431165,309.2302703211712,11063.34,3664.3454,331.2151122536232,30.833,45.243551,statistical_bulletin_2026_01.xlsx,2026-01-01,Azerbaijan,AZE,CBAR statistical bulletin table 4.1,2026-03-23 03:09:53.637281+00:00
2022-11-01,monthly,125.406,39324.417258,313.57684048610116,9989.226,3814.871276,381.89858513562507,34.108,49.752963,statistical_bulletin_2026_01.xlsx,2026-01-01,Azerbaijan,AZE,CBAR statistical bulletin table 4.1,2026-03-23 03:09:53.637281+00:00
2022-12-01,monthly,165.12,49996.540851,302.789128215843,10468.868,5421.098571,517.830444609675,45.747,81.847287,statistical_bulletin_2026_01.xlsx,2026-01-01,Azerbaijan,AZE,CBAR statistical bulletin table 4.1,2026-03-23 03:09:53.637281+00:00
2023-01-01,annual,2119.401,716310.877478,337.9779840992809,145036.74300000002,49011.95576099999,337.92785708791035,587.6179999999999,1054.408682,statistical_bulletin_2026_01.xlsx,2026-01-01,Azerbaijan,AZE,CBAR statistical bulletin table 4.1,2026-03-23 03:09:53.637281+00:00
2023-01-01,monthly,91.108,36660.706983,402.3873532840145,10204.353,3647.549104,357.4503061585581,40.294,53.433327,statistical_bulletin_2026_01.xlsx,2026-01-01,Azerbaijan,AZE,CBAR statistical bulletin table 4.1,2026-03-23 03:09:53.637281+00:00
2023-02-01,monthly,160.445,37145.696744,231.51669883137527,10531.706,3214.108857,305.18406581042046,45.042,140.542921,statistical_bulletin_2026_01.xlsx,2026-01-01,Azerbaijan,AZE,CBAR statistical bulletin table 4.1,2026-03-23 03:09:53.637281+00:00
2023-03-01,monthly,178.484,41829.277487,234.35869594473454,11058.907,3814.569745,344.9318947161776,51.276,195.251194,statistical_bulletin_2026_01.xlsx,2026-01-01,Azerbaijan,AZE,CBAR statistical bulletin table 4.1,2026-03-23 03:09:53.637281+00:00
2023-04-01,monthly,162.117,40483.132396,249.71552888346073,10624.512,3984.703051,375.04810112690353,46.592,72.627515,statistical_bulletin_2026_01.xlsx,2026-01-01,Azerbaijan,AZE,CBAR statistical bulletin table 4.1,2026-03-23 03:09:53.637281+00:00
2023-05-01,monthly,181.455,45947.633056,253.21778433220356,12614.641,3770.752694,298.9187479849803,51.449,76.014281,statistical_bulletin_2026_01.xlsx,2026-01-01,Azerbaijan,AZE,CBAR statistical bulletin table 4.1,2026-03-23 03:09:53.637281+00:00
2023-06-01,monthly,178.196,38896.040908,218.276734090552,12206.166,3669.909665,300.660310944485,48.165,75.469903,statistical_bulletin_2026_01.xlsx,2026-01-01,Azerbaijan,AZE,CBAR statistical bulletin table 4.1,2026-03-23 03:09:53.637281+00:00
2023-07-01,monthly,178.067,48385.682926,271.72739994496453,15076.252,4537.623846,300.9782435316152,48.702,76.798392,statistical_bulletin_2026_01.xlsx,2026-01-01,Azerbaijan,AZE,CBAR statistical bulletin table 4.1,2026-03-23 03:09:53.637281+00:00
2023-08-01,monthly,181.157,59812.890207,330.1715650347488,12575.755,4482.07867,356.4063286856336,49.209,74.161629,statistical_bulletin_2026_01.xlsx,2026-01-01,Azerbaijan,AZE,CBAR statistical bulletin table 4.1,2026-03-23 03:09:53.637281+00:00
2023-09-01,monthly,172.116,73784.507657,428.6905787782658,11811.055,4120.426931,348.8618866815877,47.107,68.687236,statistical_bulletin_2026_01.xlsx,2026-01-01,Azerbaijan,AZE,CBAR statistical bulletin table 4.1,2026-03-23 03:09:53.637281+00:00
2023-10-01,monthly,186.504,81116.384446,434.93107089392186,13151.196,4445.885547,338.05940896934396,51.402,67.922317,statistical_bulletin_2026_01.xlsx,2026-01-01,Azerbaijan,AZE,CBAR statistical bulletin table 4.1,2026-03-23 03:09:53.637281+00:00
2023-11-01,monthly,184.057,98807.544633,536.8312242022852,12260.946,4066.121197,331.63193092931004,49.743,71.27946,statistical_bulletin_2026_01.xlsx,2026-01-01,Azerbaijan,AZE,CBAR statistical bulletin table 4.1,2026-03-23 03:09:53.637281+00:00
2023-12-01,monthly,265.695,113441.380035,426.96091396149717,12921.254,5258.226454,406.9439741684514,58.637,82.220507,statistical_bulletin_2026_01.xlsx,2026-01-01,Azerbaijan,AZE,CBAR statistical bulletin table 4.1,2026-03-23 03:09:53.637281+00:00
2024-01-01,annual,2226.751,705835.568488,316.98001639518736,165537.513,52952.12495899999,319.8799112017588,800.7139999999999,1372.586205,statistical_bulletin_2026_01.xlsx,2026-01-01,Azerbaijan,AZE,CBAR statistical bulletin table 4.1,2026-03-23 03:09:53.637281+00:00
2024-01-01,monthly,111.621,63231.802595,566.4866162729236,12173.221,3804.033544,312.491948022631,51.305,67.108133,statistical_bulletin_2026_01.xlsx,2026-01-01,Azerbaijan,AZE,CBAR statistical bulletin table 4.1,2026-03-23 03:09:53.637281+00:00
2024-02-01,monthly,176.433,72933.747545,413.379285876225,12465.625,3802.138334,305.0098437904237,55.773,72.082679,statistical_bulletin_2026_01.xlsx,2026-01-01,Azerbaijan,AZE,CBAR statistical bulletin table 4.1,2026-03-23 03:09:53.637281+00:00
2024-03-01,monthly,167.425,58852.146034,351.51348982529487,12973.259,4083.212755,314.7407104876269,60.451,85.879329,statistical_bulletin_2026_01.xlsx,2026-01-01,Azerbaijan,AZE,CBAR statistical bulletin table 4.1,2026-03-23 03:09:53.637281+00:00
2024-04-01,monthly,179.0,48123.378424,268.8456895195531,14054.401,4763.338967,338.92152123736895,67.671,86.477008,statistical_bulletin_2026_01.xlsx,2026-01-01,Azerbaijan,AZE,CBAR statistical bulletin table 4.1,2026-03-23 03:09:53.637281+00:00
2024-05-01,monthly,194.55,46584.659471,239.4482625083526,14006.873,4032.79973,287.9157774900936,64.112,86.483064,statistical_bulletin_2026_01.xlsx,2026-01-01,Azerbaijan,AZE,CBAR statistical bulletin table 4.1,2026-03-23 03:09:53.637281+00:00
2024-06-01,monthly,165.254,52842.938096,319.76798199135874,12766.877,3930.754067,307.8868909757648,59.312,78.355957,statistical_bulletin_2026_01.xlsx,2026-01-01,Azerbaijan,AZE,CBAR statistical bulletin table 4.1,2026-03-23 03:09:53.637281+00:00
2024-07-01,monthly,214.075,54122.680694,252.8211173373818,13623.405,4909.121542,360.34468196460426,65.051,98.05376,statistical_bulletin_2026_01.xlsx,2026-01-01,Azerbaijan,AZE,CBAR statistical bulletin table 4.1,2026-03-23 03:09:53.637281+00:00
2024-08-01,monthly,187.852,54365.744534,289.4073234993505,14166.256,4493.227598,317.1782013539781,63.904,95.307574,statistical_bulletin_2026_01.xlsx,2026-01-01,Azerbaijan,AZE,CBAR statistical bulletin table 4.1,2026-03-23 03:09:53.637281+00:00
2024-09-01,monthly,185.47,49394.279131,266.31950790424327,14982.645,4213.773431,281.2436276104786,65.371,94.116104,statistical_bulletin_2026_01.xlsx,2026-01-01,Azerbaijan,AZE,CBAR statistical bulletin table 4.1,2026-03-23 03:09:53.637281+00:00
2024-10-01,monthly,208.683,61862.597988,296.44292054455804,15468.522,4851.202622,313.61772133110065,76.762,414.003178,statistical_bulletin_2026_01.xlsx,2026-01-01,Azerbaijan,AZE,CBAR statistical bulletin table 4.1,2026-03-23 03:09:53.637281+00:00
2024-11-01,monthly,180.746,64108.821402,354.69012538036804,13963.672,4028.87569,288.52551749998133,71.99,84.856795,statistical_bulletin_2026_01.xlsx,2026-01-01,Azerbaijan,AZE,CBAR statistical bulletin table 4.1,2026-03-23 03:09:53.637281+00:00
2024-12-01,monthly,255.642,79412.772574,310.64055426729567,14892.757,6039.646679,405.54255192641637,99.012,109.862624,statistical_bulletin_2026_01.xlsx,2026-01-01,Azerbaijan,AZE,CBAR statistical bulletin table 4.1,2026-03-23 03:09:53.637281+00:00
2025-01-01,annual,2377.979,783978.256789,329.6825820535001,132821.84,54276.77339399999,408.6434384134416,9992.446,2608.885037,statistical_bulletin_2026_01.xlsx,2026-01-01,Azerbaijan,AZE,CBAR statistical bulletin table 4.1,2026-03-23 03:09:53.637281+00:00
2025-01-01,monthly,116.986,66798.366134,570.9945304053476,14148.753,4058.953415,286.87711312792015,72.164,87.914,statistical_bulletin_2026_01.xlsx,2026-01-01,Azerbaijan,AZE,CBAR statistical bulletin table 4.1,2026-03-23 03:09:53.637281+00:00
2025-02-01,monthly,169.049,42069.517596,248.85990213488395,13408.712,3614.243781,269.5444410320693,72.383,96.041235,statistical_bulletin_2026_01.xlsx,2026-01-01,Azerbaijan,AZE,CBAR statistical bulletin table 4.1,2026-03-23 03:09:53.637281+00:00
2025-03-01,monthly,160.893,41999.902265,261.04244600448743,14940.553,4456.813599,298.303121644828,74.017,93.848225,statistical_bulletin_2026_01.xlsx,2026-01-01,Azerbaijan,AZE,CBAR statistical bulletin table 4.1,2026-03-23 03:09:53.637281+00:00
2025-04-01,monthly,193.393,70969.915683,366.97251546333115,15069.36,6257.517461,415.24772525176917,114.067,136.497686,statistical_bulletin_2026_01.xlsx,2026-01-01,Azerbaijan,AZE,CBAR statistical bulletin table 4.1,2026-03-23 03:09:53.637281+00:00
2025-05-01,monthly,222.107,55390.565256,249.38685073410565,9667.607,3900.140438,403.42356055640244,244.991,162.998891,statistical_bulletin_2026_01.xlsx,2026-01-01,Azerbaijan,AZE,CBAR statistical bulletin table 4.1,2026-03-23 03:09:53.637281+00:00
2025-06-01,monthly,186.802,57929.657887,310.1126213156176,9911.674,3659.755801,369.2369019602541,393.54,180.546012,statistical_bulletin_2026_01.xlsx,2026-01-01,Azerbaijan,AZE,CBAR statistical bulletin table 4.1,2026-03-23 03:09:53.637281+00:00
2025-07-01,monthly,218.465,76407.084399,349.74519670885496,10390.945,4668.377457,449.27361823202796,766.516,243.360522,statistical_bulletin_2026_01.xlsx,2026-01-01,Azerbaijan,AZE,CBAR statistical bulletin table 4.1,2026-03-23 03:09:53.637281+00:00
2025-08-01,monthly,189.219,68290.105106,360.90511579703946,9395.818,3970.62328,422.59474161802626,899.938,242.166261,statistical_bulletin_2026_01.xlsx,2026-01-01,Azerbaijan,AZE,CBAR statistical bulletin table 4.1,2026-03-23 03:09:53.637281+00:00
2025-09-01,monthly,203.182,69921.16784,344.13071945349486,9128.754,4217.094474,461.95729165228903,1424.717,296.48958,statistical_bulletin_2026_01.xlsx,2026-01-01,Azerbaijan,AZE,CBAR statistical bulletin table 4.1,2026-03-23 03:09:53.637281+00:00
2025-10-01,monthly,220.793,68528.178842,310.37296853614015,9160.865,4717.209373,514.9305631073048,1867.478,337.701703,statistical_bulletin_2026_01.xlsx,2026-01-01,Azerbaijan,AZE,CBAR statistical bulletin table 4.1,2026-03-23 03:09:53.637281+00:00
2025-11-01,monthly,192.825,66263.867742,343.647699945546,8039.516,3989.851955,496.28011872854,2579.371,362.482972,statistical_bulletin_2026_01.xlsx,2026-01-01,Azerbaijan,AZE,CBAR statistical bulletin table 4.1,2026-03-23 03:09:53.637281+00:00
2025-12-01,monthly,304.265,99409.928039,326.721535631768,9559.283,6766.19236,707.813793147457,1483.264,368.83795,statistical_bulletin_2026_01.xlsx,2026-01-01,Azerbaijan,AZE,CBAR statistical bulletin table 4.1,2026-03-23 03:09:53.637281+00:00
2026-01-01,annual,,,,,,,,,statistical_bulletin_2026_01.xlsx,2026-01-01,Azerbaijan,AZE,CBAR statistical bulletin table 4.1,2026-03-23 03:09:53.637281+00:00
2026-01-01,monthly,129.793,68708.566336,529.370353840346,8549.837,4212.442778,492.692758704055,2047.232,311.596881,statistical_bulletin_2026_01.xlsx,2026-01-01,Azerbaijan,AZE,CBAR statistical bulletin table 4.1,2026-03-23 03:09:53.637281+00:00
