period_date,period_type,business_loans_total_mn_azn,large_business_loans_mn_azn,medium_business_loans_mn_azn,small_business_loans_mn_azn,micro_business_loans_mn_azn,country_name,country_iso,real_sector_loans_total_mn_azn,real_sector_overdue_loans_mn_azn,real_sector_overdue_share_pct,trade_and_services_loans_mn_azn,mining_utilities_loans_mn_azn,agriculture_loans_mn_azn,construction_loans_mn_azn,industry_manufacturing_loans_mn_azn,transport_communication_loans_mn_azn,households_loans_mn_azn,real_estate_mortgage_loans_mn_azn,other_sectors_loans_mn_azn,npl_total_mn_azn,npl_business_mn_azn,npl_consumer_mn_azn,npl_mortgage_mn_azn,deposit_avg_rate_azn_pct,deposit_legal_rate_azn_pct,deposit_individual_rate_azn_pct,loan_avg_rate_azn_pct,loan_legal_rate_azn_pct,loan_individual_rate_azn_pct,deposit_avg_rate_fx_pct,deposit_legal_rate_fx_pct,deposit_individual_rate_fx_pct,loan_avg_rate_fx_pct,loan_legal_rate_fx_pct,loan_individual_rate_fx_pct,notices_entered_count,searches_count,source_name,load_timestamp
2000-01-01,annual,,,,,,Azerbaijan,AZE,466.5,,,76.457,15.954,36.938,12.934,15.74,70.42,41.737,,46.86,,,,,,,,,,,,,,,,,,,Azerbaijan credit access and stability gold mart,2026-03-23 03:24:28.309385+00:00
2001-01-01,annual,,,,,,Azerbaijan,AZE,486.2,134.4,27.642945290004118,85.614,33.827,14.57,9.013,15.736,69.056,54.901,,11.237,,,,,,,,,,,,,,,,,,,Azerbaijan credit access and stability gold mart,2026-03-23 03:24:28.309385+00:00
2002-01-01,annual,,,,,,Azerbaijan,AZE,520.16,111.6,21.45493694247924,102.235,44.142,19.875,14.907,15.682,57.0,83.267,,22.888999999999946,,,,,,,,,,,,,,,,,,,Azerbaijan credit access and stability gold mart,2026-03-23 03:24:28.309385+00:00
2003-01-01,annual,,,,,,Azerbaijan,AZE,670.3,124.4,18.558854244368195,112.5302,38.8714,30.1772,30.2534,43.5858,57.128,142.948,,29.63070437349998,,,,,,,,,,,,,,,,,,,Azerbaijan credit access and stability gold mart,2026-03-23 03:24:28.309385+00:00
2003-01-01,monthly,,,,,,Azerbaijan,AZE,,,,,,,,,,,,,,,,,8.28,7.6,9.03,15.59,16.02,14.77,9.34,4.59,11.75,12.79,10.97,21.43,,,Azerbaijan credit access and stability gold mart,2026-03-23 03:24:28.309385+00:00
2004-01-01,annual,,,,,,Azerbaijan,AZE,989.5,109.0,11.01566447700859,217.6,24.4,56.2,46.4,65.7,149.593,276.9,,1.2913999999999861,,,,,,,,,,,,,,,,,,,Azerbaijan credit access and stability gold mart,2026-03-23 03:24:28.309385+00:00
2004-01-01,monthly,,,,,,Azerbaijan,AZE,,,,,,,,,,,,,,,,,6.5,5.66,9.31,14.91,15.04,14.63,10.08,5.84,11.11,18.43,17.05,22.24,,,Azerbaijan credit access and stability gold mart,2026-03-23 03:24:28.309385+00:00
2005-01-01,annual,,,,,,Azerbaijan,AZE,1441.0,68.2,4.732824427480916,361.002,181.357,97.6,82.235,83.346,128.161,389.2,,11.591199999999985,,,,,,,,,,,,,,,,,,,Azerbaijan credit access and stability gold mart,2026-03-23 03:24:28.309385+00:00
2005-01-01,monthly,,,,,,Azerbaijan,AZE,970.3,106.8,11.006905080902813,232.776,31.518,57.06,47.747,66.635,111.805,280.1,,-22.835536276760088,,,,,6.93,5.89,9.61,15.55,16.06,14.22,9.43,5.58,10.53,18.96,17.12,22.89,,,Azerbaijan credit access and stability gold mart,2026-03-23 03:24:28.309385+00:00
2005-02-01,monthly,,,,,,Azerbaijan,AZE,1018.0,106.6,10.471512770137524,245.197,37.078,57.3,49.6,68.144,129.891,289.8,,-22.390532717060022,,,,,7.37,6.29,9.32,16.03,16.32,15.25,10.02,6.47,10.43,18.96,17.39,22.6,,,Azerbaijan credit access and stability gold mart,2026-03-23 03:24:28.309385+00:00
2005-03-01,monthly,,,,,,Azerbaijan,AZE,1073.5,104.2,9.706567303213786,275.384,41.203,57.3,50.982,71.723,130.674,304.8,,5.346013606826001,,,,,7.23,6.29,8.95,15.34,15.22,15.6,10.01,6.68,10.41,18.63,17.24,21.87,,,Azerbaijan credit access and stability gold mart,2026-03-23 03:24:28.309385+00:00
2005-04-01,monthly,,,,,,Azerbaijan,AZE,1098.4,105.1,9.568463219227967,290.961,37.644,55.4,56.241,77.593,126.316,312.6,,3.6094134047160953,,,,,6.9,6.09,8.88,15.69,15.53,16.17,9.93,6.72,10.35,18.65,17.22,21.86,,,Azerbaijan credit access and stability gold mart,2026-03-23 03:24:28.309385+00:00
2005-05-01,monthly,,,,,,Azerbaijan,AZE,1114.7,106.9,9.590024221763702,289.847,33.681,59.1,60.899,80.911,126.126,321.8,,2.9622000000000037,,,,,7.31,6.45,9.07,16.19,15.95,16.96,9.77,6.46,10.33,18.49,16.87,21.96,,,Azerbaijan credit access and stability gold mart,2026-03-23 03:24:28.309385+00:00
2005-06-01,monthly,,,,,,Azerbaijan,AZE,1079.6,59.2,5.483512412004447,290.784,29.642,59.8,64.896,85.02,115.771,339.4,,0.6813999999999494,,,,,7.54,6.53,9.59,15.74,15.17,17.27,9.8,6.47,10.31,18.43,16.81,21.75,,,Azerbaijan credit access and stability gold mart,2026-03-23 03:24:28.309385+00:00
2005-07-01,monthly,,,,,,Azerbaijan,AZE,1116.5,55.78,4.995969547693686,304.857,37.719,60.2,67.497,86.345,114.745,354.8,,2.2063999999999795,,,,,7.52,6.3,9.66,16.33,15.4,18.65,9.99,6.6,10.52,18.28,16.47,21.75,,,Azerbaijan credit access and stability gold mart,2026-03-23 03:24:28.309385+00:00
2005-08-01,monthly,,,,,,Azerbaijan,AZE,1208.8,57.46,4.753474520185308,304.526,101.518,65.0,66.862,87.463,122.483,364.4,,3.3509999999999494,,,,,8.03,6.54,10.11,15.97,14.88,18.5,10.91,6.66,11.01,18.24,16.56,21.56,,,Azerbaijan credit access and stability gold mart,2026-03-23 03:24:28.309385+00:00
2005-09-01,monthly,,,,,,Azerbaijan,AZE,1245.1,63.2,5.075897518271626,312.839,103.485,85.31,68.268,78.202,120.962,345.9,,33.16279999999981,,,,,8.1,6.44,9.91,15.81,14.8,18.28,10.0,7.1,10.45,17.63,15.91,21.49,,,Azerbaijan credit access and stability gold mart,2026-03-23 03:24:28.309385+00:00
2005-10-01,monthly,,,,,,Azerbaijan,AZE,1311.6,67.4,5.138761817627326,330.175,125.999,91.9,74.635,81.848,123.629,376.9,,6.477199999999926,,,,,8.061421933492893,6.56,10.19,15.660094178342705,14.960336743803863,17.55832537120523,10.220547650525372,7.46,10.62,17.5268407112422,15.82628791593832,21.223970574414952,,,Azerbaijan credit access and stability gold mart,2026-03-23 03:24:28.309385+00:00
2005-11-01,monthly,,,,,,Azerbaijan,AZE,1358.5,68.8,5.06440927493559,343.424,144.505,96.2,76.933,81.798,122.754,382.0,,8.720600000000028,,,,,8.160956487688454,6.648033109297902,10.35720870121054,15.573715104518687,15.078683665722473,17.02503970405281,10.319637957820659,7.731448601835054,10.66439951871635,17.280614826569646,15.645114164613263,20.97911079057186,,,Azerbaijan credit access and stability gold mart,2026-03-23 03:24:28.309385+00:00
2005-12-01,monthly,,,,,,Azerbaijan,AZE,1441.0,68.2,4.732824427480916,361.002,181.357,97.6,82.235,83.346,128.161,389.2,,11.591199999999985,,,,,8.414817839484371,7.05,10.422085563422144,15.624518162033617,14.782822943258052,18.005412112681796,10.178527504086118,6.770929147064026,10.753455432885044,17.438986705997205,15.744984857192614,21.186121510474702,,,Azerbaijan credit access and stability gold mart,2026-03-23 03:24:28.309385+00:00
2006-01-01,annual,,,,,,Azerbaijan,AZE,2362.721,77.655,3.286676674901522,647.19,92.158,136.487,152.531,192.576,214.853,778.0,63.3009,10.40399999999972,,,,,,,,,,,,,,,,,,,Azerbaijan credit access and stability gold mart,2026-03-23 03:24:28.309385+00:00
2006-01-01,monthly,,,,,,Azerbaijan,AZE,1389.036,68.9,4.960274607713551,363.1,117.7,102.0,89.4,85.2,121.4,408.6,,2.5280115599998347,,,,,8.918581315234313,7.406485775261797,10.7,15.144352743166559,14.358888795352891,17.356171419984918,10.187015327247307,6.827348397187522,10.71,17.109675437909097,15.368755212792308,21.30554880278771,,,Azerbaijan credit access and stability gold mart,2026-03-23 03:24:28.309385+00:00
2006-02-01,monthly,,,,,,Azerbaijan,AZE,1352.205,66.679,4.931131004544429,373.595,52.609,103.095,87.283,89.116,116.051,419.262,,3.193645199999719,,,,,8.851610944628595,7.213397291815142,10.74,15.540641253059201,14.583627497138178,18.219189184615253,10.371434055040151,6.794304214793157,10.88,17.473877674577377,15.856708429460477,20.898533558302848,,,Azerbaijan credit access and stability gold mart,2026-03-23 03:24:28.309385+00:00
2006-03-01,monthly,,,,,,Azerbaijan,AZE,1395.11,66.702,4.781128369805965,390.568,46.938,103.007,91.785,96.621,123.296,438.599,,3.567157470000096,,,,,9.488048305274782,8.053456241525215,11.029584083069281,16.033045886478778,14.990661647203023,18.901516662972824,10.717757360098522,8.42410477559583,10.938439396149164,18.16152448296444,16.11741380650526,21.857088071315836,,,Azerbaijan credit access and stability gold mart,2026-03-23 03:24:28.309385+00:00
2006-04-01,monthly,,,,,,Azerbaijan,AZE,1529.2,64.658,4.228223907925713,421.248,77.519,103.303,95.582,106.168,125.52,460.329,,5.433750370000106,,,,,10.506228710036384,8.892202466207143,11.810650391799564,15.74050820202392,14.753087078779707,18.465912303758866,10.992092862441837,8.647979791489973,11.18800192334688,17.923410596244537,15.881153750105765,21.739713816162308,,,Azerbaijan credit access and stability gold mart,2026-03-23 03:24:28.309385+00:00
2006-05-01,monthly,,,,,,Azerbaijan,AZE,1556.833,64.43,4.1385299515105345,446.041,77.28,105.392,98.645,113.885,131.463,481.265,,5.878538710000173,,,,,10.978901970427007,9.955959758179482,11.794225129843484,15.843438145856622,14.770511569533927,19.022665918719085,10.744750484707557,6.977727653226845,11.156915667641059,17.77529163601935,15.802690471919322,21.74172746739119,,,Azerbaijan credit access and stability gold mart,2026-03-23 03:24:28.309385+00:00
2006-06-01,monthly,,,,,,Azerbaijan,AZE,1660.51,63.1,3.8000373379263,466.189,64.932,113.411,106.578,122.743,160.138,519.514,,6.17467064999993,,,,,10.89,9.5,11.88,15.83,14.52,19.24,10.84,7.41,11.2,17.53,15.47,21.64,,,Azerbaijan credit access and stability gold mart,2026-03-23 03:24:28.309385+00:00
2006-07-01,monthly,,,,,,Azerbaijan,AZE,1785.02,63.52,3.5585035461787546,476.775,79.688,118.307,114.641,131.685,175.231,555.272,,8.047754399999732,,,,,10.956563254378409,8.88416198704787,12.285445267172477,15.848713303456487,14.465544119024944,19.52979239733263,11.022342188044044,7.361853435058743,11.345418678018929,17.504595618916124,15.311010153917714,21.7308967413027,,,Azerbaijan credit access and stability gold mart,2026-03-23 03:24:28.309385+00:00
2006-08-01,monthly,,,,,,Azerbaijan,AZE,1876.88,63.53,3.3848727675717143,536.285,71.681,122.856,129.077,141.485,176.128,590.533,,7.931984960000113,,,,,10.857274328192288,8.611385177727067,12.121279826851636,16.045133774254037,14.74296659308003,19.594459491261173,11.148588439466153,7.740503263799892,11.429867077598477,17.457490939544698,15.329563799085761,21.693348245793015,,,Azerbaijan credit access and stability gold mart,2026-03-23 03:24:28.309385+00:00
2006-09-01,monthly,,,,,,Azerbaijan,AZE,2015.15,68.18,3.3833709649405757,567.263,76.591,127.982,137.586,161.184,202.655,622.975,,9.86511934000005,,,,,11.02721339764839,8.987792078930184,12.111721799915449,16.308161770610234,14.888638408100737,19.9525166062943,11.05920263199787,6.725873009416133,11.465307921816963,17.147342819669948,15.053588671866944,21.55685497155304,,,Azerbaijan credit access and stability gold mart,2026-03-23 03:24:28.309385+00:00
2006-10-01,monthly,,,,,,Azerbaijan,AZE,2159.903,78.814,3.6489601616368885,583.896,100.342,133.555,144.436,173.816,200.254,682.531,,10.57199999999995,,,,,10.7167799559739,8.566663850249306,11.96345598334665,16.247945830899106,14.762258523511882,19.918664445107115,11.470580449764423,7.225896526136463,11.821780452865452,17.154112452122174,15.022932249551328,21.671710246132637,,,Azerbaijan credit access and stability gold mart,2026-03-23 03:24:28.309385+00:00
2006-11-01,monthly,,,,,,Azerbaijan,AZE,2242.031,80.217,3.5778720276392257,610.471,91.593,136.771,143.721,181.401,199.586,720.56,,10.53999999999975,,,,,10.460332231923816,8.276632751326392,12.09140819408622,16.30729617772032,14.856727930431928,19.547893316205375,11.296443751155259,6.789622761841817,11.665148380184625,16.825046102604883,14.757189231621728,21.28914671904631,,,Azerbaijan credit access and stability gold mart,2026-03-23 03:24:28.309385+00:00
2006-12-01,monthly,,,,,,Azerbaijan,AZE,2362.721,77.655,3.286676674901522,647.19,92.158,136.487,152.531,192.576,214.853,778.0,63.3009,10.40399999999972,,,,,10.468600119025336,8.216465846451461,12.075913805543339,16.31794494021854,14.747894136255614,19.584366387824222,11.340902771924531,6.742173563071452,11.695936618144469,16.984793797877586,14.872920886460719,21.401173283283384,,,Azerbaijan credit access and stability gold mart,2026-03-23 03:24:28.309385+00:00
2007-01-01,annual,,,,,,Azerbaijan,AZE,4681.77336147,100.26732249,2.1416526334909496,1194.0235844,302.04128283,197.23936623999998,312.34511679,308.04767585999997,469.6348895999999,1657.21590305,171.5556,28.09195221000082,,,,,,,,,,,,,,,,,,,Azerbaijan credit access and stability gold mart,2026-03-23 03:24:28.309385+00:00
2007-01-01,monthly,,,,,,Azerbaijan,AZE,2500.85578428,104.03176047,4.159846446321609,644.63155166,170.92006281,139.78622041,163.9699005,192.60703863999998,220.30830121999998,806.6255509,,10.863397670000355,,,,,10.39,8.4,11.76,16.498405055180786,14.890413977526155,20.103582681719313,11.58,8.5,11.75,17.17299296589952,14.807701386018321,21.818686142101775,,,Azerbaijan credit access and stability gold mart,2026-03-23 03:24:28.309385+00:00
2007-02-01,monthly,,,,,,Azerbaijan,AZE,2663.49710117,129.88478082,4.876475396310559,673.54309951,239.73402787,133.10883286,172.05884362,189.29286172000002,220.88417112000002,841.29791413,,11.121569519999841,,,,,10.41,8.53,11.81,16.232,14.91,19.03,11.51,7.66,11.75,16.63,14.56,21.07,,,Azerbaijan credit access and stability gold mart,2026-03-23 03:24:28.309385+00:00
2007-03-01,monthly,,,,,,Azerbaijan,AZE,2880.85364878,130.48997767,4.529559414629085,705.42599162,348.31504612,136.40225864,176.94534973,196.26314084,232.19589648,883.7137145300001,83.4084,12.26427315000036,,,,,10.45,8.61,11.56,16.32,14.96,19.41,11.69,8.78,11.84,16.84,14.63,21.66,,,Azerbaijan credit access and stability gold mart,2026-03-23 03:24:28.309385+00:00
2007-04-01,monthly,,,,,,Azerbaijan,AZE,3091.26418261,129.09170431,4.176016564233147,740.16257681,397.72375906,140.07191708000002,189.23269595,211.14186412,242.91248506,961.22581621,,12.38736400999945,,,,,10.59,8.94,11.66,15.279164069508514,13.55,19.11,12.2,7.22,12.46,16.36,14.04,21.84,,,Azerbaijan credit access and stability gold mart,2026-03-23 03:24:28.309385+00:00
2007-05-01,monthly,,,,,,Azerbaijan,AZE,3315.44991535,109.71650685,3.309249412637187,781.64590481,459.8392233,145.50070361,216.14399315000003,225.37826867,244.28758688000002,1047.48991247,,13.630815610000177,,,,,10.92,9.48,11.9,15.46,13.93,18.8,12.37,8.84,12.51,16.37,14.04,22.02,,,Azerbaijan credit access and stability gold mart,2026-03-23 03:24:28.309385+00:00
2007-06-01,monthly,,,,,,Azerbaijan,AZE,3458.49208962,106.28669577,3.073209162137427,805.21722611,424.59048204,152.68519210000002,242.76657958,235.06712525,265.74100705,1136.48750722,126.64571,14.776274500000092,,,,,10.84592396368704,9.656486823105425,11.799299005769463,15.460662861873637,13.95282793777667,18.520654600130104,12.59821815211086,9.135900642078797,12.74592786887335,16.25377445498679,13.966892862542288,21.923498459580696,,,Azerbaijan credit access and stability gold mart,2026-03-23 03:24:28.309385+00:00
2007-07-01,monthly,,,,,,Azerbaijan,AZE,3443.90377202,107.71368219,3.1276623657466835,862.55777506,219.69313585,158.35913916,236.52816991,249.74008945,274.17963833,1246.7164369800003,135.37072,18.401109329999734,,,,,11.203611216884898,10.120993689600802,11.94022484865073,15.632173699763165,14.092365100433824,18.670767712327983,12.606299355439848,9.281687612029124,12.751509159271365,16.428767417776815,14.028285067020292,21.940274592463748,,,Azerbaijan credit access and stability gold mart,2026-03-23 03:24:28.309385+00:00
2007-08-01,monthly,,,,,,Azerbaijan,AZE,3573.00272703,103.08589524,2.885133405025091,912.61713148,167.69609168,165.16409332,255.82276278,255.52799263,259.34234422000003,1341.56379249,129.497,21.037526280000478,,,,,11.307480867067005,10.119706105283349,12.2538635243053,16.846220519952738,15.571299039129764,19.019234533184164,12.667387373114769,9.62602223375782,12.805181752412615,16.767881715478808,14.402135313236462,21.503544108001712,,,Azerbaijan credit access and stability gold mart,2026-03-23 03:24:28.309385+00:00
2007-09-01,monthly,,,,,,Azerbaijan,AZE,3771.25162757,96.30660611,2.5537040648771296,988.80986358,178.69679516,163.90586535,255.21651581999998,270.1670559,278.06630707000005,1411.9887624100002,161.283595,24.801507750000113,,,,,11.27501998174921,9.626583144808187,12.411341707463139,16.90552732036551,15.428389432473287,19.363010018644523,12.654806257782685,9.900475866762177,12.773002952251325,17.15743487192202,14.734094300103179,21.660173655985304,,,Azerbaijan credit access and stability gold mart,2026-03-23 03:24:28.309385+00:00
2007-10-01,monthly,,,,,,Azerbaijan,AZE,4050.01542336,99.72692679,2.462383876732595,1065.40241483,215.65127704,179.93590966,278.59950420999996,289.47983313000003,332.9149522,1496.22856504,154.897,26.810337120000113,,,,,11.002403128870975,9.275458498326222,12.38642901690001,17.059301922599047,15.327822139836409,19.980023719993753,12.688912433052959,9.474465458299866,12.821144945261286,17.153924406224622,14.636866746889474,21.77594552204892,,,Azerbaijan credit access and stability gold mart,2026-03-23 03:24:28.309385+00:00
2007-11-01,monthly,,,,,,Azerbaijan,AZE,4340.28194935,98.18674948,2.262220533730636,1119.76335817,233.54055171,195.90338151999998,317.51357159,300.84869487000003,389.38392948,1596.31234249,154.897,23.760934629999948,,,,,11.218828598850028,9.393691077552386,12.462181043936056,17.14788739472149,15.823324881623162,19.68483354217634,12.734229916902422,8.216801289930512,12.939537236138426,16.974514946360276,14.465433626042154,21.973006711588827,,,Azerbaijan credit access and stability gold mart,2026-03-23 03:24:28.309385+00:00
2007-12-01,monthly,,,,,,Azerbaijan,AZE,4681.77336147,100.26732249,2.1416526334909496,1194.0235844,302.04128283,197.23936623999998,312.34511679,308.04767585999997,469.6348895999999,1657.21590305,171.5556,28.09195221000082,,,,,11.587096953871432,9.967784953851442,12.507081055880906,17.45978710716925,15.79012461485672,20.297341454146896,12.3695433305074,7.704183261214935,12.645460785969638,16.676122147385954,14.150161630515905,21.61641520108263,,,Azerbaijan credit access and stability gold mart,2026-03-23 03:24:28.309385+00:00
2008-01-01,annual,,,,,,Azerbaijan,AZE,7191.25078896,159.79559122,2.2220834164943604,1911.30721994,855.69988688,261.47057494,461.3720637,427.51873171,669.11947629,2334.86644867,197.6211,48.07962078000033,,,,,,,,,,,,,,,,,,,Azerbaijan credit access and stability gold mart,2026-03-23 03:24:28.309385+00:00
2008-01-01,monthly,,,,,,Azerbaijan,AZE,15513.61017843,1306.86195996,8.423970596973298,2426.8794658699994,629.4058279400001,540.2916687400001,466.63706786,1138.5084673100002,1177.51839527,7004.997649350001,1925.6,668.5711677300004,,,,,11.35565519022407,9.679257983431816,12.46616982155176,16.96929147852062,15.12633891885421,20.292233684010192,12.219044809934442,7.67657798339268,12.469371496756848,16.256982802903423,13.715939121794552,21.69727168150602,,,Azerbaijan credit access and stability gold mart,2026-03-23 03:24:28.309385+00:00
2008-02-01,monthly,,,,,,Azerbaijan,AZE,15696.359848159998,1297.79197466,8.26810793849208,2521.77142277,626.24213909,534.28357079,464.59826734,1135.4032957,1172.5300143999998,7099.5349342,1963.391261664,695.9846603599998,,,,,11.392882123181254,9.874118219854633,12.33353833515657,17.490891702654732,15.786021916883252,20.44050551979027,12.14634212163414,7.551508273614022,12.497482621798552,16.16687315302716,13.779342336511304,21.222651679662473,,,Azerbaijan credit access and stability gold mart,2026-03-23 03:24:28.309385+00:00
2008-03-01,monthly,,,,,,Azerbaijan,AZE,15637.419790709999,1386.7515801299999,8.868161107715816,2507.49810199,627.0516272900002,527.47044239,468.44416342,1129.17752469,1168.5521228400003,6960.75299096,1988.981264094,718.373803569998,,,,,11.273999478090209,9.541080660116904,12.315452273240837,17.61890276448513,15.724328348987628,20.79233910760957,10.151489787302468,6.623370681047885,12.673578182570997,16.65347594839002,14.237156990575912,21.305534822520965,,,Azerbaijan credit access and stability gold mart,2026-03-23 03:24:28.309385+00:00
2008-04-01,monthly,,,,,,Azerbaijan,AZE,15146.8,1232.4418596000003,8.136622718747063,2454.8192180700003,623.50596823,583.30684597,457.99721402000006,1137.70551614,1101.51051543,6704.177810810001,1953.817101414,711.6432795699977,,,,,11.510543630316047,9.985189134409994,12.47556650917624,17.711993321030384,15.847810282829984,20.84093711890246,9.83689080027469,5.583616179101249,12.582756939764328,17.86738554678167,16.2038633337294,21.06106591308031,,,Azerbaijan credit access and stability gold mart,2026-03-23 03:24:28.309385+00:00
2008-05-01,monthly,,,,,,Azerbaijan,AZE,14765.7,1084.8214846800004,7.346898427606218,2413.5674556900003,623.17214887,582.94547709,426.51841343,1159.29319097,961.8989958599999,6575.27981574,1939.752568984,807.74608437,,,,,11.603299191621778,9.687601877560484,12.762375816747817,17.889375222893587,16.01048049209755,20.957275051418026,9.514503461100642,5.614700320422403,12.704516116070694,16.61161915465066,14.36543466057634,20.88672910706714,,,Azerbaijan credit access and stability gold mart,2026-03-23 03:24:28.309385+00:00
2008-06-01,monthly,,,,,,Azerbaijan,AZE,14550.656176510003,1065.5159760600002,7.322803611978176,2394.9782242,562.24009227,552.7351518099999,420.78440397,1171.8380441299998,915.73129026,6540.049923569999,1967.35377,808.136446500005,,,,,11.690645823084221,9.8588106809798,12.82204200571012,17.935064714117512,15.864548329663773,21.049363127575205,9.796753479083039,5.687047873389176,12.939102792020952,14.069109331214882,11.512265869145445,20.614822049260397,,,Azerbaijan credit access and stability gold mart,2026-03-23 03:24:28.309385+00:00
2008-07-01,monthly,,,,,,Azerbaijan,AZE,14585.31483529,1062.4228878200001,7.284195780603977,2379.0843462600005,563.81334118,553.34032682,428.79080331,1191.0609771299999,917.7478229399999,6560.54099285,2009.110679564,810.3878274300014,,,,,12.084130701936411,10.50324229235984,12.753043958128348,17.76191877453403,15.552954809268208,20.937368462686617,9.633883160832037,5.108550480728608,12.96577958062622,14.106512004063838,11.522156061526463,21.048598699870862,,,Azerbaijan credit access and stability gold mart,2026-03-23 03:24:28.309385+00:00
2008-08-01,monthly,,,,,,Azerbaijan,AZE,14685.098078150002,1065.4106116100002,7.255045937999063,2395.1543402300003,545.4095941799999,557.72776112,433.14310065000006,1194.9634952499998,901.78172137,6659.583726389998,2030.933476614,813.3188220600018,,,,,11.967396631858911,10.07,12.71,18.21,15.95,21.38,9.52,5.19,12.93,14.1,11.71,21.38,,,Azerbaijan credit access and stability gold mart,2026-03-23 03:24:28.309385+00:00
2008-09-01,monthly,,,,,,Azerbaijan,AZE,14873.658797600001,1069.5053917,7.190600552653355,2495.7417140999996,522.70294926,563.4226996499999,433.73405429,1189.56884322,892.0023223699999,6780.3776128399995,2064.788759764,804.2811113200004,,,,,12.019499788979722,10.48542878065742,12.658594284981852,18.218587417169033,16.00336686477953,21.248820678408247,7.839573708525054,5.152284375804272,12.500065891453298,14.673969347252013,11.920213569523382,21.402859071259268,,,Azerbaijan credit access and stability gold mart,2026-03-23 03:24:28.309385+00:00
2008-10-01,monthly,,,,,,Azerbaijan,AZE,14785.94074823,1006.52323186,6.807299237828268,2546.82416423,512.82735919,552.1823019099999,432.26422625,1228.446872,875.5959433400001,6765.0320762599995,2094.029967654,746.4423360400018,,,,,12.311538100424931,10.925283269726412,12.872609194403255,18.24578702702007,16.1030722872146,21.21464020795542,7.966986757425702,5.128234963047501,12.533432001106886,14.69821305396143,11.978259819080314,21.500656709120733,,,Azerbaijan credit access and stability gold mart,2026-03-23 03:24:28.309385+00:00
2008-11-01,monthly,,,,,,Azerbaijan,AZE,14681.27673681,922.9163363800001,6.28634929321913,2594.5648604499997,516.71252259,553.9171542,477.40030588999997,1382.11215069,857.88437641,6757.3154658,2088.176035174,513.0172938099989,,,,,11.880130156462105,10.647577415967255,12.431974973315427,17.987652089875287,15.924630734453254,21.123742461305397,8.0695539192408,5.161166053669487,12.658972303437269,14.887112373845401,12.461115121886904,21.41105521337624,,,Azerbaijan credit access and stability gold mart,2026-03-23 03:24:28.309385+00:00
2008-12-01,monthly,,,,,,Azerbaijan,AZE,14530.423128150002,893.13990544,6.146688899304708,2606.8456367699996,524.48663854,566.2499174899999,492.95189799,1250.05735697,848.51894512,6709.271535320001,2093.380062575,527.904357419997,,,,,11.87244843640082,10.360889947776561,12.639179325138763,18.07621126911986,15.880779409119015,21.348343825460457,7.907368904926845,5.174883592648923,12.71514843410855,14.318693793605547,11.934721516251168,21.342882294538125,,,Azerbaijan credit access and stability gold mart,2026-03-23 03:24:28.309385+00:00
2009-01-01,annual,,,,,,Azerbaijan,AZE,8407.46002962,303.52331759,3.6101666439170526,1833.97556741,1521.95138097,394.76353073,576.51455678,536.86002767,520.36061713,2328.94564223,254.606,57.50058646000069,,,,,,,,,,,,,,,,,,,Azerbaijan credit access and stability gold mart,2026-03-23 03:24:28.309385+00:00
2009-01-01,monthly,,,,,,Azerbaijan,AZE,,,,,,,,,,,,,,,,,11.605823492323422,9.476226624971869,12.540531737560679,17.45431429121518,14.868187332058014,21.52886998069044,7.95835919203517,5.400815499824055,12.42737589511259,14.522487260765857,12.366145150652745,21.519509712669223,,,Azerbaijan credit access and stability gold mart,2026-03-23 03:24:28.309385+00:00
2009-02-01,monthly,,,,,,Azerbaijan,AZE,,,,,,,,,,,,,,,,,11.573550866288937,9.487373440650433,12.383069613881007,18.746218966327877,16.435806353425015,22.032899036627057,8.197731500615953,5.519123955893261,12.363096754431648,16.930479180735283,15.525247172254872,21.692738641797693,,,Azerbaijan credit access and stability gold mart,2026-03-23 03:24:28.309385+00:00
2009-03-01,monthly,,,,,,Azerbaijan,AZE,,,,,,,,,,,,,,,,,11.346441926756764,9.102348394033518,12.303831266157998,17.36686787695125,14.70252367966545,21.658659235360403,9.008834636810379,5.603181877033777,12.351351979184145,16.805104267287458,15.305685290632352,20.325900752077075,,,Azerbaijan credit access and stability gold mart,2026-03-23 03:24:28.309385+00:00
2009-04-01,monthly,,,,,,Azerbaijan,AZE,,,,,,,,,,,,,,,,,11.456619095926984,9.185056655782136,12.411562493669667,17.422363398333648,14.80377530668254,21.646365056490474,11.282690038631689,6.775811982749163,12.617052484987603,18.511995620808754,16.60518853050735,22.262765427734863,,,Azerbaijan credit access and stability gold mart,2026-03-23 03:24:28.309385+00:00
2009-05-01,monthly,,,,,,Azerbaijan,AZE,,,,,,,,,,,,,,,,,11.58728507674166,9.48995911127492,12.422181472736778,16.246109449910353,13.434450885015975,21.064596385876523,10.835784364443432,6.395161194747731,12.507419210368509,16.9831189227412,15.049534793495217,20.27367629481834,,,Azerbaijan credit access and stability gold mart,2026-03-23 03:24:28.309385+00:00
2009-06-01,monthly,,,,,,Azerbaijan,AZE,,,,,,,,,,,,,,,,,11.278175761435543,8.669740583480374,12.424479594551778,17.1237151174149,14.784686873121705,21.15391833943045,10.558669095738395,6.0904765786835,12.312400207198134,18.7782546711044,16.536141887856346,23.17033993450042,,,Azerbaijan credit access and stability gold mart,2026-03-23 03:24:28.309385+00:00
2009-07-01,monthly,,,,,,Azerbaijan,AZE,,,,,,,,,,,,,,,,,11.447808438893727,8.362121647592945,12.750665830845687,17.1166874126804,14.80156616841296,21.18640240704407,10.772275632790823,6.194563197630368,12.532787937305654,17.590529734428145,15.014922478265103,22.672918645058118,,,Azerbaijan credit access and stability gold mart,2026-03-23 03:24:28.309385+00:00
2009-08-01,monthly,,,,,,Azerbaijan,AZE,,,,,,,,,,,,,,,,,11.2737738352271,8.255499665186926,12.525949162033642,15.335169811558794,12.741690278834879,20.828893136326254,9.382649390351828,4.8453775102855925,12.296578530814406,16.38999262302946,13.786681338539655,22.194524269189404,,,Azerbaijan credit access and stability gold mart,2026-03-23 03:24:28.309385+00:00
2009-09-01,monthly,,,,,,Azerbaijan,AZE,,,,,,,,,,,,,,,,,11.610215496933973,8.405708405031454,12.919316585535949,14.859023296481148,12.484725772428783,20.67885966067358,9.555496467843259,4.937141860556503,12.4502440956194,15.484034415087605,12.705685923312313,21.760760867724894,,,Azerbaijan credit access and stability gold mart,2026-03-23 03:24:28.309385+00:00
2009-10-01,monthly,,,,,,Azerbaijan,AZE,,,,,,,,,,,,,,,,,11.798945861116858,7.834134227972359,13.037804423806095,14.627108948242133,12.145588154385962,20.566761900845233,10.644111620393474,4.792225265899453,12.502775785907172,16.34907412251034,13.878704149077201,22.246313360511905,,,Azerbaijan credit access and stability gold mart,2026-03-23 03:24:28.309385+00:00
2009-11-01,monthly,,,,,,Azerbaijan,AZE,,,,,,,,,,,,,,,,,11.90814342430798,7.0511474741301665,13.205636117207286,16.229813262683688,14.399256201955616,20.7294721948756,10.890232332606585,5.80980473579399,12.5884777156938,18.352515173544425,16.062222635255594,23.928779196304248,,,Azerbaijan credit access and stability gold mart,2026-03-23 03:24:28.309385+00:00
2009-12-01,monthly,,,,,,Azerbaijan,AZE,,,,,,,,,,,,,,,,,11.662952694568434,6.746734798930824,12.940092829025316,14.649243154767603,12.276878861734627,20.41839099147171,10.797985330539023,5.864152607266311,12.409959689183946,16.708503036153505,14.009336170410792,23.23709330319156,,,Azerbaijan credit access and stability gold mart,2026-03-23 03:24:28.309385+00:00
2010-01-01,annual,,,,,,Azerbaijan,AZE,9163.359779240001,492.87668798,5.378776997238873,2206.77638838,983.9515685,441.34799163,660.64497155,682.38481673,454.41087775,2700.80204307,401.415,46.04343435000066,,,,,,,,,,,,,,,,,,,Azerbaijan credit access and stability gold mart,2026-03-23 03:24:28.309385+00:00
2010-01-01,monthly,,,,,,Azerbaijan,AZE,,,,,,,,,,,,,,,,,11.088899582560577,6.399453914353623,12.04656227075661,13.660643929492656,11.247447930289878,19.28123730055613,10.630501243704192,5.430801662808616,12.328501356674641,16.434329094164134,13.281870497051935,22.835411946898336,,,Azerbaijan credit access and stability gold mart,2026-03-23 03:24:28.309385+00:00
2011-01-01,annual,,,,,,Azerbaijan,AZE,9850.30037074,633.80456287,6.434367877275053,2744.41018187,289.68772907,466.71578469,875.34030221,582.92162757,409.66164847,3314.9694567,575.8,46.79804282999993,,,,,,,,,,,,,,,,,,,Azerbaijan credit access and stability gold mart,2026-03-23 03:24:28.309385+00:00
2011-01-01,monthly,,,,,,Azerbaijan,AZE,,,,,,,,,,,,,,,,,10.649349282308517,6.145997485773756,11.103937454233314,16.238466427104793,14.475815203859959,19.092108559170285,11.267840977942724,8.02262514672487,11.386434225039325,16.3381564256504,13.71591717381907,22.982775640179852,,,Azerbaijan credit access and stability gold mart,2026-03-23 03:24:28.309385+00:00
2012-01-01,annual,,,,,,Azerbaijan,AZE,12243.7217637,748.82059921,6.115955700905356,2649.32739201,396.74502281,546.22941423,1270.27099822,1297.60908647,429.11634155,4316.65801691,703.69352,17.221721410000228,,,,,,,,,,,,,,,,,,,Azerbaijan credit access and stability gold mart,2026-03-23 03:24:28.309385+00:00
2012-01-01,monthly,,,,,,Azerbaijan,AZE,,,,,,,,,,,,,,,,,10.043775294827034,6.7365786821635245,10.369642731213707,15.135070998448523,13.058855529500985,18.36686109360694,10.286572524726303,3.757570487761058,10.836539138845092,15.623024936514769,12.806142071544352,21.834710343278726,,,Azerbaijan credit access and stability gold mart,2026-03-23 03:24:28.309385+00:00
2013-01-01,annual,,,,,,Azerbaijan,AZE,15422.93771756,792.7801363699999,5.140266730555289,2219.8828612700004,288.15636638,733.2513623499999,2362.6414395499996,1516.4168226499999,506.04149092999995,6214.708656389999,890.77711,233.6665964100014,,,,,,,,,,,,,,,,,,,Azerbaijan credit access and stability gold mart,2026-03-23 03:24:28.309385+00:00
2013-01-01,monthly,,,,,,Azerbaijan,AZE,,,,,,,,,,,,,,,,,9.51416177117577,6.035367872537824,9.867704214231768,14.444365886076246,11.567439655402302,18.340665338502227,9.718427688103633,3.0835862261532743,10.304374478067478,14.51574563723938,10.8855536685501,20.75353080503426,,,Azerbaijan credit access and stability gold mart,2026-03-23 03:24:28.309385+00:00
2014-01-01,annual,,,,,,Azerbaijan,AZE,18542.60991501,976.32447814,5.265302363663909,2680.7114317600003,195.82566301,847.2837065000001,2555.06533481,2027.84494105,736.0386267700001,7731.8495643100005,1219.05721962,231.17891463000026,,,,,,,,,,,,,,,,,,,Azerbaijan credit access and stability gold mart,2026-03-23 03:24:28.309385+00:00
2014-01-01,monthly,,,,,,Azerbaijan,AZE,,,,,,,,,,,,,,,,,8.77742713215529,5.345939508997811,9.453870856716302,13.843773750816332,10.122169963883403,18.515482118779868,9.373168826357345,5.952822356429402,10.02173537264181,14.532845037996156,9.700052817152748,21.96631170437591,,,Azerbaijan credit access and stability gold mart,2026-03-23 03:24:28.309385+00:00
2015-01-01,annual,,,,,,Azerbaijan,AZE,21730.445,1508.4988,6.9,3158.02423,316.54006,508.12902,3063.1964199999998,1948.3333,1465.58404,8383.6171,1542.42472,259.43742999999927,,,,,,,,,,,,,,,,,,,Azerbaijan credit access and stability gold mart,2026-03-23 03:24:28.309385+00:00
2015-01-01,monthly,,,,,,Azerbaijan,AZE,,,,,,,,,,,,,,,,,8.328127733547083,5.80172700383726,9.33235953210862,13.76047450738336,9.919227102347069,17.54360417432812,8.252752727888637,4.96781163375886,9.00358144381498,13.737,9.98695807967488,21.260997120234773,,,Azerbaijan credit access and stability gold mart,2026-03-23 03:24:28.309385+00:00
2016-01-01,annual,,,,,,Azerbaijan,AZE,16444.56172733,1472.5995942200004,8.954933665228774,2467.00279569,596.22871302,441.2690929099999,1908.56788125,1265.5546495100002,1271.1043573,5858.73370567,1703.4574499999999,198.09825160999975,,,,,,,,,,,,,,,,,,,Azerbaijan credit access and stability gold mart,2026-03-23 03:24:28.309385+00:00
2016-01-01,monthly,,,,,,Azerbaijan,AZE,,,,,,,,,,,,,,,,,6.3565334326834355,3.7943101049297603,10.178784193448665,12.177118423039293,8.364858814733088,16.072758654657974,4.675207599611729,3.2000024818375503,5.595330670812884,9.157918390189083,5.714906136418437,17.302419362597636,,,Azerbaijan credit access and stability gold mart,2026-03-23 03:24:28.309385+00:00
2017-01-01,annual,,,,,,Azerbaijan,AZE,11757.786958620001,1626.7461591053998,13.83547911550465,2069.20896615,315.473367,429.24484704,546.19935486,621.19473879,1126.71022254,4606.4676968646,1737.27283257,146.752711860001,,,,,,,,,,,,,,,,,,,Azerbaijan credit access and stability gold mart,2026-03-23 03:24:28.309385+00:00
2017-01-01,monthly,,,,,,Azerbaijan,AZE,,,,,,,,,,,,,,,,,10.296818151290225,5.1682674547192935,11.741638554738707,13.091153752203144,8.82388242319998,16.37714894397423,3.0546474749815697,1.389340509026996,3.759291773744404,10.369396328526484,7.149786016249217,17.219761073525685,,,Azerbaijan credit access and stability gold mart,2026-03-23 03:24:28.309385+00:00
2018-01-01,annual,,,,,,Azerbaijan,AZE,13020.30336735,1584.9974706609999,12.17327604390213,2379.49415775,419.15198210000005,469.9772714399999,388.82759631,706.61157455,1370.65357931,5319.632608049,1848.0,228.38757550000176,,,,,,,,,,,,,,,,,,,Azerbaijan credit access and stability gold mart,2026-03-23 03:24:28.309385+00:00
2018-01-01,monthly,,,,,,Azerbaijan,AZE,,,,,,,,,,,,,,,,,9.194754339848242,4.214014938227397,9.999822175443402,14.171954221691067,9.153637386937444,16.923494131852316,2.431153369469372,1.2545410720049905,2.9675531524505074,8.55969319240744,6.297389022450028,15.206783024248244,,,Azerbaijan credit access and stability gold mart,2026-03-23 03:24:28.309385+00:00
2019-01-01,annual,,,,,,Azerbaijan,AZE,15298.183505950003,1273.0674075999998,8.321690003946278,2491.3275571199997,619.39557025,543.39684594,477.13003762999995,872.64787317,1204.2609666499998,6978.71938329,1939.1,673.7849684400026,,,,,,,,,,,,,,,,,,,Azerbaijan credit access and stability gold mart,2026-03-23 03:24:28.309385+00:00
2019-01-01,monthly,,,,,,Azerbaijan,AZE,,,,,,,,,,,,,,,,,9.312570258040031,4.76829870184855,9.757696383705753,14.179135971556015,8.970264473426152,16.964161404248753,1.9273511105233967,1.2568812895333508,2.4481030822379446,6.163947083616293,5.377481045378932,8.869964392597568,,,Azerbaijan credit access and stability gold mart,2026-03-23 03:24:28.309385+00:00
2020-01-01,annual,,,,,,Azerbaijan,AZE,14530.423128150002,893.13990544,6.146688899304708,2606.8456367699996,524.48663854,566.2499174899999,492.95189799,1250.05735697,848.51894512,6709.271535320001,2093.380062575,527.904357419997,,,,,,,,,,,,,,,,,,,Azerbaijan credit access and stability gold mart,2026-03-23 03:24:28.309385+00:00
2020-01-01,monthly,,,,,,Azerbaijan,AZE,,,,,,,,,,,,,,,,,8.54957511098392,6.25428797983814,9.00994605273823,13.6708024109107,9.14418730850302,16.1447568381334,1.74925355308544,1.06566608829311,2.17459461008464,5.30286928064928,5.0049955864506,6.95326986183238,314.0,377.0,Azerbaijan credit access and stability gold mart,2026-03-23 03:24:28.309385+00:00
2020-02-01,monthly,,,,,,Azerbaijan,AZE,,,,,,,,,,,,,,,,,,,,,,,,,,,,,700.0,808.0,Azerbaijan credit access and stability gold mart,2026-03-23 03:24:28.309385+00:00
2020-03-01,monthly,,,,,,Azerbaijan,AZE,,,,,,,,,,,,,,,,,,,,,,,,,,,,,352.0,610.0,Azerbaijan credit access and stability gold mart,2026-03-23 03:24:28.309385+00:00
2020-04-01,monthly,,,,,,Azerbaijan,AZE,,,,,,,,,,,,,,,,,,,,,,,,,,,,,193.0,324.0,Azerbaijan credit access and stability gold mart,2026-03-23 03:24:28.309385+00:00
2020-05-01,monthly,,,,,,Azerbaijan,AZE,,,,,,,,,,,,,,,,,,,,,,,,,,,,,319.0,372.0,Azerbaijan credit access and stability gold mart,2026-03-23 03:24:28.309385+00:00
2020-06-01,monthly,,,,,,Azerbaijan,AZE,,,,,,,,,,,,,,,,,,,,,,,,,,,,,429.0,407.0,Azerbaijan credit access and stability gold mart,2026-03-23 03:24:28.309385+00:00
2020-07-01,monthly,,,,,,Azerbaijan,AZE,,,,,,,,,,,,,,,,,,,,,,,,,,,,,682.0,854.0,Azerbaijan credit access and stability gold mart,2026-03-23 03:24:28.309385+00:00
2020-08-01,monthly,,,,,,Azerbaijan,AZE,,,,,,,,,,,,,,,,,,,,,,,,,,,,,1051.0,993.0,Azerbaijan credit access and stability gold mart,2026-03-23 03:24:28.309385+00:00
2020-09-01,monthly,,,,,,Azerbaijan,AZE,,,,,,,,,,,,,,,,,,,,,,,,,,,,,1782.0,1238.0,Azerbaijan credit access and stability gold mart,2026-03-23 03:24:28.309385+00:00
2020-10-01,monthly,,,,,,Azerbaijan,AZE,,,,,,,,,,,,,,,,,,,,,,,,,,,,,1660.0,1285.0,Azerbaijan credit access and stability gold mart,2026-03-23 03:24:28.309385+00:00
2020-11-01,monthly,,,,,,Azerbaijan,AZE,,,,,,,,,,,,,,,,,,,,,,,,,,,,,1327.0,1162.0,Azerbaijan credit access and stability gold mart,2026-03-23 03:24:28.309385+00:00
2020-12-01,monthly,,,,,,Azerbaijan,AZE,,,,,,,,,,,,,,,,,,,,,,,,,,,,,1772.0,1451.0,Azerbaijan credit access and stability gold mart,2026-03-23 03:24:28.309385+00:00
2021-01-01,annual,,,,,,Azerbaijan,AZE,17119.81626653,719.441712441,4.202391551640309,2992.49869709,749.02611364,591.69574926,903.18872779,971.73336806,737.34158892,8607.273468539,2483.400652035,653.7946809599998,,,,,,,,,,,,,,,,,,,Azerbaijan credit access and stability gold mart,2026-03-23 03:24:28.309385+00:00
2021-01-01,monthly,,,,,,Azerbaijan,AZE,31863.74489177,557.48455834,1.749588945786442,4334.51232751,666.19487868,569.25779235,1854.72422128,1683.44409267,2171.96587141,19115.05310139,4681.180882862,665.6219491299981,,,,,8.61849064315292,5.91971468423213,8.99500174722291,13.6861695482852,9.27444701343369,16.089823539911,1.71060850259922,1.04583195582674,2.14868175260768,5.20880168215223,4.97570660218147,6.52531938551428,1384.0,1010.0,Azerbaijan credit access and stability gold mart,2026-03-23 03:24:28.309385+00:00
2021-02-01,monthly,,,,,,Azerbaijan,AZE,29402.91989112,480.14675622,1.6329900499610226,4131.73291706,768.59151314,575.22572744,1826.27676092,1619.19975212,1858.07217407,17183.54703429,4317.901181765,815.4693347600025,,,,,8.44640341817338,5.28325961978954,9.00303668388003,13.7070807907042,9.36984523200807,16.0753805145858,1.70402363376554,1.03804020487304,2.15441028545193,5.16855318364043,4.97109573816367,6.21940435084684,1422.0,1255.0,Azerbaijan credit access and stability gold mart,2026-03-23 03:24:28.309385+00:00
2021-03-01,monthly,,,,,,Azerbaijan,AZE,29679.37509813,481.55137305,1.6225118334123583,4139.62670727,762.9144119,584.00834817,1820.97637332,1638.37261771,1894.66782615,17342.17146733,4385.811326395,864.8115496300011,,,,,8.6243741779423,5.78287816726704,9.13636964980899,13.746083103206,9.40465875950486,16.1041183328544,1.756781714466,1.1553023843207,2.14659609702031,5.17509812342222,4.93180883508592,6.67282497364388,2100.0,1548.0,Azerbaijan credit access and stability gold mart,2026-03-23 03:24:28.309385+00:00
2021-04-01,monthly,,,,,,Azerbaijan,AZE,29898.77341897,502.60593611,1.681025268384788,4122.42034126,764.39011442,569.64507106,1820.14875872,1624.09085453,1894.66015415,17580.86986488,4445.312820555,864.088227830001,,,,,8.5450535887272,5.7575904795128,9.06495268502123,13.8152474944816,9.70538681263682,16.0413289235346,1.70898392300841,1.06572505226748,2.14497175862118,5.10628279299398,4.91933609899318,6.26754269527991,2813.0,1835.0,Azerbaijan credit access and stability gold mart,2026-03-23 03:24:28.309385+00:00
2021-05-01,monthly,,,,,,Azerbaijan,AZE,30188.75970448,508.31303803,1.6837824508390338,4184.25800354,758.67093794,563.70959712,1850.73222176,1629.19607926,1906.10083311,17762.21105408,4463.502403142,864.9233099000006,,,,,8.51170383521283,5.15360503328655,9.08791804968131,13.8623107528692,9.7160898326826,16.1015808124507,1.61455062588257,1.06457717758879,1.99336949448188,5.02209640060797,4.83864873489208,6.15889217659314,2466.0,1609.0,Azerbaijan credit access and stability gold mart,2026-03-23 03:24:28.309385+00:00
2021-06-01,monthly,,,,,,Azerbaijan,AZE,30231.82861271,527.42732765,1.7446094128367087,4208.67574548,747.89671486,565.43676711,1800.57188816,1653.86777242,1896.0195118,17802.11601858,4502.97367372,847.3619051400019,,,,,8.51870881004197,5.11096295975276,9.07011706381121,13.8988634378667,9.70075046639121,16.1084762868226,1.54922637142634,0.970687399373326,1.98283426413567,4.97696147945154,4.79927445575417,6.08084412004552,2596.0,1668.0,Azerbaijan credit access and stability gold mart,2026-03-23 03:24:28.309385+00:00
2021-07-01,monthly,,,,,,Azerbaijan,AZE,30257.8667344,529.38554863,1.7495798804221203,4205.79666196,737.97349115,566.06355149,1787.23661685,1598.13302858,1902.10696038,17972.31738925,4514.457,775.949065429994,,,,,8.54365591717707,5.2504719722232,9.08942859907189,13.939897742794,9.70520959138022,16.1347847553899,1.56598201778525,0.962367532912016,1.97234249251187,5.00706345254856,4.85041422191262,5.98431379317124,2482.0,1618.0,Azerbaijan credit access and stability gold mart,2026-03-23 03:24:28.309385+00:00
2021-08-01,monthly,,,,,,Azerbaijan,AZE,30464.5925081,530.93098662,1.7427805294911947,4194.77172383,720.73132947,574.9014636,1814.58341227,1608.62363371,1922.55429907,18201.84976358,4573.876443222,701.7086389499973,,,,,8.51073860438545,5.07818949371401,9.08520943447916,14.0442654455398,9.6856194239835,16.2272385676606,1.54335119671726,0.97684654152402,1.97089480949116,5.14013844138753,5.00047884663369,6.01205789015766,3178.0,1639.0,Azerbaijan credit access and stability gold mart,2026-03-23 03:24:28.309385+00:00
2021-09-01,monthly,,,,,,Azerbaijan,AZE,31041.83715382,528.11218531,1.7012916558162234,4280.68970649,709.89420836,563.41360438,1819.7861096,1674.21736218,2095.1976209,18469.5707863,4625.393883939,684.8242512500001,,,,,8.58480796071378,5.31095869291743,9.04444794558452,14.1552901097594,9.78961056677585,16.2720354799679,1.52549808475928,0.963979996222436,1.94975715090276,4.93568847192802,4.78822760157563,5.85384141422131,2919.0,1722.0,Azerbaijan credit access and stability gold mart,2026-03-23 03:24:28.309385+00:00
2021-10-01,monthly,,,,,,Azerbaijan,AZE,31169.38948925,544.82034839,1.7479339740610027,4222.82271975,694.80772574,571.39704929,1832.0455471,1693.57204576,2124.10835956,18583.66008296,4626.220955292,678.433561860003,,,,,8.54372051149172,5.24232948513094,9.06225794857337,14.2713041324841,9.82647320891488,16.4095335670418,1.57141942546211,1.02461306236918,1.94384990849927,4.97597409544103,4.8463136391413,5.80403466596159,2981.0,1636.0,Azerbaijan credit access and stability gold mart,2026-03-23 03:24:28.309385+00:00
2021-11-01,monthly,,,,,,Azerbaijan,AZE,31451.06155609,557.58692734,1.772871565386104,4294.49588867,704.76407271,595.93315136,1861.13457934,1679.35428799,2143.44207752,18718.26500525,4640.047302012,665.9302716099976,,,,,8.57969230322088,5.31479525293901,9.08220362895678,14.3321644542655,9.87490276659364,16.4515299466295,1.56316894237486,1.03586646687788,1.92432790299495,5.0534498537415,4.90514325534591,6.07122591402919,2882.0,1486.0,Azerbaijan credit access and stability gold mart,2026-03-23 03:24:28.309385+00:00
2021-12-01,monthly,,,,,,Azerbaijan,AZE,31946.74079942,524.52293808,1.641866822575913,4413.2730642,684.11012719,593.21587833,1866.04719571,1691.94036167,2198.52713579,19052.89925689,4684.602275602,663.0672285899999,747.96612139728,0.05116344396492575,0.04059548067565244,0.02759536779720203,8.56786857815885,5.300686437329,9.085343258586,14.352115803765,9.89184283858474,16.5086595753802,1.49248390141881,0.996228316563217,1.83131826659695,5.00135406447997,4.83279600818263,6.21143605383576,2924.0,1773.0,Azerbaijan credit access and stability gold mart,2026-03-23 03:24:28.309385+00:00
2022-01-01,annual,,,,,,Azerbaijan,AZE,20183.98184788,593.7401019,2.9416400905174354,3302.95900245,649.86065914,629.0863036,1097.37975122,1059.78559137,792.6693219,11273.07877536,3013.012785005,677.3456201300025,,,,,,,,,,,,,,,,,,,Azerbaijan credit access and stability gold mart,2026-03-23 03:24:28.309385+00:00
2022-01-01,monthly,,,,,,Azerbaijan,AZE,,,,,,,,,,,,,779.292851032938,0.054451622869223046,0.03978344758252825,0.02685865275438193,8.58932327268593,5.31907621153006,9.11507384783989,14.3310402994173,9.9776442080344,16.4373968173062,1.48373358363344,0.989940459309028,1.81441103230566,4.80065560767376,4.71137086242746,5.45390965014198,2452.0,1165.0,Azerbaijan credit access and stability gold mart,2026-03-23 03:24:28.309385+00:00
2022-02-01,monthly,,,,,,Azerbaijan,AZE,,,,,,,,,,,,,776.20331534065,0.05339926049462572,0.0388427714820376,0.02496421684798624,8.62113505316201,5.42516618858731,9.11830480556356,14.3821870280678,10.0476192068531,16.4257591188654,1.47610783128099,0.991338378963831,1.79482213642917,4.79901150341676,4.71385023808713,5.43710682068941,2916.0,1495.0,Azerbaijan credit access and stability gold mart,2026-03-23 03:24:28.309385+00:00
2022-03-01,monthly,,,,,,Azerbaijan,AZE,,,,,,,,,,,,,811.551728489925,0.05473444787576778,0.03976997794130802,0.024708045169572035,8.64868566613348,5.4698052322823,9.1274990307267,14.3058577192643,10.0809905654903,16.3439603410898,1.46601950750403,0.993225514605344,1.7797722608727,4.7807085127099,4.70203410825744,5.37222524367853,3001.0,1628.0,Azerbaijan credit access and stability gold mart,2026-03-23 03:24:28.309385+00:00
2022-04-01,monthly,,,,,,Azerbaijan,AZE,,,,,,,,,,,,,813.768784662469,0.05383581737009586,0.040603665801285736,0.022232780948558028,8.7305520484873,5.65349734447594,9.16777638069184,14.2774216015181,10.1015936761764,16.2916458311815,1.45205197254127,0.970188933604598,1.75348371979388,4.75620163868697,4.68659886153531,5.2313451325033,3404.0,1935.0,Azerbaijan credit access and stability gold mart,2026-03-23 03:24:28.309385+00:00
2022-05-01,monthly,,,,,,Azerbaijan,AZE,,,,,,,,,,,,,847.270414640729,0.05547335351871294,0.0417166484288379,0.022187251303288653,8.72127184122051,5.66225280093737,9.13427409002641,14.2377509306829,10.1071808077813,16.2212146058328,1.42757760993508,0.996519314348148,1.68897881332377,4.75007165341017,4.67694198186906,5.31784283844655,3033.0,1716.0,Azerbaijan credit access and stability gold mart,2026-03-23 03:24:28.309385+00:00
2022-06-01,monthly,,,,,,Azerbaijan,AZE,,,,,,,,,,,,,826.0423396233,0.05257210747908569,0.04271136929839846,0.020151793285652954,8.72006560525786,5.67556455134184,9.13633054157392,14.260917119873,10.1960007140266,16.1728011235503,1.43271436988096,1.02086261782002,1.6767147727208,4.72386682638296,4.65223797461116,5.27639363563707,3127.0,1737.0,Azerbaijan credit access and stability gold mart,2026-03-23 03:24:28.309385+00:00
2022-07-01,monthly,,,,,,Azerbaijan,AZE,,,,,,,,,,,,,822.6193476395,0.05255989547916799,0.04118366198425234,0.019452279928312718,8.65069811919685,5.44545327823587,9.12964430415153,14.3128395174397,10.231128765781,16.2290591746836,1.29918497360382,0.814555824925602,1.65324585171044,4.77143720154246,4.70720001516368,5.30260666961441,2750.0,2133.0,Azerbaijan credit access and stability gold mart,2026-03-23 03:24:28.309385+00:00
2022-08-01,monthly,,,,,,Azerbaijan,AZE,,,,,,,,,,,,,778.8957381834,0.04951517047300542,0.038179214517379184,0.019273647901630896,8.5239701021015,5.05634480979577,9.17316692065194,14.3388014066165,10.215514391532,16.2530286785308,1.30946282709122,0.824177625736931,1.66452657182915,4.75955333861279,4.7068263824737,5.15913739488557,3476.0,2292.0,Azerbaijan credit access and stability gold mart,2026-03-23 03:24:28.309385+00:00
2022-09-01,monthly,,,,,,Azerbaijan,AZE,,,,,,,,,,,,,785.7179383139,0.04869897345640718,0.03752548987166866,0.018211530252674468,8.53878499121531,5.05465920912523,9.18814130081539,14.3701699474127,10.1730635909152,16.2863175460645,1.31193038898598,0.820285887320053,1.67534549960481,4.77074258003464,4.70338213712592,5.28566031899761,4136.0,2699.0,Azerbaijan credit access and stability gold mart,2026-03-23 03:24:28.309385+00:00
2022-10-01,monthly,,,,,,Azerbaijan,AZE,,,,,,,,,,,,,779.4997799931,0.048174787462269025,0.03617363435674282,0.016676110514913533,8.57283381915785,5.12942296046955,9.20002104845106,14.3358817518148,10.1407056288131,16.2812927804337,1.3254967567361,0.823064796047056,1.69364745469069,4.7816196010443,4.73910551149001,5.06458812440707,6097.0,2867.0,Azerbaijan credit access and stability gold mart,2026-03-23 03:24:28.309385+00:00
2022-11-01,monthly,,,,,,Azerbaijan,AZE,,,,,,,,,,,,,798.056956440374,0.0488980349159087,0.03728665030285027,0.015770167686132635,8.59824022676451,5.09562662879156,9.25458872395358,14.2918884557726,10.1361144151357,16.1954188321822,1.36641120671591,0.888172322001587,1.73009004504336,4.8030369395158,4.77579516779278,4.98271508950072,5562.0,2179.0,Azerbaijan credit access and stability gold mart,2026-03-23 03:24:28.309385+00:00
2022-12-01,monthly,,,,,,Azerbaijan,AZE,,,,,,,,,,,,,735.2648361674,0.04673663208712404,0.03213764748694901,0.014408367266789356,8.62129982620106,5.08180518201088,9.30549765386067,14.2078788214865,10.0188596436901,16.1486297762905,1.40085225416074,0.888728969748081,1.78364244299808,4.75962097927568,4.72104731638217,5.0066389348155,7470.0,3762.0,Azerbaijan credit access and stability gold mart,2026-03-23 03:24:28.309385+00:00
2023-01-01,annual,,,,,,Azerbaijan,AZE,23979.12436081,437.84492764,1.8259421030218543,3539.34619125,752.83353827,532.8336517,1133.75252679,1210.89045008,1426.2884051,14006.31972293,3630.819238998,800.8081499800066,,,,,,,,,,,,,,,,,,,Azerbaijan credit access and stability gold mart,2026-03-23 03:24:28.309385+00:00
2023-01-01,monthly,,,,,,Azerbaijan,AZE,,,,,,,,,,,,,751.445271844778,0.0472674509330347,0.03334520452881831,0.01494121841298612,8.60142290528802,5.12484964287372,9.28159493268545,14.1346523663763,9.99340113876221,16.036205532642,1.41441170820335,0.912117931763385,1.78849616834353,4.84803909315805,4.78372221115359,5.26282008087647,4083.0,2024.0,Azerbaijan credit access and stability gold mart,2026-03-23 03:24:28.309385+00:00
2023-02-01,monthly,,,,,,Azerbaijan,AZE,,,,,,,,,,,,,742.333706007406,0.04608348923160709,0.03415209128202231,0.013974289736287438,8.61471968285866,5.31848648384398,9.26265990308398,14.2401367857328,9.97579303652063,16.1513143139594,1.42875226708003,0.913127137381199,1.81635160199832,4.81667909478375,4.76860745898025,5.13043776293419,4439.0,1973.0,Azerbaijan credit access and stability gold mart,2026-03-23 03:24:28.309385+00:00
2023-03-01,monthly,,,,,,Azerbaijan,AZE,,,,,,,,,,,,,749.515054627657,0.04612915700532337,0.03331730864574191,0.014537943556006332,8.53645881293177,5.14226009178225,9.28424443930863,14.261356666204,9.97757619354491,16.1435324882948,1.50354091535845,1.14381362487024,1.80059369703399,4.81198809403722,4.76327934501693,5.12723512817491,4284.0,2540.0,Azerbaijan credit access and stability gold mart,2026-03-23 03:24:28.309385+00:00
2023-04-01,monthly,,,,,,Azerbaijan,AZE,,,,,,,,,,,,,770.3336320969,0.04705862760867659,0.033388617297801744,0.01402210840856498,8.51849155480812,5.09626480554845,9.30216456932887,14.2708311090089,10.06903502752,16.085318808675,1.56562917124798,1.24758789404363,1.83549579079396,4.77668149626737,4.73670352623567,5.04371869518879,5176.0,2312.0,Azerbaijan credit access and stability gold mart,2026-03-23 03:24:28.309385+00:00
2023-05-01,monthly,11170.8055462252,4965.0949600451995,2322.2037081,1774.3409387999998,2109.16593928,Azerbaijan,AZE,,,,,,,,,,,,,710.0090410587001,0.04133224858703417,0.033347449709846884,0.01247647776599587,8.50892773847603,5.21347996844188,9.29420958965438,14.2782569264246,10.1268890609635,16.046379536573,1.59550212916288,1.2891433726879,1.85768296977543,4.76892708058257,4.72992487393291,5.02531349203779,5805.0,2286.0,Azerbaijan credit access and stability gold mart,2026-03-23 03:24:28.309385+00:00
2023-06-01,monthly,11650.5031040751,5312.90699351369,2451.67204484,1751.19557355,2134.68767644,Azerbaijan,AZE,,,,,,,,,,,,,730.4014928720719,0.04080917411899324,0.03394198216267967,0.0121288820439852,8.44718148082648,5.30550542474568,9.25681371918754,14.3153650938346,10.1128069902258,16.1015688562943,1.63928747580419,1.36460904307526,1.87316177705782,4.8706178673977,4.84718968642274,5.03064338124111,5997.0,3597.0,Azerbaijan credit access and stability gold mart,2026-03-23 03:24:28.309385+00:00
2023-07-01,monthly,11622.6887628389,5307.997047445,2444.343483936,1662.782720638,2207.5316801900003,Azerbaijan,AZE,,,,,,,,,,,,,738.3827549866,0.041334712103110204,0.03395368798513537,0.012294379017835451,8.38539599274545,5.43112370170091,9.22462595501863,14.2813789909953,10.1337634247843,16.0603926086347,1.78452736329281,1.67386956893713,1.89121458438928,4.96207182259268,4.94799805026553,5.06739130841065,9829.0,8965.0,Azerbaijan credit access and stability gold mart,2026-03-23 03:24:28.309385+00:00
2023-08-01,monthly,11821.7917712836,5311.447272933,2492.80921256,1720.9657457600001,2296.53699877,Azerbaijan,AZE,,,,,,,,,,,,,777.259825679403,0.04339333561980033,0.033995615772457,0.01219578807368999,8.37735574421753,5.475875020701,9.23722766928313,14.2711393574337,10.1418851842379,15.9850945492067,1.8713594672179,1.83796366819692,1.90408239029563,5.00306726250744,4.97506932744057,5.3010017930096,8803.0,3293.0,Azerbaijan credit access and stability gold mart,2026-03-23 03:24:28.309385+00:00
2023-09-01,monthly,12078.6747372461,5412.302128159,2525.857220085,1727.42746092,2413.060191722,Azerbaijan,AZE,,,,,,,,,,,,,770.1549409926,0.04270403959711251,0.03200639107571095,0.0115070352428715,8.35630650395797,5.62206208973919,9.252575944363,14.2929304423752,10.1454909744968,15.9872919117171,1.88763669001722,1.85070203255608,1.92465534008427,4.99730242927363,4.97086852114575,5.27827778695376,7214.0,2302.0,Azerbaijan credit access and stability gold mart,2026-03-23 03:24:28.309385+00:00
2023-10-01,monthly,12246.3869346131,5722.250375627628,2313.99519267199,1681.41051199548,2528.7308543179997,Azerbaijan,AZE,,,,,,,,,,,,,666.6311036300001,0.03484610159031102,0.029956900788338278,0.01087520222463718,8.3271786922668,5.5980697394133,9.26099195401127,14.294579006932,10.1519411979705,15.9838813017565,1.94592975464803,1.9203047535184,1.9718913574263,5.06246895237593,5.051962306796,5.17075246711927,6494.0,2603.0,Azerbaijan credit access and stability gold mart,2026-03-23 03:24:28.309385+00:00
2023-11-01,monthly,12421.2469256614,5890.853875798,2288.76154846,1618.74601574,2622.8723848,Azerbaijan,AZE,,,,,,,,,,,,,662.6868136225,0.03391896207655223,0.029524851575466207,0.010735648007699496,8.20712452793187,5.62905132799572,9.2071129779424,14.3791481058988,10.1818210521104,16.057802137,1.95537340307257,1.89445520745408,2.01686927392852,5.1287103470581,5.15787364229832,4.78412381512869,15525.0,2521.0,Azerbaijan credit access and stability gold mart,2026-03-23 03:24:28.309385+00:00
2023-12-01,monthly,12616.7871148364,6251.7,2149.65,1585.5,2629.9,Azerbaijan,AZE,,,,,,,,,,,,,614.2149087573,0.02995920027758203,0.028367610466870478,0.01086748133692253,8.2200568020037,5.66269239261758,9.22890460543714,14.3431844663663,10.1707714730976,16.0057870923548,1.97137998982887,1.9077567170628,2.03743163288002,5.15703933584735,5.19039813729987,4.75945668548685,12936.0,3252.0,Azerbaijan credit access and stability gold mart,2026-03-23 03:24:28.309385+00:00
2024-01-01,annual,,,,,,Azerbaijan,AZE,29288.22732768,449.13973557,1.5335162847002446,4152.0145247,774.73987065,586.86496828,1858.36362631,1597.79041755,1859.89845321,17030.99894771,4273.026215005,790.6081376800018,,,,,,,,,,,,,,,,,,,Azerbaijan credit access and stability gold mart,2026-03-23 03:24:28.309385+00:00
2024-01-01,monthly,12912.9167529946,6849.818964169999,1884.59871333,1546.3247116799998,2632.1747660300002,Azerbaijan,AZE,,,,,,,,,,,,,645.3585808577,0.031090460130000955,0.029215288712304364,0.010739463280168669,8.19198245610877,5.63062118348634,9.25506016766297,14.3058276570629,10.1405664301854,16.0031463459401,1.99601877899684,1.92076507904836,2.08088090097808,5.11830784958151,5.15636721507683,4.66974391707669,7287.0,3130.0,Azerbaijan credit access and stability gold mart,2026-03-23 03:24:28.309385+00:00
2024-02-01,monthly,13063.7357667661,7094.281928279999,1794.60333446,1501.4793211699998,2673.31503999,Azerbaijan,AZE,,,,,,,,,,,,,672.807544765459,0.03310550123719045,0.02944454187221513,0.01069072025200547,8.32990048523609,5.71963620811559,9.28694470233108,14.3842546942286,10.1448574928603,16.0849350367384,2.37708726261341,2.42523143607689,2.31879923803595,5.29772959843694,5.34544307060287,4.6638819740354,7925.0,2956.0,Azerbaijan credit access and stability gold mart,2026-03-23 03:24:28.309385+00:00
2024-03-01,monthly,13201.5398289959,7341.583046845,1716.8464312896801,1464.15720611584,2678.944209418,Azerbaijan,AZE,,,,,,,,,,,,,660.20954244928,0.03161738952438149,0.028540206058409224,0.010369136829743763,8.39419625266636,5.95281316737901,9.31572051536575,14.3802254025886,10.173816136148,16.0760257613031,2.39673951006936,2.36763176897655,2.43398975243995,5.29041858883669,5.33829410769753,4.64983797902722,7620.0,2597.0,Azerbaijan credit access and stability gold mart,2026-03-23 03:24:28.309385+00:00
2024-04-01,monthly,13476.3615803586,7673.186493630001,1608.04953559,1433.95396787,2761.15206531,Azerbaijan,AZE,,,,,,,,,,,,,671.2165838189,0.030380698674760953,0.03027540189367263,0.010405472550139478,8.38720155902476,6.03077177533824,9.34259325829929,14.3750129087388,10.2292826251088,16.0614868124433,2.47042044567781,2.45858927283514,2.48455122548946,5.31068304368968,5.35705848223079,4.67875814355228,9550.0,3338.0,Azerbaijan credit access and stability gold mart,2026-03-23 03:24:28.309385+00:00
2024-05-01,monthly,13784.7291126028,7927.83491436,1676.02115299,1449.69779284,2731.17617083,Azerbaijan,AZE,,,,,,,,,,,,,690.3040973731,0.030164815920092247,0.031155149642843095,0.010645179728920276,8.37145396143805,6.15664876416628,9.27853791276783,14.369647925244,10.2772267707513,16.0579226827063,2.49954104776595,2.46810310605967,2.53591733522583,5.32602665432198,5.37999875103164,4.58781106185791,11549.0,3480.0,Azerbaijan credit access and stability gold mart,2026-03-23 03:24:28.309385+00:00
2024-06-01,monthly,13874.8209794241,7965.023061364,1717.86073813938,1448.55691510564,2743.28169092,Azerbaijan,AZE,,,,,,,,,,,,,672.8145148095,0.029283625000822495,0.029650733546924022,0.010242884231363941,8.38211992001534,6.17184300657445,9.31466551881415,14.4042373841578,10.3988824863316,16.090758588198,2.5662991466558,2.5373473677777,2.5999832033579,5.33886815083287,5.38909161254044,4.62107837087903,8340.0,4222.0,Azerbaijan credit access and stability gold mart,2026-03-23 03:24:28.309385+00:00
2024-07-01,monthly,13910.0901510551,7886.1,1735.7,1515.9,2772.4,Azerbaijan,AZE,,,,,,,,,,,,,687.7023791372,0.029479423989131823,0.030836580906672923,0.009501370153391949,8.43308557087797,6.36974955330312,9.36320802321375,14.4479388494833,10.4609997629067,16.1368903358507,2.77126893824983,2.88494193158963,2.65354510219149,5.37789751705142,5.45329387618355,4.41278890414325,14123.0,4003.0,Azerbaijan credit access and stability gold mart,2026-03-23 03:24:28.309385+00:00
2024-08-01,monthly,13999.8433346194,7848.0266938760005,1747.37384272139,1522.3283732300001,2882.11388993,Azerbaijan,AZE,,,,,,,,,,,,,706.62908687468,0.02977632720954537,0.031768514170454495,0.008857822986203629,8.56491184234482,6.72616263356316,9.36078572779607,14.4782289818258,10.5048450798997,16.1261327467842,2.81975764608566,2.89502316892351,2.73614311429829,5.3964754102389,5.45857364668739,4.58933297757695,14522.0,4309.0,Azerbaijan credit access and stability gold mart,2026-03-23 03:24:28.309385+00:00
2024-09-01,monthly,14407.8515522007,8133.803874339999,1750.22874236,1571.90756401,2951.9114658,Azerbaijan,AZE,,,,,,,,,,,,,707.32870994778,0.029692612485353896,0.029889103302093177,0.00864646814757191,8.59719732404721,6.8170573676071,9.38420647257712,14.5507153747438,10.5319659450409,16.1783741310983,2.87497835815141,2.98610218594357,2.75941741020075,5.45919371133941,5.52414426054343,4.62830500483878,13669.0,3686.0,Azerbaijan credit access and stability gold mart,2026-03-23 03:24:28.309385+00:00
2024-10-01,monthly,14628.1487400218,8236.3,1795.1,1572.6,3024.1,Azerbaijan,AZE,,,,,,,,,,,,,703.256118778928,0.028211764967969895,0.03093063853280149,0.008272139164380212,8.6259474818937,6.78769841300984,9.47098562077684,14.5745293645655,10.5079793315136,16.2542003283515,2.89804265376489,2.98461434938419,2.80806305649301,5.4481907853747,5.50960024001851,4.66771462295981,16807.0,3245.0,Azerbaijan credit access and stability gold mart,2026-03-23 03:24:28.309385+00:00
2024-11-01,monthly,14746.6828072006,8290.918884299661,1829.82803018291,1535.6748802167701,3090.2659858479997,Azerbaijan,AZE,,,,,,,,,,,,,714.898534914052,0.028200932391352292,0.03226994890129216,0.008443255323279582,8.65215982535375,6.73378757806306,9.53918494483674,14.5798584655357,10.5593578548265,16.2556426862772,2.9158353128102,2.99808414422986,2.83103670241372,5.46919613633398,5.53370915164695,4.62817695779238,14764.0,3582.0,Azerbaijan credit access and stability gold mart,2026-03-23 03:24:28.309385+00:00
2024-12-01,monthly,14787.1851946734,8297.33309396102,1834.0254177429101,1548.56800767147,3107.258675298,Azerbaijan,AZE,,,,,,,,,,,,,655.092674620092,0.025345544572066735,0.029165986257746097,0.008007899051264885,8.68194280376391,6.72092372444942,9.61801778768692,14.639645585513,10.6512500039807,16.3089759964626,2.95278207244682,3.04767459953621,2.85676560514577,5.48152864448695,5.5790144297526,4.3226778323921,20846.0,10786.0,Azerbaijan credit access and stability gold mart,2026-03-23 03:24:28.309385+00:00
2025-01-01,annual,,,,,,Azerbaijan,AZE,31946.74079942,524.52293808,1.641866822575913,4413.2730642,684.11012719,593.21587833,1866.04719571,1691.94036167,2198.52713579,19052.89925689,4684.602275602,663.0672285899999,,,,,,,,,,,,,,,,,,,Azerbaijan credit access and stability gold mart,2026-03-23 03:24:28.309385+00:00
2025-01-01,monthly,14709.9177021613,8255.68080449788,1865.41596229382,1540.2814087916,3048.539526578,Azerbaijan,AZE,,,,,,,,,,,,,690.630794054872,0.026474366456501724,0.031246942512784617,0.007989764885118551,8.75052754856495,6.80076843817462,9.73570513991456,14.6596524289184,10.7133090683676,16.3173674977505,3.00225961145865,3.10221720882067,2.90135219341463,5.56519585803876,5.66521741245771,4.38871515650917,14488.0,4874.0,Azerbaijan credit access and stability gold mart,2026-03-23 03:24:28.309385+00:00
2025-02-01,monthly,14776.9784619727,8332.2253395448,1947.85861000532,1488.91378583288,3007.978940368,Azerbaijan,AZE,,,,,,,,,,,,,698.550947048066,0.025881745098039692,0.0330208651316283,0.007952146211205836,8.84088528381421,6.82662013671622,9.85643834171588,14.8305993280126,10.811593260649,16.497059955073,3.01996599869792,3.10963081505466,2.92916828092903,5.53878608801136,5.63203454359608,4.40858368027172,15055.0,4024.0,Azerbaijan credit access and stability gold mart,2026-03-23 03:24:28.309385+00:00
2025-03-01,monthly,14935.0383741286,8361.19527682948,1970.20813049601,1531.4205376850098,3072.212841388,Azerbaijan,AZE,,,,,,,,,,,,,709.908961116714,0.02619401941086914,0.032959521580074605,0.008097181485422331,8.87239074054441,6.8845288047823,9.90950561187476,14.810105758931,10.8662808287978,16.4589454110251,3.05218740542267,3.10957196663727,2.9956952279336,5.60193764648388,5.67016799302897,4.69014985338207,11049.0,2693.0,Azerbaijan credit access and stability gold mart,2026-03-23 03:24:28.309385+00:00
2025-04-01,monthly,14952.6763686257,8399.10816580209,1903.9794158640002,1516.03310230641,3133.55536545467,Azerbaijan,AZE,,,,,,,,,,,,,734.106470751084,0.026279897340687006,0.035029349475626345,0.00789938582488162,9.04877900969262,7.06734408517237,9.98400402723829,14.8210526016471,10.9338838290984,16.4524328692877,3.06735671015939,3.12887797101978,3.00788301202727,5.64996653989879,5.7250160504887,4.67041599074351,17923.0,5952.0,Azerbaijan credit access and stability gold mart,2026-03-23 03:24:28.309385+00:00
2025-05-01,monthly,15099.9752762721,8486.53333981652,1919.215146364,1504.6650339011999,3189.56169062828,Azerbaijan,AZE,,,,,,,,,,,,,776.394574629036,0.027864649809140392,0.035985346016887916,0.008177769966534536,8.91744825180769,7.18197757560196,10.0821378186867,14.9540733676057,11.0602588951097,16.5643705419213,3.14846972691883,3.22427344000204,3.08039274786649,5.66445061107992,5.73815464394887,4.67331387635373,15633.0,3621.0,Azerbaijan credit access and stability gold mart,2026-03-23 03:24:28.309385+00:00
2025-06-01,monthly,15143.678,8507.88836554808,1930.59557334364,1503.19999755712,3201.9944128800003,Azerbaijan,AZE,,,,,,,,,,,,,787.023606217644,0.028448957826569466,0.0360734254729259,0.007947895539495828,8.86772887122429,7.10708227451337,10.2107787969171,15.0398370664333,11.1477713900245,16.667411354241,3.142340182539,3.2054152236816,3.0858576177207,5.66417885909567,5.74353226763703,4.56434825148985,11665.0,3330.0,Azerbaijan credit access and stability gold mart,2026-03-23 03:24:28.309385+00:00
2025-07-01,monthly,15055.804,8221.41917081016,2017.78498122,1528.9598928799999,3287.64003413,Azerbaijan,AZE,,,,,,,,,,,,,791.8726391665,0.029685026857107905,0.03461847926849115,0.007499416885220485,8.85710932384797,7.09899888079222,10.260162456038,15.0820194606016,11.2384648592906,16.6983565914649,3.16766371761939,3.24237733860385,3.09810677980525,5.71315315743799,5.79090154685761,4.60307181086306,15269.0,3879.0,Azerbaijan credit access and stability gold mart,2026-03-23 03:24:28.309385+00:00
2025-08-01,monthly,15091.8031698048,8034.668725971,2137.11947829,1573.50426111,3346.50964354,Azerbaijan,AZE,,,,,,,,,,,,,791.20507881074,0.02977631106003964,0.0340335038199371,0.007030738208411078,8.96537028599001,7.20917497680041,10.2978166239191,15.2159721247943,11.3743525504535,16.8012495479621,3.20036690287526,3.26595406073504,3.13870516590516,5.80239798151381,5.8797518697605,4.64830969009553,14756.0,3176.0,Azerbaijan credit access and stability gold mart,2026-03-23 03:24:28.309385+00:00
2025-09-01,monthly,15544.5605541035,8256.41000640998,2250.1698522700003,1619.86559446,3418.11450493,Azerbaijan,AZE,,,,,,,,,,,,,797.6176827883,0.029003792671706174,0.0342162296411492,0.007154635819880655,9.04779414394063,7.16673078349773,10.2991330840183,15.3058898640158,11.409383593683,16.9024199209764,3.19511182872199,3.24950097227094,3.14319124406733,5.83754844679267,5.92012869849624,4.65143732806436,16958.0,3882.0,Azerbaijan credit access and stability gold mart,2026-03-23 03:24:28.309385+00:00
2025-10-01,monthly,15623.4322780912,8285.54781367704,2266.05196202,1629.38674647,3442.44486783,Azerbaijan,AZE,,,,,,,,,,,,,805.25845640246,0.028635658751142212,0.0352850147398569,0.007059260081432944,9.11742129253428,7.12320175310717,10.3161173956021,15.3111453926541,11.4810343363804,16.9058066407739,3.18973846390369,3.24397837342215,3.13686830285697,5.79836330062262,5.86934727616087,4.74982540897832,19179.0,4319.0,Azerbaijan credit access and stability gold mart,2026-03-23 03:24:28.309385+00:00
2025-11-01,monthly,15804.7851066378,8363.7801377052,2279.1867448681,1642.0055782951001,3519.8130831736,Azerbaijan,AZE,,,,,,,,,,,,,817.973418711,0.02833039683006816,0.036382364776165715,0.006834102947456899,8.999994671747,7.09580330043755,10.2985058389105,15.4206407221876,11.584877060252,17.0135475107446,3.19274626093331,3.2476876882747,3.13991619024812,5.77735478384468,5.84543090848445,4.76555541738819,16619.0,38316.0,Azerbaijan credit access and stability gold mart,2026-03-23 03:24:28.309385+00:00
2025-12-01,monthly,16106.290412772,8550.21,2289.038,1706.94,3560.102,Azerbaijan,AZE,,,,,,,,,,,,,762.568024455882,0.026625398793873753,0.03256281713425748,0.0063293918738535696,8.91168873239836,7.0877406272281,10.2857811720538,15.5787102928919,11.6589788966568,17.2100401927626,3.18236012003337,3.24070858963554,3.12525698763648,5.79575348873892,5.86650919990403,4.73504397086152,20281.0,175284.0,Azerbaijan credit access and stability gold mart,2026-03-23 03:24:28.309385+00:00
2026-01-01,annual,,,,,,Azerbaijan,AZE,,,,,,,,,,,,,,,,,,,,,,,,,,,,,,,Azerbaijan credit access and stability gold mart,2026-03-23 03:24:28.309385+00:00
2026-01-01,monthly,15948.85550383,8346.98145357784,2245.5906861931203,1695.2151159520402,3661.068248107,Azerbaijan,AZE,,,,,,,,,,,,,793.995461241192,0.02890955127355525,0.03223782872966525,0.006307981149767876,9.44150038555491,7.15093008797834,10.257152581871,15.4444538685239,11.627532518747,17.074783369544,3.17609481425883,3.1890972831373,3.16384369564565,5.80096622949753,5.90050940804435,4.5705295241364,16819.0,3540722.0,Azerbaijan credit access and stability gold mart,2026-03-23 03:24:28.309385+00:00
2026-02-01,monthly,,,,,,Azerbaijan,AZE,,,,,,,,,,,,,,,,,9.41627210772644,7.16534090811099,10.2222153086087,15.6241054538424,11.8059073004757,17.2163291107542,3.15494401246201,3.16017887618106,3.14992819590725,5.81104145035916,5.9122234858441,4.52179405095452,,,Azerbaijan credit access and stability gold mart,2026-03-23 03:24:28.309385+00:00
