month,bank_customers_total_people,bank_customers_individuals_people,bank_customers_individual_entrepreneurs_people,bank_customers_legal_entities_people,customer_accounts_total_count,customer_accounts_transaction_count,customer_accounts_credit_count,customer_accounts_deposit_count,transaction_accounts_individuals_count,transaction_accounts_individual_entrepreneurs_count,transaction_accounts_legal_entities_count,internet_banking_users_count,internet_banking_legal_entities_count,mobile_banking_users_count,mobile_banking_legal_entities_count,source_file,bulletin_period,country_name,country_iso,source_name,load_timestamp
2009-12-01,1941067,1870679,37190,70388,2262771,2062134,,200637,1979434,41530,82700,,,,,statistical_bulletin_2026_01.xlsx,2026-01-01,Azerbaijan,AZE,CBAR statistical bulletin table 4.7,2026-03-23 03:20:55.661429+00:00
2010-01-01,1982853,1911512,37647,71341,2308743,2100858,,207885,2017075,41723,83783,,,,,statistical_bulletin_2026_01.xlsx,2026-01-01,Azerbaijan,AZE,CBAR statistical bulletin table 4.7,2026-03-23 03:20:55.661429+00:00
2010-02-01,2032673,1959886,38333,72787,2367720,2150296,,217424,2065387,42540,84909,,,,,statistical_bulletin_2026_01.xlsx,2026-01-01,Azerbaijan,AZE,CBAR statistical bulletin table 4.7,2026-03-23 03:20:55.661429+00:00
2010-03-01,2071691,1996066,44110,75625,2426570,2202328,,224242,2118964,48723,83364,,,,,statistical_bulletin_2026_01.xlsx,2026-01-01,Azerbaijan,AZE,CBAR statistical bulletin table 4.7,2026-03-23 03:20:55.661429+00:00
2010-04-01,2125741,2045974,50799,79767,2460337,2229516,,230821,2142588,55586,86928,,,,,statistical_bulletin_2026_01.xlsx,2026-01-01,Azerbaijan,AZE,CBAR statistical bulletin table 4.7,2026-03-23 03:20:55.661429+00:00
2010-05-01,2192577,2111006,51389,81571,2537995,2291771,,241315,2205517,56321,88134,,,,,statistical_bulletin_2026_01.xlsx,2026-01-01,Azerbaijan,AZE,CBAR statistical bulletin table 4.7,2026-03-23 03:20:55.661429+00:00
2010-06-01,2247948,2165001,51983,82947,2626128,2375528,,250600,2285951,57031,89577,,,,,statistical_bulletin_2026_01.xlsx,2026-01-01,Azerbaijan,AZE,CBAR statistical bulletin table 4.7,2026-03-23 03:20:55.661429+00:00
2010-07-01,2322626,2238188,53076,84438,2712546,2451885,,260661,2361082,57926,90803,,,,,statistical_bulletin_2026_01.xlsx,2026-01-01,Azerbaijan,AZE,CBAR statistical bulletin table 4.7,2026-03-23 03:20:55.661429+00:00
2010-08-01,2382378,2297127,53567,85251,2798023,2530124,,267899,2438274,63333,91850,,,,,statistical_bulletin_2026_01.xlsx,2026-01-01,Azerbaijan,AZE,CBAR statistical bulletin table 4.7,2026-03-23 03:20:55.661429+00:00
2010-09-01,2383798,2383798,52936,82818,2837109,2560042,,277067,2468994,62200,91048,,,,,statistical_bulletin_2026_01.xlsx,2026-01-01,Azerbaijan,AZE,CBAR statistical bulletin table 4.7,2026-03-23 03:20:55.661429+00:00
2010-10-01,2503316,2415053,64766,88263,2975397,2683341,,292056,2589037,64766,94304,,,,,statistical_bulletin_2026_01.xlsx,2026-01-01,Azerbaijan,AZE,CBAR statistical bulletin table 4.7,2026-03-23 03:20:55.661429+00:00
2010-11-01,2546604,2457313,54479,89291,3057713,2757026,,300687,2661913,64616,95113,,,,,statistical_bulletin_2026_01.xlsx,2026-01-01,Azerbaijan,AZE,CBAR statistical bulletin table 4.7,2026-03-23 03:20:55.661429+00:00
2010-12-01,2588957,2494325,57965,94632,3173876,2896583,,277293,2772884,68717,123699,,,,,statistical_bulletin_2026_01.xlsx,2026-01-01,Azerbaijan,AZE,CBAR statistical bulletin table 4.7,2026-03-23 03:20:55.661429+00:00
2011-01-01,2532935,2449042,46450,83893,3273522,3009183,,264339,2885233,62677,123950,,,,,statistical_bulletin_2026_01.xlsx,2026-01-01,Azerbaijan,AZE,CBAR statistical bulletin table 4.7,2026-03-23 03:20:55.661429+00:00
2011-02-01,2576435,2493277,44825,83158,3217098,2944542,,272556,2823337,61019,121205,,,,,statistical_bulletin_2026_01.xlsx,2026-01-01,Azerbaijan,AZE,CBAR statistical bulletin table 4.7,2026-03-23 03:20:55.661429+00:00
2011-03-01,2551432,2468503,41358,82929,3299264,3018754,,280510,2897219,60102,121535,,,,,statistical_bulletin_2026_01.xlsx,2026-01-01,Azerbaijan,AZE,CBAR statistical bulletin table 4.7,2026-03-23 03:20:55.661429+00:00
2011-04-01,2497754,2415694,41759,82060,3294808,3006587,,288221,2886039,62954,120548,,,,,statistical_bulletin_2026_01.xlsx,2026-01-01,Azerbaijan,AZE,CBAR statistical bulletin table 4.7,2026-03-23 03:20:55.661429+00:00
2011-05-01,2582960,2498982,43583,83978,3411641,3120003,,291638,2996137,64686,123866,,,,,statistical_bulletin_2026_01.xlsx,2026-01-01,Azerbaijan,AZE,CBAR statistical bulletin table 4.7,2026-03-23 03:20:55.661429+00:00
2011-06-01,2658675,2574312,44677,84363,3516574,3217030,,299544,3096908,66435,120122,,,,,statistical_bulletin_2026_01.xlsx,2026-01-01,Azerbaijan,AZE,CBAR statistical bulletin table 4.7,2026-03-23 03:20:55.661429+00:00
2011-07-01,2664188,2577896,45622,86292,3615651,3308956,,306695,3180614,67479,128342,,,,,statistical_bulletin_2026_01.xlsx,2026-01-01,Azerbaijan,AZE,CBAR statistical bulletin table 4.7,2026-03-23 03:20:55.661429+00:00
2011-08-01,2746704,2660204,46097,86500,3687878,3373043,,314835,3243111,66949,129932,,,,,statistical_bulletin_2026_01.xlsx,2026-01-01,Azerbaijan,AZE,CBAR statistical bulletin table 4.7,2026-03-23 03:20:55.661429+00:00
2011-09-01,2732671,2645243,46367,87428,3692107,3367163,,324944,3234314,66865,132849,,,,,statistical_bulletin_2026_01.xlsx,2026-01-01,Azerbaijan,AZE,CBAR statistical bulletin table 4.7,2026-03-23 03:20:55.661429+00:00
2011-10-01,2821827,2736328,52053,85499,3896163,3566494,,329669,3431999,68612,134495,,,,,statistical_bulletin_2026_01.xlsx,2026-01-01,Azerbaijan,AZE,CBAR statistical bulletin table 4.7,2026-03-23 03:20:55.661429+00:00
2011-11-01,2868688,2783452,52678,85236,3988446,3650090,,338356,3515624,69417,134466,,,,,statistical_bulletin_2026_01.xlsx,2026-01-01,Azerbaijan,AZE,CBAR statistical bulletin table 4.7,2026-03-23 03:20:55.661429+00:00
2011-12-01,2916678,2831807,53175,84871,4077125,3730551,,346574,3604632,70791,125919,,,,,statistical_bulletin_2026_01.xlsx,2026-01-01,Azerbaijan,AZE,CBAR statistical bulletin table 4.7,2026-03-23 03:20:55.661429+00:00
2012-01-01,2912461,2829041,52803,83420,4146445,3786037,,360408,3648841,70812,137196,,,,,statistical_bulletin_2026_01.xlsx,2026-01-01,Azerbaijan,AZE,CBAR statistical bulletin table 4.7,2026-03-23 03:20:55.661429+00:00
2012-02-01,2948643,2864224,56881,84419,4236074,3870516,,365558,3731715,75139,138801,,,,,statistical_bulletin_2026_01.xlsx,2026-01-01,Azerbaijan,AZE,CBAR statistical bulletin table 4.7,2026-03-23 03:20:55.661429+00:00
2012-03-01,3002854,2917672,60914,85182,4345888,3970480,,375408,3830047,79374,140433,,,,,statistical_bulletin_2026_01.xlsx,2026-01-01,Azerbaijan,AZE,CBAR statistical bulletin table 4.7,2026-03-23 03:20:55.661429+00:00
2012-04-01,3068357,2981865,65497,86492,4478163,4097355,,380808,3952487,82942,144868,,,,,statistical_bulletin_2026_01.xlsx,2026-01-01,Azerbaijan,AZE,CBAR statistical bulletin table 4.7,2026-03-23 03:20:55.661429+00:00
2012-05-01,3223003,3127593,67957,95411,4723638,4331798,,391840,4180423,86888,151375,,,,,statistical_bulletin_2026_01.xlsx,2026-01-01,Azerbaijan,AZE,CBAR statistical bulletin table 4.7,2026-03-23 03:20:55.661429+00:00
2012-06-01,3290332,3194176,69007,96157,4838585,4444123,,394462,4299611,87921,144512,,,,,statistical_bulletin_2026_01.xlsx,2026-01-01,Azerbaijan,AZE,CBAR statistical bulletin table 4.7,2026-03-23 03:20:55.661429+00:00
2012-07-01,3265944,3177283,67593,88662,4918895,4522489,,396406,4380219,85240,142270,,,,,statistical_bulletin_2026_01.xlsx,2026-01-01,Azerbaijan,AZE,CBAR statistical bulletin table 4.7,2026-03-23 03:20:55.661429+00:00
2012-08-01,3303798,3214431,68221,89368,5046228,4643638,,402590,4492485,86016,151153,,,,,statistical_bulletin_2026_01.xlsx,2026-01-01,Azerbaijan,AZE,CBAR statistical bulletin table 4.7,2026-03-23 03:20:55.661429+00:00
2012-09-01,3402481,3312173,69916,90309,5221689,4811365,,410324,4658566,87863,152799,,,,,statistical_bulletin_2026_01.xlsx,2026-01-01,Azerbaijan,AZE,CBAR statistical bulletin table 4.7,2026-03-23 03:20:55.661429+00:00
2012-10-01,3491747,3400605,70950,91142,5425651,5008463,,417188,4854085,89231,154378,,,,,statistical_bulletin_2026_01.xlsx,2026-01-01,Azerbaijan,AZE,CBAR statistical bulletin table 4.7,2026-03-23 03:20:55.661429+00:00
2012-11-01,3579947,3487918,72220,92029,5632906,5211062,,421844,5054997,90448,156065,,,,,statistical_bulletin_2026_01.xlsx,2026-01-01,Azerbaijan,AZE,CBAR statistical bulletin table 4.7,2026-03-23 03:20:55.661429+00:00
2012-12-01,3702832,3609503,83858,93329,5899888,5471017,,428871,5313983,92132,157034,,,,,statistical_bulletin_2026_01.xlsx,2026-01-01,Azerbaijan,AZE,CBAR statistical bulletin table 4.7,2026-03-23 03:20:55.661429+00:00
2013-01-01,3794593,3700693,75212,93900,5677206,5248493,,428713,5076977,93884,171516,,,,,statistical_bulletin_2026_01.xlsx,2026-01-01,Azerbaijan,AZE,CBAR statistical bulletin table 4.7,2026-03-23 03:20:55.661429+00:00
2013-02-01,3916585,3820397,79184,96188,5923980,5487185,,436795,5315173,98577,172012,,,,,statistical_bulletin_2026_01.xlsx,2026-01-01,Azerbaijan,AZE,CBAR statistical bulletin table 4.7,2026-03-23 03:20:55.661429+00:00
2013-03-01,4003943,3907170,79931,96773,6241709,5777900,,463809,5601833,100485,176067,,,,,statistical_bulletin_2026_01.xlsx,2026-01-01,Azerbaijan,AZE,CBAR statistical bulletin table 4.7,2026-03-23 03:20:55.661429+00:00
2013-04-01,4157795,4060550,81332,97245,6584971,6113163,,471808,5938444,102116,174719,,,,,statistical_bulletin_2026_01.xlsx,2026-01-01,Azerbaijan,AZE,CBAR statistical bulletin table 4.7,2026-03-23 03:20:55.661429+00:00
2013-05-01,4274679,4178449,82828,96230,6793012,6307822,,485190,6111312,125878,196510,,,,,statistical_bulletin_2026_01.xlsx,2026-01-01,Azerbaijan,AZE,CBAR statistical bulletin table 4.7,2026-03-23 03:20:55.661429+00:00
2013-06-01,4412251,4315208,83928,97043,7078725,6594824,,483901,6420247,127261,174577,,,,,statistical_bulletin_2026_01.xlsx,2026-01-01,Azerbaijan,AZE,CBAR statistical bulletin table 4.7,2026-03-23 03:20:55.661429+00:00
2013-07-01,4615706,4517856,84524,97850,7385214,6894277,,490937,6727799,127200,166478,,,,,statistical_bulletin_2026_01.xlsx,2026-01-01,Azerbaijan,AZE,CBAR statistical bulletin table 4.7,2026-03-23 03:20:55.661429+00:00
2013-08-01,4755237,4654413,85866,100824,7681665,7181640,,500025,7002609,129313,179031,,,,,statistical_bulletin_2026_01.xlsx,2026-01-01,Azerbaijan,AZE,CBAR statistical bulletin table 4.7,2026-03-23 03:20:55.661429+00:00
2013-09-01,4860358,4761452,85676,98906,8009442,7502445,,506997,7324918,130797,177527,,,,,statistical_bulletin_2026_01.xlsx,2026-01-01,Azerbaijan,AZE,CBAR statistical bulletin table 4.7,2026-03-23 03:20:55.661429+00:00
2013-10-01,5110636,5009287,89288,101349,8382999,7860256,,522743,7679541,131050,180715,,,,,statistical_bulletin_2026_01.xlsx,2026-01-01,Azerbaijan,AZE,CBAR statistical bulletin table 4.7,2026-03-23 03:20:55.661429+00:00
2013-11-01,5178214,5082662,87776,95552,8658990,8128804,,530186,7944250,134941,184554,,,,,statistical_bulletin_2026_01.xlsx,2026-01-01,Azerbaijan,AZE,CBAR statistical bulletin table 4.7,2026-03-23 03:20:55.661429+00:00
2013-12-01,5275532,5175865,89357,99667,8999842,8459677,,540165,8269663,134113,190014,,,,,statistical_bulletin_2026_01.xlsx,2026-01-01,Azerbaijan,AZE,CBAR statistical bulletin table 4.7,2026-03-23 03:20:55.661429+00:00
2014-01-01,4839561,4741921,91741,97640,9073335,8553925,,519410,8368683,138247,185242,,,,,statistical_bulletin_2026_01.xlsx,2026-01-01,Azerbaijan,AZE,CBAR statistical bulletin table 4.7,2026-03-23 03:20:55.661429+00:00
2014-02-01,4350499,4253059,87354,97440,10449446,7887474,2267892.0,294080,7726419,129629,161055,,,,,statistical_bulletin_2026_01.xlsx,2026-01-01,Azerbaijan,AZE,CBAR statistical bulletin table 4.7,2026-03-23 03:20:55.661429+00:00
2014-03-01,4382781,4292809,91047,89972,10747591,8098597,2345808.0,303186,7936357,136123,162240,,,,,statistical_bulletin_2026_01.xlsx,2026-01-01,Azerbaijan,AZE,CBAR statistical bulletin table 4.7,2026-03-23 03:20:55.661429+00:00
2014-04-01,4505563,4414764,103230,90799,11163629,8425491,2429275.0,308863,8254305,144354,171186,,,,,statistical_bulletin_2026_01.xlsx,2026-01-01,Azerbaijan,AZE,CBAR statistical bulletin table 4.7,2026-03-23 03:20:55.661429+00:00
2014-05-01,4640809,4548984,114871,91825,11580494,8722149,2535111.0,323234,8545788,151969,176361,,,,,statistical_bulletin_2026_01.xlsx,2026-01-01,Azerbaijan,AZE,CBAR statistical bulletin table 4.7,2026-03-23 03:20:55.661429+00:00
2014-06-01,4754509,4661812,119894,92697,11917159,8956740,2623989.0,336430,8782541,161292,174199,,,,,statistical_bulletin_2026_01.xlsx,2026-01-01,Azerbaijan,AZE,CBAR statistical bulletin table 4.7,2026-03-23 03:20:55.661429+00:00
2014-07-01,4877035,4783165,136195,93870,12271873,9230102,2694253.0,347518,9054303,167157,175799,,,,,statistical_bulletin_2026_01.xlsx,2026-01-01,Azerbaijan,AZE,CBAR statistical bulletin table 4.7,2026-03-23 03:20:55.661429+00:00
2014-08-01,4998381,4904285,143714,94096,12634082,9481842,2794467.0,357773,9305220,171037,176622,,,,,statistical_bulletin_2026_01.xlsx,2026-01-01,Azerbaijan,AZE,CBAR statistical bulletin table 4.7,2026-03-23 03:20:55.661429+00:00
2014-09-01,5084965,4989783,149974,95182,12980149,9718336,2893596.0,368217,9540564,174308,177772,,,,,statistical_bulletin_2026_01.xlsx,2026-01-01,Azerbaijan,AZE,CBAR statistical bulletin table 4.7,2026-03-23 03:20:55.661429+00:00
2014-10-01,5238250,5138124,158888,100126,13465080,10083739,3003322.0,378019,9901652,179977,182087,,,,,statistical_bulletin_2026_01.xlsx,2026-01-01,Azerbaijan,AZE,CBAR statistical bulletin table 4.7,2026-03-23 03:20:55.661429+00:00
2014-11-01,5356242,5255866,165720,100376,13894410,10435538,3070297.0,388575,10254295,183981,181243,,,,,statistical_bulletin_2026_01.xlsx,2026-01-01,Azerbaijan,AZE,CBAR statistical bulletin table 4.7,2026-03-23 03:20:55.661429+00:00
2014-12-01,5146029,5049500,168941,96529,13985130,10447130,3136408.0,401592,10271550,184280,175580,,,,,statistical_bulletin_2026_01.xlsx,2026-01-01,Azerbaijan,AZE,CBAR statistical bulletin table 4.7,2026-03-23 03:20:55.661429+00:00
2015-01-01,5062382,4967148,167372,95234,13807552,10396083,3024092.0,387377,10229764,156412,166319,,,,,statistical_bulletin_2026_01.xlsx,2026-01-01,Azerbaijan,AZE,CBAR statistical bulletin table 4.7,2026-03-23 03:20:55.661429+00:00
2015-02-01,5094417,4997027,168410,97390,14195742,10741162,3048363.0,406217,10564842,191634,176320,,,,,statistical_bulletin_2026_01.xlsx,2026-01-01,Azerbaijan,AZE,CBAR statistical bulletin table 4.7,2026-03-23 03:20:55.661429+00:00
2015-03-01,5137523,5035778,167855,101745,14443879,10926165,3088855.0,428859,10746476,189678,179689,,,,,statistical_bulletin_2026_01.xlsx,2026-01-01,Azerbaijan,AZE,CBAR statistical bulletin table 4.7,2026-03-23 03:20:55.661429+00:00
2015-04-01,5273663,5168438,171164,105225,14688425,11153454,3115450.0,419521,10974586,192878,178868,,,,,statistical_bulletin_2026_01.xlsx,2026-01-01,Azerbaijan,AZE,CBAR statistical bulletin table 4.7,2026-03-23 03:20:55.661429+00:00
2015-05-01,5348165,5242157,173090,106008,14948439,11393849,3129415.0,425175,11213759,195383,180090,,,,,statistical_bulletin_2026_01.xlsx,2026-01-01,Azerbaijan,AZE,CBAR statistical bulletin table 4.7,2026-03-23 03:20:55.661429+00:00
2015-06-01,5413682,5307065,174695,106617,15102254,11601970,3067691.0,432593,11420488,198022,181482,,,,,statistical_bulletin_2026_01.xlsx,2026-01-01,Azerbaijan,AZE,CBAR statistical bulletin table 4.7,2026-03-23 03:20:55.661429+00:00
2015-07-01,5431083,5324835,175196,106034,15316682,11761467,3118972.0,436243,11582152,198779,179315,,,,,statistical_bulletin_2026_01.xlsx,2026-01-01,Azerbaijan,AZE,CBAR statistical bulletin table 4.7,2026-03-23 03:20:55.661429+00:00
2015-08-01,5495120,5388346,171641,106774,15569158,11986947,3142999.0,439212,11806511,200638,180436,,,,,statistical_bulletin_2026_01.xlsx,2026-01-01,Azerbaijan,AZE,CBAR statistical bulletin table 4.7,2026-03-23 03:20:55.661429+00:00
2015-09-01,5560451,5453024,176958,107427,15804402,12192605,3165211.0,446586,12011113,201654,181492,,,,,statistical_bulletin_2026_01.xlsx,2026-01-01,Azerbaijan,AZE,CBAR statistical bulletin table 4.7,2026-03-23 03:20:55.661429+00:00
2015-10-01,5644834,5535793,178296,109041,15957945,12366584,3135513.0,455848,12183363,242124,183221,,,,,statistical_bulletin_2026_01.xlsx,2026-01-01,Azerbaijan,AZE,CBAR statistical bulletin table 4.7,2026-03-23 03:20:55.661429+00:00
2015-11-01,5667387,5557126,176423,110261,16097280,12489859,3147708.0,459713,12306022,200104,183837,,,,,statistical_bulletin_2026_01.xlsx,2026-01-01,Azerbaijan,AZE,CBAR statistical bulletin table 4.7,2026-03-23 03:20:55.661429+00:00
2015-12-01,5716385,5607028,181202,109357,16229206,12647950,3120393.0,460863,12462546,203949,185404,,,,,statistical_bulletin_2026_01.xlsx,2026-01-01,Azerbaijan,AZE,CBAR statistical bulletin table 4.7,2026-03-23 03:20:55.661429+00:00
2016-01-01,5420958,5334993,165406,85965,15654937,12272139,2961394.0,421404,12114523,161078,157616,,,,,statistical_bulletin_2026_01.xlsx,2026-01-01,Azerbaijan,AZE,CBAR statistical bulletin table 4.7,2026-03-23 03:20:55.661429+00:00
2016-02-01,5499131,5412518,168737,86613,15705855,12379828,2906969.0,419058,12219249,167231,160579,,,,,statistical_bulletin_2026_01.xlsx,2026-01-01,Azerbaijan,AZE,CBAR statistical bulletin table 4.7,2026-03-23 03:20:55.661429+00:00
2016-03-01,5547620,5458954,172796,88666,15790758,12481836,2888220.0,420702,12318108,171004,163728,,,,,statistical_bulletin_2026_01.xlsx,2026-01-01,Azerbaijan,AZE,CBAR statistical bulletin table 4.7,2026-03-23 03:20:55.661429+00:00
2016-04-01,5558982,5469774,172903,89208,15729229,12517260,2791766.0,420203,12351710,170874,165550,,,,,statistical_bulletin_2026_01.xlsx,2026-01-01,Azerbaijan,AZE,CBAR statistical bulletin table 4.7,2026-03-23 03:20:55.661429+00:00
2016-05-01,5562229,5475145,176607,87084,15585865,12449501,2710930.0,425434,12320171,168559,129330,,,,,statistical_bulletin_2026_01.xlsx,2026-01-01,Azerbaijan,AZE,CBAR statistical bulletin table 4.7,2026-03-23 03:20:55.661429+00:00
2016-06-01,5756066,5666899,183623,89167,15625110,12607935,2604548.0,412627,12474935,174077,133000,,,,,statistical_bulletin_2026_01.xlsx,2026-01-01,Azerbaijan,AZE,CBAR statistical bulletin table 4.7,2026-03-23 03:20:55.661429+00:00
2016-07-01,5433190,5359673,170882,73517,15126543,12301802,2430703.0,394038,12179146,163950,122656,,,,,statistical_bulletin_2026_01.xlsx,2026-01-01,Azerbaijan,AZE,CBAR statistical bulletin table 4.7,2026-03-23 03:20:55.661429+00:00
2016-08-01,5497936,5423467,172465,74469,15207437,12396191,2414120.0,397126,12270547,166107,125644,,,,,statistical_bulletin_2026_01.xlsx,2026-01-01,Azerbaijan,AZE,CBAR statistical bulletin table 4.7,2026-03-23 03:20:55.661429+00:00
2016-09-01,5546215,5471137,173790,75078,15374881,12547262,2427078.0,400541,12417318,168386,129944,,,,,statistical_bulletin_2026_01.xlsx,2026-01-01,Azerbaijan,AZE,CBAR statistical bulletin table 4.7,2026-03-23 03:20:55.661429+00:00
2016-10-01,5342079,5270541,169778,71538,15138961,12386901,2362255.0,389805,12259400,166320,127501,,,,,statistical_bulletin_2026_01.xlsx,2026-01-01,Azerbaijan,AZE,CBAR statistical bulletin table 4.7,2026-03-23 03:20:55.661429+00:00
2016-11-01,5366184,5293933,171284,72251,15199580,12465800,2347430.0,386350,12333321,168739,132479,,,,,statistical_bulletin_2026_01.xlsx,2026-01-01,Azerbaijan,AZE,CBAR statistical bulletin table 4.7,2026-03-23 03:20:55.661429+00:00
2016-12-01,5386819,5314184,172868,72635,15195751,12512490,2304585.0,378676,12379083,169626,133407,,,,,statistical_bulletin_2026_01.xlsx,2026-01-01,Azerbaijan,AZE,CBAR statistical bulletin table 4.7,2026-03-23 03:20:55.661429+00:00
2017-01-01,5433252,5358937,175795,74315,15228759,12429486,2427867.0,371406,12295305,171408,134181,,,,,statistical_bulletin_2026_01.xlsx,2026-01-01,Azerbaijan,AZE,CBAR statistical bulletin table 4.7,2026-03-23 03:20:55.661429+00:00
2017-02-01,5513619,5437608,189234,76011,15382371,12574892,2432814.0,374665,12436494,188156,138398,,,,,statistical_bulletin_2026_01.xlsx,2026-01-01,Azerbaijan,AZE,CBAR statistical bulletin table 4.7,2026-03-23 03:20:55.661429+00:00
2017-03-01,5576024,5499038,193921,76986,15444417,12682717,2379133.0,382567,12540850,193943,141867,,,,,statistical_bulletin_2026_01.xlsx,2026-01-01,Azerbaijan,AZE,CBAR statistical bulletin table 4.7,2026-03-23 03:20:55.661429+00:00
2017-04-01,5654578,5575481,200230,79097,15656358,12812232,2459169.0,384957,12665404,201348,146828,,,,,statistical_bulletin_2026_01.xlsx,2026-01-01,Azerbaijan,AZE,CBAR statistical bulletin table 4.7,2026-03-23 03:20:55.661429+00:00
2017-05-01,5786397,5700057,206456,86340,15845740,12926984,2532322.0,386434,12776582,206631,150402,,,,,statistical_bulletin_2026_01.xlsx,2026-01-01,Azerbaijan,AZE,CBAR statistical bulletin table 4.7,2026-03-23 03:20:55.661429+00:00
2017-06-01,5640236,5558622,210252,81614,15786014,12872818,2534472.0,378724,12720249,215148,152569,,,,,statistical_bulletin_2026_01.xlsx,2026-01-01,Azerbaijan,AZE,CBAR statistical bulletin table 4.7,2026-03-23 03:20:55.661429+00:00
2017-07-01,5695675,5611927,217623,83748,15801506,12869620,2560721.0,371165,12713276,225631,156344,,,,,statistical_bulletin_2026_01.xlsx,2026-01-01,Azerbaijan,AZE,CBAR statistical bulletin table 4.7,2026-03-23 03:20:55.661429+00:00
2017-08-01,5759325,5673996,220738,85329,15868068,12937255,2562496.0,368317,12777808,229266,159447,,,,,statistical_bulletin_2026_01.xlsx,2026-01-01,Azerbaijan,AZE,CBAR statistical bulletin table 4.7,2026-03-23 03:20:55.661429+00:00
2017-09-01,5820978,5734194,224637,86784,15970997,13045018,2561045.0,364934,12883246,232727,161772,,,,,statistical_bulletin_2026_01.xlsx,2026-01-01,Azerbaijan,AZE,CBAR statistical bulletin table 4.7,2026-03-23 03:20:55.661429+00:00
2017-10-01,5885770,5797745,226871,88025,16085249,13188960,2533428.0,362861,13024325,236803,164635,,,,,statistical_bulletin_2026_01.xlsx,2026-01-01,Azerbaijan,AZE,CBAR statistical bulletin table 4.7,2026-03-23 03:20:55.661429+00:00
2017-11-01,5951333,5861221,230623,90112,16243942,13352318,2533913.0,357711,13183846,241096,168472,,,,,statistical_bulletin_2026_01.xlsx,2026-01-01,Azerbaijan,AZE,CBAR statistical bulletin table 4.7,2026-03-23 03:20:55.661429+00:00
2017-12-01,5851548,5761897,232158,89651,16200529,13375811,2478933.0,345785,13203626,245080,172185,,,,,statistical_bulletin_2026_01.xlsx,2026-01-01,Azerbaijan,AZE,CBAR statistical bulletin table 4.7,2026-03-23 03:20:55.661429+00:00
2018-01-01,5897622,5807526,232626,90096,16308802,13481288,2484506.0,343008,13307488,245684,173800,,,,,statistical_bulletin_2026_01.xlsx,2026-01-01,Azerbaijan,AZE,CBAR statistical bulletin table 4.7,2026-03-23 03:20:55.661429+00:00
2018-02-01,5998010,5905555,235376,92455,16487631,13719546,2433035.0,335050,13539189,251936,180357,,,,,statistical_bulletin_2026_01.xlsx,2026-01-01,Azerbaijan,AZE,CBAR statistical bulletin table 4.7,2026-03-23 03:20:55.661429+00:00
2018-03-01,6053946,5960281,238413,93665,16632926,13863820,2434677.0,334429,13680922,254480,182898,,,,,statistical_bulletin_2026_01.xlsx,2026-01-01,Azerbaijan,AZE,CBAR statistical bulletin table 4.7,2026-03-23 03:20:55.661429+00:00
2018-04-01,6131113,6035788,242470,95325,16840161,14055747,2450517.0,333897,13869342,263362,186405,,,,,statistical_bulletin_2026_01.xlsx,2026-01-01,Azerbaijan,AZE,CBAR statistical bulletin table 4.7,2026-03-23 03:20:55.661429+00:00
2018-05-01,6131530,6034427,245670,97103,16933037,14131160,2466564.0,335313,13940677,269537,190483,,,,,statistical_bulletin_2026_01.xlsx,2026-01-01,Azerbaijan,AZE,CBAR statistical bulletin table 4.7,2026-03-23 03:20:55.661429+00:00
2018-06-01,6181725,6083539,247946,98186,17092001,14273681,2484136.0,334184,14080323,273869,193358,,,,,statistical_bulletin_2026_01.xlsx,2026-01-01,Azerbaijan,AZE,CBAR statistical bulletin table 4.7,2026-03-23 03:20:55.661429+00:00
2018-07-01,6242262,6141804,250994,100458,17310700,14448982,2520476.0,341242,14251965,277529,197017,,,,,statistical_bulletin_2026_01.xlsx,2026-01-01,Azerbaijan,AZE,CBAR statistical bulletin table 4.7,2026-03-23 03:20:55.661429+00:00
2018-08-01,6308260,6206402,253285,101858,17484482,14595762,2542978.0,345742,14395591,280222,200171,,,,,statistical_bulletin_2026_01.xlsx,2026-01-01,Azerbaijan,AZE,CBAR statistical bulletin table 4.7,2026-03-23 03:20:55.661429+00:00
2018-09-01,6357628,6255130,255869,102498,17620321,14710921,2560671.0,348729,14502274,286206,208647,,,,,statistical_bulletin_2026_01.xlsx,2026-01-01,Azerbaijan,AZE,CBAR statistical bulletin table 4.7,2026-03-23 03:20:55.661429+00:00
2018-10-01,6428920,6325372,259239,103548,17810008,14867965,2586810.0,355233,14656201,290943,211764,,,,,statistical_bulletin_2026_01.xlsx,2026-01-01,Azerbaijan,AZE,CBAR statistical bulletin table 4.7,2026-03-23 03:20:55.661429+00:00
2018-11-01,6423125,6318030,262756,105095,17905443,14948388,2596150.0,360905,14730794,296291,217594,,,,,statistical_bulletin_2026_01.xlsx,2026-01-01,Azerbaijan,AZE,CBAR statistical bulletin table 4.7,2026-03-23 03:20:55.661429+00:00
2018-12-01,6466071,6361580,265157,104491,18083747,15088607,2627156.0,367984,14868962,293145,219645,,,,,statistical_bulletin_2026_01.xlsx,2026-01-01,Azerbaijan,AZE,CBAR statistical bulletin table 4.7,2026-03-23 03:20:55.661429+00:00
2019-01-01,7021733,6915906,258828,105827,17051264,14045302,2695384.0,310578,13852291,270143,193011,,,,,statistical_bulletin_2026_01.xlsx,2026-01-01,Azerbaijan,AZE,CBAR statistical bulletin table 4.7,2026-03-23 03:20:55.661429+00:00
2019-02-01,7305129,7195982,275770,109147,17682074,14619626,2744314.0,318134,14411765,284663,207861,,,,,statistical_bulletin_2026_01.xlsx,2026-01-01,Azerbaijan,AZE,CBAR statistical bulletin table 4.7,2026-03-23 03:20:55.661429+00:00
2019-03-01,7423685,7312622,279069,111063,17936068,14801484,2809460.0,325124,14591867,287323,209617,,,,,statistical_bulletin_2026_01.xlsx,2026-01-01,Azerbaijan,AZE,CBAR statistical bulletin table 4.7,2026-03-23 03:20:55.661429+00:00
2019-04-01,7522896,7410113,284345,112783,18246113,15024731,2887336.0,334046,14810813,295082,213918,,,,,statistical_bulletin_2026_01.xlsx,2026-01-01,Azerbaijan,AZE,CBAR statistical bulletin table 4.7,2026-03-23 03:20:55.661429+00:00
2019-05-01,7662895,7548427,290915,114468,18646170,15321907,2981126.0,343137,15103933,304316,217974,,,,,statistical_bulletin_2026_01.xlsx,2026-01-01,Azerbaijan,AZE,CBAR statistical bulletin table 4.7,2026-03-23 03:20:55.661429+00:00
2019-06-01,7784435,7669134,295265,115301,18966172,15537768,3078646.0,349758,15319928,309233,217840,,,,,statistical_bulletin_2026_01.xlsx,2026-01-01,Azerbaijan,AZE,CBAR statistical bulletin table 4.7,2026-03-23 03:20:55.661429+00:00
2019-07-01,7903367,7786852,299524,116515,19353240,15819008,3174997.0,359235,15599847,315713,219161,,,,,statistical_bulletin_2026_01.xlsx,2026-01-01,Azerbaijan,AZE,CBAR statistical bulletin table 4.7,2026-03-23 03:20:55.661429+00:00
2019-08-01,8016098,7898360,303405,117738,19708381,16086156,3254735.0,367490,15863662,321049,222494,,,,,statistical_bulletin_2026_01.xlsx,2026-01-01,Azerbaijan,AZE,CBAR statistical bulletin table 4.7,2026-03-23 03:20:55.661429+00:00
2019-09-01,8153107,8036142,308829,116965,20141778,16420332,3346029.0,375417,16199595,325692,220737,,,,,statistical_bulletin_2026_01.xlsx,2026-01-01,Azerbaijan,AZE,CBAR statistical bulletin table 4.7,2026-03-23 03:20:55.661429+00:00
2019-10-01,8280548,8161786,315373,118762,20589799,16760493,3447307.0,381999,16535999,334618,224494,,,,,statistical_bulletin_2026_01.xlsx,2026-01-01,Azerbaijan,AZE,CBAR statistical bulletin table 4.7,2026-03-23 03:20:55.661429+00:00
2019-11-01,8405330,8289292,319554,116038,20951053,17025147,3537022.0,388884,16800249,341473,224898,,,,,statistical_bulletin_2026_01.xlsx,2026-01-01,Azerbaijan,AZE,CBAR statistical bulletin table 4.7,2026-03-23 03:20:55.661429+00:00
2019-12-01,8478075,8360421,324237,117654,21265993,17261782,3607588.0,396623,17033018,348287,228764,,,,,statistical_bulletin_2026_01.xlsx,2026-01-01,Azerbaijan,AZE,CBAR statistical bulletin table 4.7,2026-03-23 03:20:55.661429+00:00
2020-01-01,8847367,8725454,336014,121913,21836167,17830599,3675470.0,330098,17597635,359831,232964,,,,,statistical_bulletin_2026_01.xlsx,2026-01-01,Azerbaijan,AZE,CBAR statistical bulletin table 4.7,2026-03-23 03:20:55.661429+00:00
2020-02-01,8854673,8735505,297539,119168,21883121,17975980,3621954.0,285187,17746374,339430,229606,,,,,statistical_bulletin_2026_01.xlsx,2026-01-01,Azerbaijan,AZE,CBAR statistical bulletin table 4.7,2026-03-23 03:20:55.661429+00:00
2020-03-01,9012923,8892978,301182,119945,22185201,18240004,3660336.0,284861,18008238,343420,231766,,,,,statistical_bulletin_2026_01.xlsx,2026-01-01,Azerbaijan,AZE,CBAR statistical bulletin table 4.7,2026-03-23 03:20:55.661429+00:00
2020-04-01,9169270,9055165,321352,114105,22232752,18460960,3531368.0,240424,18238628,366344,222332,,,,,statistical_bulletin_2026_01.xlsx,2026-01-01,Azerbaijan,AZE,CBAR statistical bulletin table 4.7,2026-03-23 03:20:55.661429+00:00
2020-05-01,9385746,9276060,323710,109686,22427400,18746064,3473970.0,207366,18531347,372017,214717,,,,,statistical_bulletin_2026_01.xlsx,2026-01-01,Azerbaijan,AZE,CBAR statistical bulletin table 4.7,2026-03-23 03:20:55.661429+00:00
2020-06-01,9515084,9402557,336228,112527,22788021,19063808,3514430.0,209783,18842270,388561,221538,,,,,statistical_bulletin_2026_01.xlsx,2026-01-01,Azerbaijan,AZE,CBAR statistical bulletin table 4.7,2026-03-23 03:20:55.661429+00:00
2020-07-01,9650871,9536683,344527,114188,23074287,19316960,3544171.0,213156,19090828,398808,226132,,,,,statistical_bulletin_2026_01.xlsx,2026-01-01,Azerbaijan,AZE,CBAR statistical bulletin table 4.7,2026-03-23 03:20:55.661429+00:00
2020-08-01,9768981,9653324,356294,115657,23405942,19593829,3595476.0,216637,19364085,412916,229744,,,,,statistical_bulletin_2026_01.xlsx,2026-01-01,Azerbaijan,AZE,CBAR statistical bulletin table 4.7,2026-03-23 03:20:55.661429+00:00
2020-09-01,9919575,9804016,369841,115559,23825469,19945255,3662049.0,218165,19714969,429216,230286,,,,,statistical_bulletin_2026_01.xlsx,2026-01-01,Azerbaijan,AZE,CBAR statistical bulletin table 4.7,2026-03-23 03:20:55.661429+00:00
2020-10-01,10064615,9951582,379247,113033,24157090,20252313,3686931.0,217846,20022621,441038,229692,,,,,statistical_bulletin_2026_01.xlsx,2026-01-01,Azerbaijan,AZE,CBAR statistical bulletin table 4.7,2026-03-23 03:20:55.661429+00:00
2020-11-01,10262417,10148440,386204,113977,24674957,20730086,3724812.0,220059,20497520,451161,232566,,,,,statistical_bulletin_2026_01.xlsx,2026-01-01,Azerbaijan,AZE,CBAR statistical bulletin table 4.7,2026-03-23 03:20:55.661429+00:00
2020-12-01,10490089,10375457,393486,114632,24983255,21004323,3756323.0,222609,20770440,459098,233883,,,,,statistical_bulletin_2026_01.xlsx,2026-01-01,Azerbaijan,AZE,CBAR statistical bulletin table 4.7,2026-03-23 03:20:55.661429+00:00
2021-01-01,10640004,10524810,402156,115194,25190099,21255332,3708727.0,226040,21020200,469995,235132,,,,,statistical_bulletin_2026_01.xlsx,2026-01-01,Azerbaijan,AZE,CBAR statistical bulletin table 4.7,2026-03-23 03:20:55.661429+00:00
2021-02-01,10851189,10734666,412823,116523,25592381,21619830,3745475.0,227076,21381486,481638,238344,,,,,statistical_bulletin_2026_01.xlsx,2026-01-01,Azerbaijan,AZE,CBAR statistical bulletin table 4.7,2026-03-23 03:20:55.661429+00:00
2021-03-01,11099948,10982334,423905,117614,26094302,22049078,3814866.0,230358,21807720,493752,241358,,,,,statistical_bulletin_2026_01.xlsx,2026-01-01,Azerbaijan,AZE,CBAR statistical bulletin table 4.7,2026-03-23 03:20:55.661429+00:00
2021-04-01,11284213,11165689,433068,118524,26574096,22457113,3882280.0,234703,22211793,510244,245320,,,,,statistical_bulletin_2026_01.xlsx,2026-01-01,Azerbaijan,AZE,CBAR statistical bulletin table 4.7,2026-03-23 03:20:55.661429+00:00
2021-05-01,11530008,11410286,442371,119722,27103576,22918641,3947433.0,237502,22670104,521447,248537,,,,,statistical_bulletin_2026_01.xlsx,2026-01-01,Azerbaijan,AZE,CBAR statistical bulletin table 4.7,2026-03-23 03:20:55.661429+00:00
2021-06-01,11673507,11551417,453052,122090,27552109,23284134,4026891.0,241084,23031837,534487,252297,,,,,statistical_bulletin_2026_01.xlsx,2026-01-01,Azerbaijan,AZE,CBAR statistical bulletin table 4.7,2026-03-23 03:20:55.661429+00:00
2021-07-01,11882012,11758799,462393,123213,28042033,23705255,4091254.0,245524,23449860,546414,255395,,,,,statistical_bulletin_2026_01.xlsx,2026-01-01,Azerbaijan,AZE,CBAR statistical bulletin table 4.7,2026-03-23 03:20:55.661429+00:00
2021-08-01,12047088,11921530,468359,125558,28530273,24102271,4178663.0,249339,23843681,558918,258590,,,,,statistical_bulletin_2026_01.xlsx,2026-01-01,Azerbaijan,AZE,CBAR statistical bulletin table 4.7,2026-03-23 03:20:55.661429+00:00
2021-09-01,12144104,12016438,476165,127666,29042200,24540840,4251378.0,249982,24279305,575638,261535,,,,,statistical_bulletin_2026_01.xlsx,2026-01-01,Azerbaijan,AZE,CBAR statistical bulletin table 4.7,2026-03-23 03:20:55.661429+00:00
2021-10-01,12233783,12102788,486735,130995,29549492,24940254,4356505.0,252733,24676073,586712,264181,,,,,statistical_bulletin_2026_01.xlsx,2026-01-01,Azerbaijan,AZE,CBAR statistical bulletin table 4.7,2026-03-23 03:20:55.661429+00:00
2021-11-01,12523424,12398087,495045,125337,30055586,25363759,4437171.0,254656,25096926,599490,266833,,,,,statistical_bulletin_2026_01.xlsx,2026-01-01,Azerbaijan,AZE,CBAR statistical bulletin table 4.7,2026-03-23 03:20:55.661429+00:00
2021-12-01,12323105,12198027,505944,125078,26729371,22175499,4297069.0,256803,21908618,607456,266881,,,,,statistical_bulletin_2026_01.xlsx,2026-01-01,Azerbaijan,AZE,CBAR statistical bulletin table 4.7,2026-03-23 03:20:55.661429+00:00
2022-01-01,12629978,12503644,518523,126334,27270770,22604857,4405980.0,259933,22337304,617661,267553,1237.432,11961.60903784,5581.651,963.3806686900001,statistical_bulletin_2026_01.xlsx,2026-01-01,Azerbaijan,AZE,CBAR statistical bulletin table 4.7,2026-03-23 03:20:55.661429+00:00
2022-02-01,12770701,12644236,529967,126465,27734485,22986485,4485036.0,262964,22716483,631689,270002,1002.496,13390.82681903,6541.259,1136.3528868199999,statistical_bulletin_2026_01.xlsx,2026-01-01,Azerbaijan,AZE,CBAR statistical bulletin table 4.7,2026-03-23 03:20:55.661429+00:00
2022-03-01,12956913,12829565,538819,127348,28261468,23387283,4609258.0,264927,23114820,644070,272463,1799.155,15154.87679412,7369.198,2681.2841569899997,statistical_bulletin_2026_01.xlsx,2026-01-01,Azerbaijan,AZE,CBAR statistical bulletin table 4.7,2026-03-23 03:20:55.661429+00:00
2022-04-01,13026311,12897017,551724,129294,28675008,23663879,4743154.0,267975,23386392,659788,277487,2313.506,18497.92953577,8486.202,2003.2690519300002,statistical_bulletin_2026_01.xlsx,2026-01-01,Azerbaijan,AZE,CBAR statistical bulletin table 4.7,2026-03-23 03:20:55.661429+00:00
2022-05-01,13140530,13009640,563093,130890,29127369,23991179,4864806.0,271384,23709851,674039,281328,2477.132,16078.76729159,9531.816,1798.2032927,statistical_bulletin_2026_01.xlsx,2026-01-01,Azerbaijan,AZE,CBAR statistical bulletin table 4.7,2026-03-23 03:20:55.661429+00:00
2022-06-01,13013757,12878196,574648,135561,29276612,24009998,4992220.0,274394,23724130,687772,285868,2159.958,17371.78648805,9850.845,1609.30842019,statistical_bulletin_2026_01.xlsx,2026-01-01,Azerbaijan,AZE,CBAR statistical bulletin table 4.7,2026-03-23 03:20:55.661429+00:00
2022-07-01,13141852,13009099,582788,132753,29724430,24346057,5099370.0,279003,24056612,700420,289445,2201.075,17050.26916506,10475.921,1457.9264834800001,statistical_bulletin_2026_01.xlsx,2026-01-01,Azerbaijan,AZE,CBAR statistical bulletin table 4.7,2026-03-23 03:20:55.661429+00:00
2022-08-01,13316889,13182234,595198,134655,30346932,24823081,5239737.0,284114,24528808,716861,294273,2337.773,16989.6739103,10517.945,1471.5610880699999,statistical_bulletin_2026_01.xlsx,2026-01-01,Azerbaijan,AZE,CBAR statistical bulletin table 4.7,2026-03-23 03:20:55.661429+00:00
2022-09-01,13483062,13346884,607639,136178,30971047,25295328,5387201.0,288518,24997047,733107,298281,2166.729,16607.460387479998,11388.531,1623.31405593,statistical_bulletin_2026_01.xlsx,2026-01-01,Azerbaijan,AZE,CBAR statistical bulletin table 4.7,2026-03-23 03:20:55.661429+00:00
2022-10-01,13649964,13512775,618910,137189,31523433,25667364,5563798.0,292271,25366039,749085,301325,2543.539,18326.31998739,12098.885,2109.75139736,statistical_bulletin_2026_01.xlsx,2026-01-01,Azerbaijan,AZE,CBAR statistical bulletin table 4.7,2026-03-23 03:20:55.661429+00:00
2022-11-01,13730617,13592041,627957,138576,31978293,25939663,5743467.0,295163,25635315,762579,304348,2649.51,18072.96939717,13119.107,2008.59863084,statistical_bulletin_2026_01.xlsx,2026-01-01,Azerbaijan,AZE,CBAR statistical bulletin table 4.7,2026-03-23 03:20:55.661429+00:00
2022-12-01,13535655,13395443,636770,140212,32131951,25911774,5920325.0,299852,25603713,777151,308061,1943.85,23866.216229,16526.414,3825.28365036,statistical_bulletin_2026_01.xlsx,2026-01-01,Azerbaijan,AZE,CBAR statistical bulletin table 4.7,2026-03-23 03:20:55.661429+00:00
2023-01-01,13620931,13479616,644403,141315,32616431,26219243,6093746.0,303442,25908273,788955,310970,1621.9,16749.33217212,15005.156,1997.21891835,statistical_bulletin_2026_01.xlsx,2026-01-01,Azerbaijan,AZE,CBAR statistical bulletin table 4.7,2026-03-23 03:20:55.661429+00:00
2023-02-01,13737542,13594305,651612,143237,33214685,26622633,6286367.0,305685,26307176,802373,315457,1676.857,16391.86753369,15825.008,2470.48566649,statistical_bulletin_2026_01.xlsx,2026-01-01,Azerbaijan,AZE,CBAR statistical bulletin table 4.7,2026-03-23 03:20:55.661429+00:00
2023-03-01,13843001,13698214,657940,144787,33831265,27025083,6497228.0,308954,26705930,812732,319153,1781.687,17252.171786529998,17776.402,2956.0988538899996,statistical_bulletin_2026_01.xlsx,2026-01-01,Azerbaijan,AZE,CBAR statistical bulletin table 4.7,2026-03-23 03:20:55.661429+00:00
2023-04-01,13772644,13629053,659422,143591,34120423,27186197,6632703.0,301523,26874368,816142,311829,1653.816,16923.02414862,18220.265,2840.46987402,statistical_bulletin_2026_01.xlsx,2026-01-01,Azerbaijan,AZE,CBAR statistical bulletin table 4.7,2026-03-23 03:20:55.661429+00:00
2023-05-01,13832763,13690176,661407,142587,34751954,27571526,6877981.0,302447,27260275,818617,311251,1804.729,18036.0202641,21074.743,3109.6837274699997,statistical_bulletin_2026_01.xlsx,2026-01-01,Azerbaijan,AZE,CBAR statistical bulletin table 4.7,2026-03-23 03:20:55.661429+00:00
2023-06-01,13947162,13803878,670509,143284,35204219,28041933,6857787.0,304499,27727572,829990,314361,1685.331,16440.25420686,20781.437,3986.05173849,statistical_bulletin_2026_01.xlsx,2026-01-01,Azerbaijan,AZE,CBAR statistical bulletin table 4.7,2026-03-23 03:20:55.661429+00:00
2023-07-01,14063765,13919402,670151,144363,35898162,28567680,7022421.0,308061,28251009,832341,316671,1981.054,20023.12185619,24202.175,4153.73157379,statistical_bulletin_2026_01.xlsx,2026-01-01,Azerbaijan,AZE,CBAR statistical bulletin table 4.7,2026-03-23 03:20:55.661429+00:00
2023-08-01,14215258,14068615,680843,146643,36750228,29229134,7209877.0,311217,28907008,848357,322126,1798.191,19891.138757200002,24880.984,4568.92089064,statistical_bulletin_2026_01.xlsx,2026-01-01,Azerbaijan,AZE,CBAR statistical bulletin table 4.7,2026-03-23 03:20:55.661429+00:00
2023-09-01,14340385,14191659,684975,148726,37439220,29720212,7405317.0,313691,29392713,853729,327499,1776.317,18778.45133819,26994.276,4210.5683489699995,statistical_bulletin_2026_01.xlsx,2026-01-01,Azerbaijan,AZE,CBAR statistical bulletin table 4.7,2026-03-23 03:20:55.661429+00:00
2023-10-01,14350184,14214419,685813,135765,37766627,30115193,7340629.0,310805,29806518,857281,308675,1939.759,21431.13010862,31385.042,5675.30907895,statistical_bulletin_2026_01.xlsx,2026-01-01,Azerbaijan,AZE,CBAR statistical bulletin table 4.7,2026-03-23 03:20:55.661429+00:00
2023-11-01,14497778,14359133,698810,138645,38573764,30692696,7564897.0,316171,30377241,876130,315455,1607.0,18785.0,34065.0,4694.0,statistical_bulletin_2026_01.xlsx,2026-01-01,Azerbaijan,AZE,CBAR statistical bulletin table 4.7,2026-03-23 03:20:55.661429+00:00
2023-12-01,14654384,14513660,712151,140724,39590672,31492104,7772955.0,325613,31171813,896156,320291,1881.561,26978.926579,40588.373,5586.667691,statistical_bulletin_2026_01.xlsx,2026-01-01,Azerbaijan,AZE,CBAR statistical bulletin table 4.7,2026-03-23 03:20:55.661429+00:00
2024-01-01,14803775,14661221,721021,142554,40335951,32008338,7990254.0,337359,31683652,911136,324686,1485.312,18305.639,37140.928,5273.71564,statistical_bulletin_2026_01.xlsx,2026-01-01,Azerbaijan,AZE,CBAR statistical bulletin table 4.7,2026-03-23 03:20:55.661429+00:00
2024-02-01,14883892,14739173,733799,144719,40622564,32094492,8173944.0,354128,31764345,928129,330147,1656.731,20682.151039,40007.924,5057.073676,statistical_bulletin_2026_01.xlsx,2026-01-01,Azerbaijan,AZE,CBAR statistical bulletin table 4.7,2026-03-23 03:20:55.661429+00:00
2024-03-01,15007377,14861378,741752,145999,41098194,32351523,8377126.0,369545,32018142,940428,333381,1504.459,20298.0,44154.73,4485.585049,statistical_bulletin_2026_01.xlsx,2026-01-01,Azerbaijan,AZE,CBAR statistical bulletin table 4.7,2026-03-23 03:20:55.661429+00:00
2024-04-01,15166546,15018598,754982,147948,41877781,32901745,8590665.0,385371,32563007,959549,338738,1747.049,21149.500978,47857.937,5957.07831,statistical_bulletin_2026_01.xlsx,2026-01-01,Azerbaijan,AZE,CBAR statistical bulletin table 4.7,2026-03-23 03:20:55.661429+00:00
2024-05-01,15264770,15115453,762162,149317,42546665,33351679,8796179.0,398807,33011412,969044,340267,1760.159,23104.006948,52001.901,5298.084697,statistical_bulletin_2026_01.xlsx,2026-01-01,Azerbaijan,AZE,CBAR statistical bulletin table 4.7,2026-03-23 03:20:55.661429+00:00
2024-06-01,15410656,15259684,773536,150972,43207202,33786073,9011211.0,409918,33441330,985705,344743,1472.905,18683.274523930002,53724.379,5104.92199383,statistical_bulletin_2026_01.xlsx,2026-01-01,Azerbaijan,AZE,CBAR statistical bulletin table 4.7,2026-03-23 03:20:55.661429+00:00
2024-07-01,15506888,15363427,784770,143461,43832229,34284167,9130630.0,417432,33934865,1004226,349302,1926.746,25977.49476724,56289.73,5467.22327,statistical_bulletin_2026_01.xlsx,2026-01-01,Azerbaijan,AZE,CBAR statistical bulletin table 4.7,2026-03-23 03:20:55.661429+00:00
2024-08-01,15635358,15489863,797685,145495,44543116,34849252,9262379.0,431485,34494677,1022696,354575,1802.897,26518.79600964,57665.0,5716.0,statistical_bulletin_2026_01.xlsx,2026-01-01,Azerbaijan,AZE,CBAR statistical bulletin table 4.7,2026-03-23 03:20:55.661429+00:00
2024-09-01,15784885,15637628,810667,147257,45359360,35457858,9455050.0,446452,35098079,1041172,359779,1939.0,23885.0,59082.0,5725.0,statistical_bulletin_2026_01.xlsx,2026-01-01,Azerbaijan,AZE,CBAR statistical bulletin table 4.7,2026-03-23 03:20:55.661429+00:00
2024-10-01,15903760,15753865,825726,149895,46014547,36017130,9537139.0,460278,35650572,1064887,366558,2027.243,26786.52319554,58889.74,5627.51781558,statistical_bulletin_2026_01.xlsx,2026-01-01,Azerbaijan,AZE,CBAR statistical bulletin table 4.7,2026-03-23 03:20:55.661429+00:00
2024-11-01,15999461,15848695,840434,150766,46711153,36588125,9651055.0,471973,36214020,1093037,374105,1881.335,23398.564755,55080.615,4519.661422,statistical_bulletin_2026_01.xlsx,2026-01-01,Azerbaijan,AZE,CBAR statistical bulletin table 4.7,2026-03-23 03:20:55.661429+00:00
2024-12-01,15999555,15846654,856401,152901,47278994,37016419,9761889.0,500686,36636593,1123177,379826,2028.191,25954.876706,66010.203,5673.77433,statistical_bulletin_2026_01.xlsx,2026-01-01,Azerbaijan,AZE,CBAR statistical bulletin table 4.7,2026-03-23 03:20:55.661429+00:00
2025-01-01,15963504,15815031,867966,148473,47910062,37448988,9943790.0,517284,37064659,1148055,384329,2158.77,21242.23,55909.641,4375.168992,statistical_bulletin_2026_01.xlsx,2026-01-01,Azerbaijan,AZE,CBAR statistical bulletin table 4.7,2026-03-23 03:20:55.661429+00:00
2025-02-01,16132172,15981848,883018,150324,48573760,38000932,10040915.0,531913,37611859,1173221,389073,2095.88,22416.224679,57679.642,4798.505241,statistical_bulletin_2026_01.xlsx,2026-01-01,Azerbaijan,AZE,CBAR statistical bulletin table 4.7,2026-03-23 03:20:55.661429+00:00
2025-03-01,16201446,16050305,892802,151141,49196924,38509534,10143919.0,543471,38114722,1191487,394812,1722.68,19637.791049,55623.155,4557.866383,statistical_bulletin_2026_01.xlsx,2026-01-01,Azerbaijan,AZE,CBAR statistical bulletin table 4.7,2026-03-23 03:20:55.661429+00:00
2025-05-01,15639099,15483595,923401,155504,49710593,38719570,10410344.0,580679,38314806,1244913,404764,2330.371,27418.315872,74797.023,6062.843184,statistical_bulletin_2026_01.xlsx,2026-01-01,Azerbaijan,AZE,CBAR statistical bulletin table 4.7,2026-03-23 03:20:55.661429+00:00
2025-06-01,15676021,15519410,935112,156611,50349916,39228401,10512148.0,609367,38819561,1265821,408840,2206.0,25158.0,75971.0,6192.0,statistical_bulletin_2026_01.xlsx,2026-01-01,Azerbaijan,AZE,CBAR statistical bulletin table 4.7,2026-03-23 03:20:55.661429+00:00
2025-07-01,15778802,15620243,950059,158559,51071748,39791126,10645884.0,634738,39376766,1291737,414360,2619.883,27516.245843,76588.004,6436.138715,statistical_bulletin_2026_01.xlsx,2026-01-01,Azerbaijan,AZE,CBAR statistical bulletin table 4.7,2026-03-23 03:20:55.661429+00:00
2025-08-01,15874203,15714624,964581,159579,51637680,40208758,10774314.0,654608,39791796,1308629,416962,2363.598,25453.084443509997,74174.931,6096.41494345,statistical_bulletin_2026_01.xlsx,2026-01-01,Azerbaijan,AZE,CBAR statistical bulletin table 4.7,2026-03-23 03:20:55.661429+00:00
2025-09-01,15973215,15812741,980841,160474,52263302,40628513,10961903.0,672886,40208979,1335956,419534,2508.477,26133.104581,80259.905,6548.513769,statistical_bulletin_2026_01.xlsx,2026-01-01,Azerbaijan,AZE,CBAR statistical bulletin table 4.7,2026-03-23 03:20:55.661429+00:00
2025-10-01,16117990,15955302,1000165,162688,53210277,41511207,11008625.0,690445,41086665,1369437,424542,2857.0,26641.553983,83507.216,6564.447484,statistical_bulletin_2026_01.xlsx,2026-01-01,Azerbaijan,AZE,CBAR statistical bulletin table 4.7,2026-03-23 03:20:55.661429+00:00
2025-11-01,16231316,16067129,1014898,164187,54290856,42434457,11148044.0,708355,42005882,1395659,428575,2479.245,21005.191765,78022.671,6145.317996,statistical_bulletin_2026_01.xlsx,2026-01-01,Azerbaijan,AZE,CBAR statistical bulletin table 4.7,2026-03-23 03:20:55.661429+00:00
2025-12-01,16236899,16071505,1031430,165394,55146020,43191501,11236842.0,717677,42758899,1425471,432602,3096.0,36240.0,92923.0,8711.0,statistical_bulletin_2026_01.xlsx,2026-01-01,Azerbaijan,AZE,CBAR statistical bulletin table 4.7,2026-03-23 03:20:55.661429+00:00
2026-01-01,16293205,16126915,1042686,166290,55925329,43924467,11281001.0,719861,43488612,1449143,435855,2256.943,22819.728005,76217.681,5923.356672,statistical_bulletin_2026_01.xlsx,2026-01-01,Azerbaijan,AZE,CBAR statistical bulletin table 4.7,2026-03-23 03:20:55.661429+00:00
