period_date,period_type,nominal_gdp_mn_azn,real_gdp_growth_pct,gdp_deflator_pct,non_oil_gdp_mn_azn,non_oil_gdp_growth_pct,capital_investment_mn_azn,capital_investment_growth_pct,nominal_income_mn_azn,nominal_income_growth_pct,avg_monthly_wage_azn,avg_monthly_wage_growth_pct,cpi_monthly_pct,cpi_12m_pct,cpi_annual_avg_pct,country_name,country_iso,current_account_balance_mn_usd,trade_balance_mn_usd,goods_exports_total_mn_usd,oil_gas_exports_mn_usd,other_exports_mn_usd,goods_imports_total_mn_usd,oil_gas_imports_mn_usd,other_imports_mn_usd,total_exports_ths_usd,exports_yoy_pct,exports_non_cis_ths_usd,exports_non_cis_yoy_pct,exports_cis_ths_usd,exports_cis_yoy_pct,total_imports_ths_usd,imports_yoy_pct,source_name,load_timestamp
1995-01-01,annual,2133.8,88.2,,,,227.96,187.01,1313.98,,13.4,,4.7,,411.8,Azerbaijan,AZE,-400.0,-373.0,612.0,305.0,307.0,-985.0,-64.0,-6.0,612343.0,89.8,339297.0,93.6,273046.0,85.6,985432.0,115.8,Azerbaijan economic diversification gold mart,2026-03-23 04:03:41.539378+00:00
1996-01-01,annual,2732.6,101.3,,,,644.5,282.7,1708.18,130.0,18.72,139.5,1.7,,19.9,Azerbaijan,AZE,-931.0,-694.0,644.0,416.0,228.0,-1338.0,-14.0,2.0,643669.0,105.1,343717.0,101.3,299952.0,109.9,1337583.0,135.7,Azerbaijan economic diversification gold mart,2026-03-23 04:03:41.539378+00:00
1997-01-01,annual,3158.2,105.8,,,,910.2,141.2,2473.22,177.78,28.33,151.33,-0.2,,3.7,Azerbaijan,AZE,-915.0,-567.0,808.0,453.0,355.0,-1375.0,-19.0,10.0,808257.0,125.57028534852542,427920.0,124.4977699677351,380337.0,126.79928788606176,1375164.0,102.80962003853217,Azerbaijan economic diversification gold mart,2026-03-23 04:03:41.539378+00:00
1998-01-01,annual,3440.6,110.0,,,,1102.4,121.1,2849.16,115.2,33.72,119.0,-5.9,,-0.7999999999999972,Azerbaijan,AZE,-1364.0,-1046.0,678.0,436.0,242.0,-1724.0,-27.0,14.0,677751.0,83.85340306362951,434332.0,101.4984109179286,243419.0,64.0008729100771,1723903.0,125.35981162974016,Azerbaijan economic diversification gold mart,2026-03-23 04:03:41.539378+00:00
1998-04-01,quarterly,,,,,,,,,,,,,,,Azerbaijan,AZE,,,,,,,,,200803.0,119.4,74621.0,89.6,126182.0,148.7,448913.0,124.8,Azerbaijan economic diversification gold mart,2026-03-23 04:03:41.539378+00:00
1998-10-01,quarterly,,,,,,,,,,,,,,,Azerbaijan,AZE,,,,,,,,,166064.0,71.9,225475.0,245.7,-59411.0,42.7,472615.0,135.3,Azerbaijan economic diversification gold mart,2026-03-23 04:03:41.539378+00:00
1999-01-01,annual,3775.0,107.4,,,,928.5,84.2,3227.38,113.2,36.85,109.28,0.4,,-8.5,Azerbaijan,AZE,-600.0,-408.0,1025.0,801.0,224.0,-1433.0,-51.0,6.0,1025231.0,151.2695665517277,803837.0,185.07432102631168,221394.0,90.95181559368825,1433392.0,83.14806575543983,Azerbaijan economic diversification gold mart,2026-03-23 04:03:41.539378+00:00
1999-04-01,quarterly,,,,,,,,,,,,,,,Azerbaijan,AZE,,,,,,,,,253582.0,126.28396986100805,189190.0,253.53452781388617,64392.0,51.03105038753546,416663.0,92.81597993375108,Azerbaijan economic diversification gold mart,2026-03-23 04:03:41.539378+00:00
1999-10-01,quarterly,,,,,,,,,,,,,,,Azerbaijan,AZE,,,,,,,,,457513.0,275.5040225455246,382943.0,169.83834127952102,74570.0,-125.5154769318813,373256.0,78.9767569797827,Azerbaijan economic diversification gold mart,2026-03-23 04:03:41.539378+00:00
2000-01-01,annual,4718.2,111.1,,3055.8,109.9,967.8,104.2,3511.36,108.8,44.32,120.2,0.6,,1.8,Azerbaijan,AZE,-168.0,319.0,1858.0,1579.0,279.0,-1539.0,-361.0,26.0,1858335.0,181.2601257667784,1594131.0,198.31520569468685,264204.0,119.33656738665005,1539005.0,107.36804726132138,Azerbaijan economic diversification gold mart,2026-03-23 04:03:41.539378+00:00
2000-04-01,quarterly,,,,,,,,,,,,,,,Azerbaijan,AZE,,,,,,,,,594058.0,234.26662775749065,546998.0,289.12627517310636,47060.0,73.08361287116412,327785.0,78.66909228801214,Azerbaijan economic diversification gold mart,2026-03-23 04:03:41.539378+00:00
2000-10-01,quarterly,,,,,,,,,,,,,,,Azerbaijan,AZE,,,,,,,,,348584.0,76.19105905187394,271584.0,70.92021528008084,77000.0,103.25868311653478,463221.0,124.10276057183273,Azerbaijan economic diversification gold mart,2026-03-23 04:03:41.539378+00:00
2001-01-01,annual,5315.6,109.9,,3195.9,108.7,1170.8203,116.7,3876.36,110.4,52.0,126.7,0.9,,1.5,Azerbaijan,AZE,,,,,,,,,2078931.0,111.87062612499898,1855148.0,116.37362299585166,223783.0,84.700837231836,1465064.0,95.19553217825803,Azerbaijan economic diversification gold mart,2026-03-23 04:03:41.539378+00:00
2001-01-01,quarterly,,,,,,,,,,,,,,,Azerbaijan,AZE,-70.0,80.0,481.0,262.0,219.0,-401.0,-84.0,3.0,,,,,,,,,Azerbaijan economic diversification gold mart,2026-03-23 04:03:41.539378+00:00
2001-04-01,quarterly,,,,,,,,,,,,,,,Azerbaijan,AZE,,,,,,,,,540403.0,90.96805362439358,448139.0,81.92699059228735,92264.0,196.05609859753505,414313.0,126.39779123510837,Azerbaijan economic diversification gold mart,2026-03-23 04:03:41.539378+00:00
2001-10-01,quarterly,,,,,,,,,,,,,,,Azerbaijan,AZE,,,,,,,,,480564.0,137.86174924838775,438820.0,161.57800164958172,41744.0,54.212987012987014,400586.0,86.47837641212294,Azerbaijan economic diversification gold mart,2026-03-23 04:03:41.539378+00:00
2002-01-01,annual,6062.5,110.6,,3693.9,113.8,2106.9767,182.2,4233.98,111.4,62.6,121.2,0.6,,2.8,Azerbaijan,AZE,,,,,,,,,2304893.0,110.86914380515755,2061150.0,111.10434315752707,243743.0,108.91935491078411,1823341.0,124.45469958991553,Azerbaijan economic diversification gold mart,2026-03-23 04:03:41.539378+00:00
2002-01-01,quarterly,,,,,,,,,,,,,,,Azerbaijan,AZE,-248.70700000000002,172.0,735.0,385.0,350.0,-563.0,-125.698,4.446,,,,,,,,,Azerbaijan economic diversification gold mart,2026-03-23 04:03:41.539378+00:00
2002-04-01,quarterly,,,,,,,,,,,,,,,Azerbaijan,AZE,,,,,,,,,631127.0,116.78821176048247,566623.0,126.43911822001657,64504.0,69.91242521460158,466823.0,112.6739928508157,Azerbaijan economic diversification gold mart,2026-03-23 04:03:41.539378+00:00
2002-10-01,quarterly,,,,,,,,,,,,,,,Azerbaijan,AZE,,,,,,,,,734630.0,152.86829641837508,651789.0,148.53219999088466,82841.0,198.4500766577233,563253.0,140.60726036356738,Azerbaijan economic diversification gold mart,2026-03-23 04:03:41.539378+00:00
2003-01-01,annual,7146.5,111.2,,4447.6,114.9,3786.3667,173.0,4841.58,111.4,76.6,121.4,1.5,,2.2,Azerbaijan,AZE,,,,,,,,,2624513.0,113.86702115889979,2290613.0,111.13276568905708,333900.0,136.9885494147524,2722704.0,149.32500283819647,Azerbaijan economic diversification gold mart,2026-03-23 04:03:41.539378+00:00
2003-01-01,quarterly,,,,,,,,,,,,,,,Azerbaijan,AZE,-731.0,-145.0,732.0,346.0,386.0,-877.0,-110.0,-1.0,,,,,,,,,Azerbaijan economic diversification gold mart,2026-03-23 04:03:41.539378+00:00
2003-04-01,quarterly,,,,,,,,,,,,,,,Azerbaijan,AZE,,,,,,,,,536939.0,85.07622079232864,460104.0,81.2010807891667,76835.0,119.11664392905865,681253.0,145.93389785850312,Azerbaijan economic diversification gold mart,2026-03-23 04:03:41.539378+00:00
2003-10-01,quarterly,,,,,,,,,,,,,,,Azerbaijan,AZE,,,,,,,,,731532.0,99.57829111253284,603156.0,92.53853624409126,128376.0,154.96674352072043,877195.0,155.73729744892614,Azerbaijan economic diversification gold mart,2026-03-23 04:03:41.539378+00:00
2004-01-01,annual,8530.2,110.2,,5242.5,113.6,4922.7559,135.9,6009.48,120.7,96.7,126.2,1.8,,6.7,Azerbaijan,AZE,,,,,,,,,3742982.0,142.61624918603945,3128727.0,136.5890702619779,614183.0,183.94219826295299,3581685.0,131.54882058424272,Azerbaijan economic diversification gold mart,2026-03-23 04:03:41.539378+00:00
2004-01-01,quarterly,,,,,,,,,,,,,,,Azerbaijan,AZE,-629.0,129.0,1154.0,560.0,594.0,-1025.0,-192.0,-27.0,,,,,,,,,Azerbaijan economic diversification gold mart,2026-03-23 04:03:41.539378+00:00
2004-04-01,quarterly,,,,,,,,,,,,,,,Azerbaijan,AZE,,,,,,,,,910453.0,169.56358171039915,808630.0,175.7493957887782,101823.0,132.5216372746795,1003832.0,147.35083735411075,Azerbaijan economic diversification gold mart,2026-03-23 04:03:41.539378+00:00
2004-10-01,quarterly,,,,,,,,,,,,,,,Azerbaijan,AZE,,,,,,,,,1153987.0,157.74935341174412,989396.0,164.03650133630435,164519.0,128.15401632703933,1025342.0,116.88871915594594,Azerbaijan economic diversification gold mart,2026-03-23 04:03:41.539378+00:00
2005-01-01,annual,12522.5,126.4,116.1,6055.1,108.3,5769.8763,112.7,7792.3,125.7,117.9,121.9,2.2,5.4,9.6,Azerbaijan,AZE,,,,,,,,,7648962.0,204.35476312736745,6737131.0,215.33137918393007,911831.0,148.46242895032913,4349857.0,121.44722386251163,Azerbaijan economic diversification gold mart,2026-03-23 04:03:41.539378+00:00
2005-01-01,monthly,656.06,107.0,,396.78,107.4,364.18,102.1,491.9,117.8,106.42,121.6,1.4,9.79365839330299,9.79365839330299,Azerbaijan,AZE,,,,,,,,,,,,,,,,,Azerbaijan economic diversification gold mart,2026-03-23 04:03:41.539378+00:00
2005-01-01,quarterly,,,,,,,,,,,,,,,Azerbaijan,AZE,583.0,1615.0,2623.0,2355.0,268.0,-1008.0,-638.0,2.0,,,,,,,,,Azerbaijan economic diversification gold mart,2026-03-23 04:03:41.539378+00:00
2005-02-01,monthly,1406.36,108.5,,879.64,108.4,667.6,105.2,1009.24,122.7,106.6,121.7,1.2,10.967549748110855,10.3809836860856,Azerbaijan,AZE,,,,,,,,,,,,,,,,,Azerbaijan economic diversification gold mart,2026-03-23 04:03:41.539378+00:00
2005-03-01,monthly,2131.48,110.8,,1260.9,107.3,1082.58,98.2,1620.9,124.1,106.78,122.8,2.2,12.310628126638505,11.028656085002936,Azerbaijan,AZE,,,,,,,,,,,,,,,,,Azerbaijan economic diversification gold mart,2026-03-23 04:03:41.539378+00:00
2005-04-01,monthly,3088.96,114.2,,1835.9,107.0,1582.84,109.9,2227.3,125.2,109.76,124.5,0.6,12.25260722683143,11.337730511194422,Azerbaijan,AZE,,,,,,,,,,,,,,,,,Azerbaijan economic diversification gold mart,2026-03-23 04:03:41.539378+00:00
2005-04-01,quarterly,,,,,,,,,,,,,,,Azerbaijan,AZE,,,,,,,,,2204873.0,242.17318192152698,1788751.0,221.20759803618463,416122.0,408.6719110613515,1215516.0,121.08759234612963,Azerbaijan economic diversification gold mart,2026-03-23 04:03:41.539378+00:00
2005-05-01,monthly,3967.82,116.0,,2391.86,107.8,2123.3,114.5,2820.9,125.4,111.14,125.5,-0.7,11.305353825057907,11.331195464641013,Azerbaijan,AZE,,,,,,,,,,,,,,,,,Azerbaijan economic diversification gold mart,2026-03-23 04:03:41.539378+00:00
2005-06-01,monthly,4901.02,116.5,,2962.08,107.7,2555.22,110.3,3446.22,125.9,112.24,125.9,-1.8,10.997022827265752,11.275787708469124,Azerbaijan,AZE,,,,,,,,,,,,,,,,,Azerbaijan economic diversification gold mart,2026-03-23 04:03:41.539378+00:00
2005-07-01,monthly,5870.46,118.9,,3546.82,107.8,2966.06,109.7,4077.36,126.0,113.44,122.3,-1.6,10.514883043019722,11.168657216900925,Azerbaijan,AZE,,,,,,,,,,,,,,,,,Azerbaijan economic diversification gold mart,2026-03-23 04:03:41.539378+00:00
2005-08-01,monthly,7142.8,120.2,,4258.86,107.9,3413.4,111.4,4698.64,126.3,114.48,122.5,-0.6,10.114411925730678,11.038817280966981,Azerbaijan,AZE,,,,,,,,,,,,,,,,,Azerbaijan economic diversification gold mart,2026-03-23 04:03:41.539378+00:00
2005-09-01,monthly,8180.58,121.8,,4784.16,107.7,3808.22,110.7,5374.0,126.7,115.5,122.2,0.8,10.241006461507268,10.950801398777088,Azerbaijan,AZE,,,,,,,,,,,,,,,,,Azerbaijan economic diversification gold mart,2026-03-23 04:03:41.539378+00:00
2005-10-01,monthly,9278.84,123.4,,5368.2,107.8,4307.0,110.4,6117.78,126.8,116.36,121.7,0.5,6.142957692733347,10.454329524005686,Azerbaijan,AZE,,,,,,,,,,,,,,,,,Azerbaijan economic diversification gold mart,2026-03-23 04:03:41.539378+00:00
2005-10-01,quarterly,,,,,,,,,,,,,,,Azerbaijan,AZE,,,,,,,,,2622784.0,227.2802033298469,2391477.0,241.7108013373816,231307.0,140.5959190123937,1008022.0,98.31080751593126,Azerbaijan economic diversification gold mart,2026-03-23 04:03:41.539378+00:00
2005-11-01,monthly,10465.94,125.2,,6061.04,108.1,4716.66,111.9,6884.9,126.9,117.12,122.2,1.1,4.9376642905702965,9.927421654809024,Azerbaijan,AZE,,,,,,,,,,,,,,,,,Azerbaijan economic diversification gold mart,2026-03-23 04:03:41.539378+00:00
2005-12-01,monthly,12522.5,126.4,,6055.0,108.3,5424.3,112.7,7792.3,125.7,117.9,121.9,2.2,5.4,9.6,Azerbaijan,AZE,,,,,,,,,,,,,,,,,Azerbaijan economic diversification gold mart,2026-03-23 04:03:41.539378+00:00
2006-01-01,annual,18746.2,134.5,107.1,7630.0,111.9,6234.4837,114.8,9949.8,123.4,141.3,119.8,2.1,11.4,8.3,Azerbaijan,AZE,,,,,,,,,13014633.0,170.14900845369607,12067616.0,179.12099378800858,947017.0,103.85882910320004,5269338.0,121.13818914047059,Azerbaijan economic diversification gold mart,2026-03-23 04:03:41.539378+00:00
2006-01-01,monthly,1012.8,134.6,,513.0,106.4,356.5,101.2,602.5,117.9,127.2,119.5,1.3,5.3,5.3,Azerbaijan,AZE,,,,,,,,,,,,,,,,,Azerbaijan economic diversification gold mart,2026-03-23 04:03:41.539378+00:00
2006-01-01,quarterly,,,,,,,,,,,,,,,Azerbaijan,AZE,1745.4219999999998,2366.776,3954.776,3733.43,221.346,-1588.0,-391.0,22.0,,,,,,,,,Azerbaijan economic diversification gold mart,2026-03-23 04:03:41.539378+00:00
2006-02-01,monthly,2228.9,148.1,,1066.8,107.6,687.7,105.2,1572.1,118.4,128.7,120.7,1.9,6.1,5.7,Azerbaijan,AZE,,,,,,,,,,,,,,,,,Azerbaijan economic diversification gold mart,2026-03-23 04:03:41.539378+00:00
2006-03-01,monthly,3223.0,139.5,,1310.5,108.9,1106.7,106.9,2460.6,118.6,129.7,120.3,1.3,5.0,5.5,Azerbaijan,AZE,,,,,,,,,,,,,,,,,Azerbaijan economic diversification gold mart,2026-03-23 04:03:41.539378+00:00
2006-04-01,monthly,4477.9,139.5,,2185.0,108.0,1668.2,111.3,3249.1,118.9,132.0,120.2,0.7,5.2,5.4,Azerbaijan,AZE,,,,,,,,,,,,,,,,,Azerbaijan economic diversification gold mart,2026-03-23 04:03:41.539378+00:00
2006-04-01,quarterly,,,,,,,,,,,,,,,Azerbaijan,AZE,,,,,,,,,3642944.0,165.22239602915906,3419035.0,191.1409134082944,223909.0,53.80849846919894,1457857.0,119.93729412035712,Azerbaijan economic diversification gold mart,2026-03-23 04:03:41.539378+00:00
2006-05-01,monthly,5853.9,138.0,,2926.7,108.0,2184.1,108.8,4043.7,119.6,133.7,120.3,0.3,6.3,5.6,Azerbaijan,AZE,,,,,,,,,,,,,,,,,Azerbaijan economic diversification gold mart,2026-03-23 04:03:41.539378+00:00
2006-06-01,monthly,7146.4,136.3,,3584.8,108.8,2626.7,107.9,4843.2,119.6,135.1,120.4,-0.1,8.1,6.0,Azerbaijan,AZE,,,,,,,,,,,,,,,,,Azerbaijan economic diversification gold mart,2026-03-23 04:03:41.539378+00:00
2006-07-01,monthly,8803.5,135.1,,4435.5,108.5,3164.3,112.9,5704.1,120.1,136.1,120.0,-0.3,9.6,6.5,Azerbaijan,AZE,,,,,,,,,,,,,,,,,Azerbaijan economic diversification gold mart,2026-03-23 04:03:41.539378+00:00
2006-08-01,monthly,10296.7,134.4,,4993.5,108.0,3623.9,111.7,6536.9,120.6,137.4,120.0,0.0,10.2,6.9,Azerbaijan,AZE,,,,,,,,,,,,,,,,,Azerbaijan economic diversification gold mart,2026-03-23 04:03:41.539378+00:00
2006-09-01,monthly,12730.2,134.0,,5880.4,107.6,4251.5,116.4,7416.2,121.2,138.5,119.9,0.9,10.3,7.3,Azerbaijan,AZE,,,,,,,,,,,,,,,,,Azerbaijan economic diversification gold mart,2026-03-23 04:03:41.539378+00:00
2006-10-01,monthly,14761.8,134.3,,7037.2,111.0,4750.1,115.0,8339.2,121.9,139.5,119.8,1.3,11.2,7.7,Azerbaijan,AZE,,,,,,,,,,,,,,,,,Azerbaijan economic diversification gold mart,2026-03-23 04:03:41.539378+00:00
2006-10-01,quarterly,,,,,,,,,,,,,,,Azerbaijan,AZE,,,,,,,,,3957776.0,150.89980722773967,3655521.0,152.85620560013749,302255.0,130.67265582105168,1590324.0,157.76679477233634,Azerbaijan economic diversification gold mart,2026-03-23 04:03:41.539378+00:00
2006-11-01,monthly,16329.4,134.4,,7605.8,111.2,5219.5,115.2,9223.2,122.5,140.4,119.9,1.3,11.5,8.0,Azerbaijan,AZE,,,,,,,,,,,,,,,,,Azerbaijan economic diversification gold mart,2026-03-23 04:03:41.539378+00:00
2006-12-01,monthly,18746.2,134.5,,7630.0,111.8,5963.6,114.8,9949.8,123.4,141.3,119.8,2.1,11.4,8.3,Azerbaijan,AZE,,,,,,,,,,,,,,,,,Azerbaijan economic diversification gold mart,2026-03-23 04:03:41.539378+00:00
2007-01-01,annual,28360.5,125.0,114.4,10576.1,111.4,7471.1899,117.8,14305.6,140.3,214.0,142.0,2.5,19.636026926081,16.7,Azerbaijan,AZE,,,,,,,,,21269317.0,163.42617575155595,20087289.0,166.45615007968433,1182028.0,124.8159219950645,6045019.0,114.72065371399596,Azerbaijan economic diversification gold mart,2026-03-23 04:03:41.539378+00:00
2007-01-01,monthly,,146.7,100.1,613.6,106.2,357.2,103.5,838.7,129.9,160.6,126.3,6.4,17.0,17.0,Azerbaijan,AZE,,,,,,,,,,,,,,,,,Azerbaijan economic diversification gold mart,2026-03-23 04:03:41.539378+00:00
2007-01-01,quarterly,,,,,,,,,,,,,,,Azerbaijan,AZE,3123.0,5069.0,6951.0,6680.0,271.0,-1882.0,-1660.0,-17.0,,,,,,,,,Azerbaijan economic diversification gold mart,2026-03-23 04:03:41.539378+00:00
2007-02-01,monthly,3273.1,141.7,101.4,1255.7,106.6,725.1,113.9,1825.7,133.0,161.4,125.4,1.5,16.5,16.7,Azerbaijan,AZE,,,,,,,,,,,,,,,,,Azerbaijan economic diversification gold mart,2026-03-23 04:03:41.539378+00:00
2007-03-01,monthly,5145.4,139.7,102.1,2005.8,106.6,1180.0,112.3,2924.4,135.2,163.7,126.2,1.2,16.4,16.6,Azerbaijan,AZE,,,,,,,,,,,,,,,,,Azerbaijan economic diversification gold mart,2026-03-23 04:03:41.539378+00:00
2007-04-01,monthly,6884.2,137.1,101.9,2746.5,107.4,1692.8,109.6,4008.9,136.7,166.1,125.8,0.4,16.0,16.5,Azerbaijan,AZE,,,,,,,,,,,,,,,,,Azerbaijan economic diversification gold mart,2026-03-23 04:03:41.539378+00:00
2007-04-01,quarterly,,,,,,,,,,,,,,,Azerbaijan,AZE,,,,,,,,,5062744.0,138.9739726990039,4712334.0,137.82643348196203,350410.0,156.49661246309884,1555665.0,106.70902564517644,Azerbaijan economic diversification gold mart,2026-03-23 04:03:41.539378+00:00
2007-05-01,monthly,8763.2,136.2,100.6,3572.1,108.0,2272.1,109.9,5017.0,136.9,168.6,126.1,-0.3,15.3,16.2,Azerbaijan,AZE,,,,,,,,,,,,,,,,,Azerbaijan economic diversification gold mart,2026-03-23 04:03:41.539378+00:00
2007-06-01,monthly,,135.1,100.5,3688.0,107.8,2727.3,110.6,6001.3,138.4,170.7,126.4,-0.5,14.8,16.0,Azerbaijan,AZE,,,,,,,,,,,,,,,,,Azerbaijan economic diversification gold mart,2026-03-23 04:03:41.539378+00:00
2007-07-01,monthly,,134.5,101.1,4458.3,108.2,3318.7,111.3,7026.1,139.1,173.0,127.1,0.1,15.3,15.9,Azerbaijan,AZE,,,,,,,,,,,,,,,,,Azerbaijan economic diversification gold mart,2026-03-23 04:03:41.539378+00:00
2007-08-01,monthly,,132.5,101.2,5176.2,108.4,3827.7,111.6,8089.2,139.7,175.5,127.7,0.8,16.2,15.9,Azerbaijan,AZE,,,,,,,,,,,,,,,,,Azerbaijan economic diversification gold mart,2026-03-23 04:03:41.539378+00:00
2007-09-01,monthly,,127.1,100.8,6301.5,108.9,4518.6,115.1,9115.3,139.8,177.6,128.2,1.1,16.4,16.0,Azerbaijan,AZE,,,,,,,,,,,,,,,,,Azerbaijan economic diversification gold mart,2026-03-23 04:03:41.539378+00:00
2007-10-01,monthly,18739.6,126.8,103.1,6762.8,109.6,5138.5,116.6,10603.2,139.9,186.8,133.9,1.9,17.1,16.085514044829,Azerbaijan,AZE,,,,,,,,,,,,,,,,,Azerbaijan economic diversification gold mart,2026-03-23 04:03:41.539378+00:00
2007-10-01,quarterly,,,,,,,,,,,,,,,Azerbaijan,AZE,,,,,,,,,6954728.0,175.72313339612955,6652441.0,181.98338896151876,302287.0,100.01058708706225,1885833.0,118.58168524149796,Azerbaijan economic diversification gold mart,2026-03-23 04:03:41.539378+00:00
2007-11-01,monthly,,125.4,104.3,7458.6,109.9,5746.2,116.8,12360.5,139.7,199.0,141.7,3.2,19.2,16.4,Azerbaijan,AZE,,,,,,,,,,,,,,,,,Azerbaijan economic diversification gold mart,2026-03-23 04:03:41.539378+00:00
2007-12-01,monthly,28360.5,125.0,114.4,10576.1,111.3,6774.8,117.8,14305.6,140.3,214.0,142.0,2.5,19.636026926081,16.7,Azerbaijan,AZE,,,,,,,,,,,,,,,,,Azerbaijan economic diversification gold mart,2026-03-23 04:03:41.539378+00:00
2008-01-01,annual,40137.2,110.8,127.8,15197.3,115.9,9944.1538,134.3,20058.2,137.8,268.0,124.2,-0.4,15.4,20.8,Azerbaijan,AZE,,,,,,,,,30586343.0,143.80500793702026,28904059.0,143.89228431970088,1682284.0,142.32184009177448,7574679.0,125.30446967991334,Azerbaijan economic diversification gold mart,2026-03-23 04:03:41.539378+00:00
2008-01-01,monthly,,111.3,115.7,732.4,109.6,367.2,105.1,1218.7,132.9,230.0,131.4,2.5,15.262619008513,15.3,Azerbaijan,AZE,,,,,,,,,,,,,,,,,Azerbaijan economic diversification gold mart,2026-03-23 04:03:41.539378+00:00
2008-01-01,quarterly,,,,,,,,,,,,,,,Azerbaijan,AZE,1658.0,2265.0,4336.0,4011.0,325.0,-2071.0,-473.0,127.0,,,,,,,,,Azerbaijan economic diversification gold mart,2026-03-23 04:03:41.539378+00:00
2008-02-01,monthly,,113.4,118.5,1518.3,110.1,859.9,120.5,2625.5,133.0,231.0,127.6,2.2,16.03353824499,15.7,Azerbaijan,AZE,,,,,,,,,,,,,,,,,Azerbaijan economic diversification gold mart,2026-03-23 04:03:41.539378+00:00
2008-03-01,monthly,8209.8,113.8,137.1,2390.8,111.3,1409.2,121.4,4143.8,133.1,229.8,126.5,3.1,18.3,16.5,Azerbaijan,AZE,,,,,,,,,,,,,,,,,Azerbaijan economic diversification gold mart,2026-03-23 04:03:41.539378+00:00
2008-04-01,monthly,11172.4,115.0,135.1,3184.0,111.53,2031.7,121.6,5762.0,134.0,237.5,123.2,3.1,21.440726859248,17.8,Azerbaijan,AZE,,,,,,,,,,,,,,,,,Azerbaijan economic diversification gold mart,2026-03-23 04:03:41.539378+00:00
2008-04-01,quarterly,,,,,,,,,,,,,,,Azerbaijan,AZE,,,,,,,,,9010345.0,177.97354557133445,8545689.0,181.34726867832373,464656.0,132.60352158899576,2280618.0,146.60084272642246,Azerbaijan economic diversification gold mart,2026-03-23 04:03:41.539378+00:00
2008-05-01,monthly,14308.6,114.6,133.9,4047.0,111.9,2695.9,121.7,7380.8,134.1,242.7,124.3,2.3,24.6,19.2,Azerbaijan,AZE,,,,,,,,,,,,,,,,,Azerbaijan economic diversification gold mart,2026-03-23 04:03:41.539378+00:00
2008-06-01,monthly,18505.7,116.5,131.9,5694.6,115.6,3643.4,131.9,9041.2,134.2,250.4,123.8,0.127,25.4,20.2,Azerbaijan,AZE,,,,,,,,,,,,,,,,,Azerbaijan economic diversification gold mart,2026-03-23 04:03:41.539378+00:00
2008-07-01,monthly,23017.1,116.7,130.6,7308.6,115.0,4532.1,134.2,10860.6,134.6,253.0,123.8,-0.3,24.9,20.9,Azerbaijan,AZE,,,,,,,,,,,,,,,,,Azerbaijan economic diversification gold mart,2026-03-23 04:03:41.539378+00:00
2008-08-01,monthly,25891.9,113.2,127.8,8627.1,114.8,5396.6,136.6,12709.5,135.4,255.3,123.4,0.0,23.9,21.3,Azerbaijan,AZE,,,,,,,,,,,,,,,,,Azerbaijan economic diversification gold mart,2026-03-23 04:03:41.539378+00:00
2008-09-01,monthly,30370.4,115.0,132.7,9853.2,115.4,6283.0,138.0,14557.9,135.6,256.9,123.1,0.9,23.7,21.5,Azerbaijan,AZE,,,,,,,,,,,,,,,,,Azerbaijan economic diversification gold mart,2026-03-23 04:03:41.539378+00:00
2008-10-01,monthly,32542.4,112.7,126.7,11098.8,115.4,7171.3,138.4,16504.2,135.7,260.2,123.9,0.8,22.5,21.6,Azerbaijan,AZE,,,,,,,,,,,,,,,,,Azerbaijan economic diversification gold mart,2026-03-23 04:03:41.539378+00:00
2008-10-01,quarterly,,,,,,,,,,,,,,,Azerbaijan,AZE,,,,,,,,,4342933.0,62.44576351512238,3904361.0,58.69065204787235,438572.0,145.0846381088171,2078844.0,110.23478749178746,Azerbaijan economic diversification gold mart,2026-03-23 04:03:41.539378+00:00
2008-11-01,monthly,34660.6,111.5,121.8,12206.2,116.3,7957.5,138.8,18176.8,135.8,265.1,124.3,0.1,18.9,21.4,Azerbaijan,AZE,,,,,,,,,,,,,,,,,Azerbaijan economic diversification gold mart,2026-03-23 04:03:41.539378+00:00
2008-12-01,monthly,40137.2,110.8,127.8,15197.3,115.7,9073.6,134.3,20058.2,137.8,268.0,124.2,-0.4,15.4,20.8,Azerbaijan,AZE,,,,,,,,,,,,,,,,,Azerbaijan economic diversification gold mart,2026-03-23 04:03:41.539378+00:00
2009-01-01,annual,35601.5,109.3,78.8,16726.0,103.7,7724.9448,81.3,22396.1,108.0,298.0,108.6,0.8,0.7268374609775492,1.532503107893,Azerbaijan,AZE,,,,,,,,,21096820.0,68.97464008691723,20001681.0,69.20024969503417,1095139.0,65.09834249151749,6513875.0,85.99539333614005,Azerbaijan economic diversification gold mart,2026-03-23 04:03:41.539378+00:00
2009-01-01,monthly,1860.0,97.4,83.5,891.5,102.8,277.4,75.4,1434.7,121.9,291.0,126.5,-0.6,11.9,11.9,Azerbaijan,AZE,,,,,,,,,,,,,,,,,Azerbaijan economic diversification gold mart,2026-03-23 04:03:41.539378+00:00
2009-01-01,quarterly,,,,,,,,,,,,,,,Azerbaijan,AZE,3220.3869999999997,4652.7609999999995,6300.7609999999995,5951.459,349.302,-1648.0,-844.0,-137.0,,,,,,,,,Azerbaijan economic diversification gold mart,2026-03-23 04:03:41.539378+00:00
2009-02-01,monthly,3859.3,103.4,66.9,2079.7,113.9,1104.5,127.2,3069.0,120.8,292.0,126.4,-0.7653781000000066,8.7,10.3,Azerbaijan,AZE,,,,,,,,,,,,,,,,,Azerbaijan economic diversification gold mart,2026-03-23 04:03:41.539378+00:00
2009-03-01,monthly,6741.8,104.1,71.5,3549.3,113.7,1638.9,115.2,4964.0,121.0,292.0,126.5,-0.7000000000000028,4.6372758575097635,8.391848348058787,Azerbaijan,AZE,,,,,,,,,,,,,,,,,Azerbaijan economic diversification gold mart,2026-03-23 04:03:41.539378+00:00
2009-04-01,monthly,8996.0,104.3,64.7,4564.7,108.4,2159.1,105.2,6738.0,120.3,295.7,124.5,-0.2,1.3,6.6,Azerbaijan,AZE,,,,,,,,,,,,,,,,,Azerbaijan economic diversification gold mart,2026-03-23 04:03:41.539378+00:00
2009-04-01,quarterly,,,,,,,,,,,,,,,Azerbaijan,AZE,,,,,,,,,5946514.0,65.996518446297,5896082.0,68.99481130193247,50432.0,10.85362074308736,1792929.0,78.61592778799431,Azerbaijan economic diversification gold mart,2026-03-23 04:03:41.539378+00:00
2009-05-01,monthly,11366.1,104.4,63.9,5392.2,106.6,2698.6,100.4,8584.2,118.5,296.5,122.2,-0.2,-1.2,4.9,Azerbaijan,AZE,,,,,,,,,,,,,,,,,Azerbaijan economic diversification gold mart,2026-03-23 04:03:41.539378+00:00
2009-06-01,monthly,14287.7,103.6,64.6,6713.7,104.1,3374.9,92.9,10584.2,116.2,298.0,119.0,-0.6,-1.8799988929116864,3.7,Azerbaijan,AZE,,,,,,,,,,,,,,,,,Azerbaijan economic diversification gold mart,2026-03-23 04:03:41.539378+00:00
2009-07-01,monthly,,102.7,65.5,8315.7,103.6,4082.5,90.3,12530.5,113.6,298.0,117.8,0.8,-0.8211529274255582,3.1,Azerbaijan,AZE,,,,,,,,,,,,,,,,,Azerbaijan economic diversification gold mart,2026-03-23 04:03:41.539378+00:00
2009-08-01,monthly,,105.0,68.2,9502.1,101.5,4562.5,84.7,14583.5,112.6,298.0,116.7,0.1,-0.6934418486409726,2.6,Azerbaijan,AZE,,,,,,,,,,,,,,,,,Azerbaijan economic diversification gold mart,2026-03-23 04:03:41.539378+00:00
2009-09-01,monthly,23427.1,106.1,68.7,10676.6,100.8,5199.4,82.9,16082.6,109.8,296.6,115.5,0.4,-1.536024194061568,2.1,Azerbaijan,AZE,,,,,,,,,,,,,,,,,Azerbaijan economic diversification gold mart,2026-03-23 04:03:41.539378+00:00
2009-10-01,monthly,26647.5,108.3,71.5,12029.3,101.1,5922.7,82.8,18073.9,107.8,296.3,113.9,0.3524231,-1.7,1.7,Azerbaijan,AZE,,,,,,,,,,,,,,,,,Azerbaijan economic diversification gold mart,2026-03-23 04:03:41.539378+00:00
2009-10-01,quarterly,,,,,,,,,,,,,,,Azerbaijan,AZE,,,,,,,,,6306761.0,145.21893384033325,5842321.0,149.6357790685851,464440.0,105.89823335735066,1792300.0,86.21618553388325,Azerbaijan economic diversification gold mart,2026-03-23 04:03:41.539378+00:00
2009-11-01,monthly,29654.2,109.0,74.5,13227.9,101.0,6444.4,81.2,19816.2,107.6,296.0,111.7,1.2983885,-0.5363447007449196,1.532503107893,Azerbaijan,AZE,,,,,,,,,,,,,,,,,Azerbaijan economic diversification gold mart,2026-03-23 04:03:41.539378+00:00
2009-12-01,monthly,35601.5,109.3,78.8,16726.0,103.2,7358.7,81.3,22396.1,108.0,298.0,108.6,0.8,0.7268374609775492,1.532503107893,Azerbaijan,AZE,,,,,,,,,,,,,,,,,Azerbaijan economic diversification gold mart,2026-03-23 04:03:41.539378+00:00
2010-01-01,annual,42465.0,105.0,111.3,19179.0,107.7,9905.6658,121.2,25605.6,113.3,331.5,111.24161073825502,1.4,7.932006316825,5.7,Azerbaijan,AZE,,,,,,,,,26476026.0,125.49771008142459,24311243.0,121.54599905877912,2164783.0,197.67198501742703,6745603.0,103.55745236130566,Azerbaijan economic diversification gold mart,2026-03-23 04:03:41.539378+00:00
2010-01-01,monthly,3212.0,109.2,140.4,1147.5,104.7,401.3,105.6,1526.9,106.4,296.9,102.0,0.5,1.8,1.8,Azerbaijan,AZE,,,,,,,,,,,,,,,,,Azerbaijan economic diversification gold mart,2026-03-23 04:03:41.539378+00:00
2010-01-01,quarterly,,,,,,,,,,,,,,,Azerbaijan,AZE,3052.0,4302.0,6367.0,6002.0,365.0,-2065.0,-867.0,86.0,,,,,,,,,Azerbaijan economic diversification gold mart,2026-03-23 04:03:41.539378+00:00
2010-02-01,monthly,6128.0,105.6,137.9,2236.4,104.2,1076.7,102.4,3201.0,104.3,298.2,102.1,1.1,3.741237495122,2.8,Azerbaijan,AZE,,,,,,,,,,,,,,,,,Azerbaijan economic diversification gold mart,2026-03-23 04:03:41.539378+00:00
2010-03-01,monthly,9551.6,105.4,134.3,3613.2,104.3,1636.8,104.9,5183.8,106.5,304.0,104.1,1.3,5.8,3.8,Azerbaijan,AZE,,,,,,,,,,,,,,,,,Azerbaijan economic diversification gold mart,2026-03-23 04:03:41.539378+00:00
2010-04-01,monthly,12984.9,105.0,130.7,4931.7,105.0,2291.3,105.5,7320.0,108.6,309.8,104.8,0.0,6.0,4.4,Azerbaijan,AZE,,,,,,,,,,,,,,,,,Azerbaijan economic diversification gold mart,2026-03-23 04:03:41.539378+00:00
2010-04-01,quarterly,,,,,,,,,,,,,,,Azerbaijan,AZE,,,,,,,,,6888150.0,115.83509262737799,6400978.0,108.56324589786912,487172.0,965.9977791878173,1706833.0,95.19802513094496,Azerbaijan economic diversification gold mart,2026-03-23 04:03:41.539378+00:00
2010-05-01,monthly,16533.9,104.3,129.7,6392.4,104.9,3021.3,111.3,9403.1,109.5,313.9,105.9,-0.2,6.1,4.7,Azerbaijan,AZE,,,,,,,,,,,,,,,,,Azerbaijan economic diversification gold mart,2026-03-23 04:03:41.539378+00:00
2010-06-01,monthly,19680.0,103.7,125.2,7865.0,104.7,3766.9,110.9,11483.7,109.7,315.2,105.0,-0.6197248000000002,6.062452538594,4.9,Azerbaijan,AZE,,,,,,,,,,,,,,,,,Azerbaijan economic diversification gold mart,2026-03-23 04:03:41.539378+00:00
2010-07-01,monthly,23154.7,103.5,120.3,9674.1,104.2,4567.4,111.2,13604.0,109.3,316.3,105.3,-0.2,5.0,4.9,Azerbaijan,AZE,,,,,,,,,,,,,,,,,Azerbaijan economic diversification gold mart,2026-03-23 04:03:41.539378+00:00
2010-08-01,monthly,26189.6,103.8,116.8,10964.9,104.5,5218.1,111.3,15832.8,111.0,317.4,105.7,0.6999626,5.7,5.033651516165,Azerbaijan,AZE,,,,,,,,,,,,,,,,,Azerbaijan economic diversification gold mart,2026-03-23 04:03:41.539378+00:00
2010-09-01,monthly,29308.0,104.1,115.6,12394.8,105.2,6157.8,115.2,17979.2,111.3,319.1,106.6,0.9,6.3,5.2,Azerbaijan,AZE,,,,,,,,,,,,,,,,,Azerbaijan economic diversification gold mart,2026-03-23 04:03:41.539378+00:00
2010-10-01,monthly,32499.5,104.1,113.9,13732.4,105.4,7057.8,114.8,20290.2,111.7,320.0,107.2,0.9,6.9,5.3,Azerbaijan,AZE,,,,,,,,,,,,,,,,,Azerbaijan economic diversification gold mart,2026-03-23 04:03:41.539378+00:00
2010-10-01,quarterly,,,,,,,,,,,,,,,Azerbaijan,AZE,,,,,,,,,6395830.0,101.41227802987936,5844014.0,100.02897820917407,551816.0,118.81319438463527,2083102.0,116.22507392735591,Azerbaijan economic diversification gold mart,2026-03-23 04:03:41.539378+00:00
2010-11-01,monthly,36575.4,104.5,113.8,15506.9,105.9,7704.5,115.2,22678.4,112.0,321.2,107.7,1.7737821000000054,7.366450808681,5.527390410604994,Azerbaijan,AZE,,,,,,,,,,,,,,,,,Azerbaijan economic diversification gold mart,2026-03-23 04:03:41.539378+00:00
2010-12-01,monthly,42465.0,105.0,111.3,19179.0,107.9,9715.2,121.2,25605.6,113.3,325.0,109.1,1.4,7.932006316825,5.7,Azerbaijan,AZE,,,,,,,,,,,,,,,,,Azerbaijan economic diversification gold mart,2026-03-23 04:03:41.539378+00:00
2011-01-01,annual,52082.0,100.1,117.8,23196.1,109.4,12799.1,127.3,30524.6,119.6,364.2,109.86425339366515,0.9,5.5911934944952435,7.9,Azerbaijan,AZE,,,,,,,,,34494880.0,130.28722664043312,31419546.0,129.23874768558727,3075334.0,142.0619988239006,10166471.0,150.71256046346042,Azerbaijan economic diversification gold mart,2026-03-23 04:03:41.539378+00:00
2011-01-01,monthly,3442.5,100.8,109.1,1412.8,106.6,432.0,101.7,1910.7,114.3,325.1,109.5,0.8,8.317732488161,8.3,Azerbaijan,AZE,,,,,,,,,,,,,,,,,Azerbaijan economic diversification gold mart,2026-03-23 04:03:41.539378+00:00
2011-01-01,quarterly,,,,,,,,,,,,,,,Azerbaijan,AZE,2724.0,4726.0,7643.0,7158.0,485.0,-2917.0,-1008.0,-149.0,,,,,,,,,Azerbaijan economic diversification gold mart,2026-03-23 04:03:41.539378+00:00
2011-02-01,monthly,6711.5,101.4,110.2,2747.2,103.8,1120.3,98.3,4158.4,114.5,332.3,111.4,2.2,9.543647989272586,8.9,Azerbaijan,AZE,,,,,,,,,,,,,,,,,Azerbaijan economic diversification gold mart,2026-03-23 04:03:41.539378+00:00
2011-03-01,monthly,10421.1,101.6,111.0,4448.3,105.6,1775.8,102.5,6496.5,116.8,339.6,111.7,1.1,9.3032358668667,9.054872114767,Azerbaijan,AZE,,,,,,,,,,,,,,,,,Azerbaijan economic diversification gold mart,2026-03-23 04:03:41.539378+00:00
2011-04-01,monthly,13714.9,100.8,109.6,5792.5,106.2,2589.2,112.0,8858.9,116.0,348.6,112.5,-0.29999999999999716,8.9344735259792,9.0,Azerbaijan,AZE,,,,,,,,,,,,,,,,,Azerbaijan economic diversification gold mart,2026-03-23 04:03:41.539378+00:00
2011-05-01,monthly,17596.6,100.8,109.3,7549.6,106.6,3415.7,112.1,11192.5,116.5,349.6,111.4,-0.4,8.622987992679086,8.9,Azerbaijan,AZE,,,,,,,,,,,,,,,,,Azerbaijan economic diversification gold mart,2026-03-23 04:03:41.539378+00:00
2011-06-01,monthly,22516.5,100.9,112.5,9795.1,107.2,4476.6,117.8,13489.2,117.0,351.3,110.7,-0.9028165000000001,8.313567775558099,8.839274273086076,Azerbaijan,AZE,,,,,,,,,,,,,,,,,Azerbaijan economic diversification gold mart,2026-03-23 04:03:41.539378+00:00
2011-07-01,monthly,26502.3,101.1,111.3,11859.9,108.5,5491.5,119.1,16337.5,117.3,352.7,110.3,-0.8,7.6559338364420455,8.7,Azerbaijan,AZE,,,,,,,,,,,,,,,,,Azerbaijan economic diversification gold mart,2026-03-23 04:03:41.539378+00:00
2011-08-01,monthly,30868.8,101.1,111.8,13806.7,108.5,6398.4,121.4,19030.2,118.5,353.7,109.8,0.6,7.597918171130402,8.5,Azerbaijan,AZE,,,,,,,,,,,,,,,,,Azerbaijan economic diversification gold mart,2026-03-23 04:03:41.539378+00:00
2011-09-01,monthly,34583.1,100.5,111.4,15544.7,108.2,7576.7,121.9,21776.3,119.2,354.5,109.5,1.1,7.742877029217254,8.4,Azerbaijan,AZE,,,,,,,,,,,,,,,,,Azerbaijan economic diversification gold mart,2026-03-23 04:03:41.539378+00:00
2011-10-01,monthly,40690.0,100.3,117.7,17463.1,108.5,8649.3,121.7,24538.6,119.0,355.1,109.0,0.0,6.794492572437875,8.3,Azerbaijan,AZE,,,,,,,,,,,,,,,,,Azerbaijan economic diversification gold mart,2026-03-23 04:03:41.539378+00:00
2011-10-01,quarterly,,,,,,,,,,,,,,,Azerbaijan,AZE,,,,,,,,,7662967.0,119.81192433194754,7164872.0,122.60189657314304,498095.0,90.26468967916841,2938762.0,141.0762411058124,Azerbaijan economic diversification gold mart,2026-03-23 04:03:41.539378+00:00
2011-11-01,monthly,45476.6,100.2,118.8,19512.7,109.5,10017.2,128.3,27277.9,119.2,355.7,108.7,1.1,6.036984059539407,8.0,Azerbaijan,AZE,,,,,,,,,,,,,,,,,Azerbaijan economic diversification gold mart,2026-03-23 04:03:41.539378+00:00
2011-12-01,monthly,52082.0,100.1,117.8,23196.1,109.4,12776.4,127.3,30524.6,119.6,356.6,108.3,0.9,5.5911934944952435,7.9,Azerbaijan,AZE,,,,,,,,,,,,,,,,,Azerbaijan economic diversification gold mart,2026-03-23 04:03:41.539378+00:00
2012-01-01,annual,54743.7,102.2,101.5,26864.4,109.7,15407.3,118.0,34769.5,113.8,396.0,108.73146622734762,0.7,-0.26192629669733947,1.1,Azerbaijan,AZE,14882.0,22181.0,32374.0,30701.0,1673.0,-10193.0,-4128.0,-198.0,32634038.0,94.60545449063746,31019406.0,98.7264615472165,1614632.0,52.50265499617277,10417471.0,102.46889997522248,Azerbaijan economic diversification gold mart,2026-03-23 04:03:41.539378+00:00
2012-01-01,monthly,4091.2,101.2,105.2,1598.7,105.9,459.4,104.8,2062.4,114.8,363.1,109.5,0.1,4.803886361388308,4.8,Azerbaijan,AZE,,,,,,,,,,,,,,,,,Azerbaijan economic diversification gold mart,2026-03-23 04:03:41.539378+00:00
2012-01-01,quarterly,,,,,,,,,,,,,,,Azerbaijan,AZE,3453.0,4705.0,7812.0,7258.0,554.0,-3107.0,-840.0,5.0,,,,,,,,,Azerbaijan economic diversification gold mart,2026-03-23 04:03:41.539378+00:00
2012-02-01,monthly,8001.9,100.5,106.2,3012.3,107.1,1196.4,105.2,4543.7,113.6,368.4,108.5,0.1,2.657724631819775,3.7,Azerbaijan,AZE,,,,,,,,,,,,,,,,,Azerbaijan economic diversification gold mart,2026-03-23 04:03:41.539378+00:00
2012-03-01,monthly,12289.1,100.5,109.3,4427.8,107.7,2099.4,116.5,7231.6,113.9,380.6,108.5,0.3,1.8471878022345578,3.1,Azerbaijan,AZE,,,,,,,,,,,,,,,,,Azerbaijan economic diversification gold mart,2026-03-23 04:03:41.539378+00:00
2012-04-01,monthly,16625.0,100.3,106.7,6365.9,109.5,3724.9,124.0,9761.1,114.1,378.9,108.7,-0.4,1.7452354030001942,2.7,Azerbaijan,AZE,,,,,,,,,,,,,,,,,Azerbaijan economic diversification gold mart,2026-03-23 04:03:41.539378+00:00
2012-04-01,quarterly,,,,,,,,,,,,,,,Azerbaijan,AZE,,,,,,,,,7577848.0,88.31640704214519,7282901.0,93.51360145124605,294947.0,37.227903477837216,2475288.0,93.26786126069912,Azerbaijan economic diversification gold mart,2026-03-23 04:03:41.539378+00:00
2012-05-01,monthly,20852.0,100.7,103.9,8371.8,110.6,4473.4,128.3,12358.7,114.6,379.1,108.4,-0.9053353000000044,1.2682515865845687,2.4644571570054694,Azerbaijan,AZE,,,,,,,,,,,,,,,,,Azerbaijan economic diversification gold mart,2026-03-23 04:03:41.539378+00:00
2012-06-01,monthly,25861.3,101.5,102.0,11287.7,111.3,5924.9,129.6,15099.8,114.2,386.2,108.8,-1.2999999999999972,0.8278421440450927,2.2,Azerbaijan,AZE,,,,,,,,,,,,,,,,,Azerbaijan economic diversification gold mart,2026-03-23 04:03:41.539378+00:00
2012-07-01,monthly,30783.1,101.6,101.5,13901.3,110.5,7126.0,127.2,18231.8,113.9,384.5,108.3,-0.6946102999999937,0.9055510527856683,2.007954140265454,Azerbaijan,AZE,,,,,,,,,,,,,,,,,Azerbaijan economic diversification gold mart,2026-03-23 04:03:41.539378+00:00
2012-08-01,monthly,35136.4,101.3,101.1,15998.3,110.6,8383.9,128.4,21365.0,113.4,386.0,108.4,-0.46625629999999774,-0.20927167823850823,1.7,Azerbaijan,AZE,,,,,,,,,,,,,,,,,Azerbaijan economic diversification gold mart,2026-03-23 04:03:41.539378+00:00
2012-09-01,monthly,39760.6,101.1,101.0,18318.3,110.2,9850.6,127.4,24228.4,113.6,390.0,109.1,0.6075481000000025,-0.6768478239869467,1.5,Azerbaijan,AZE,,,,,,,,,,,,,,,,,Azerbaijan economic diversification gold mart,2026-03-23 04:03:41.539378+00:00
2012-10-01,monthly,44218.0,101.0,101.3,20527.0,110.3,11135.8,126.8,27128.5,113.7,388.2,108.6,0.7,0.022047056546114163,1.3,Azerbaijan,AZE,,,,,,,,,,,,,,,,,Azerbaijan economic diversification gold mart,2026-03-23 04:03:41.539378+00:00
2012-10-01,quarterly,,,,,,,,,,,,,,,Azerbaijan,AZE,,,,,,,,,7830981.0,102.1925450024775,7339788.0,102.44129971896218,491193.0,98.6143205613387,3120490.0,106.18382842843349,Azerbaijan economic diversification gold mart,2026-03-23 04:03:41.539378+00:00
2012-11-01,monthly,48189.4,101.2,100.8,22544.9,109.7,12615.1,124.0,29906.0,113.7,390.2,109.0,1.0,0.0016846107608046168,1.2,Azerbaijan,AZE,,,,,,,,,,,,,,,,,Azerbaijan economic diversification gold mart,2026-03-23 04:03:41.539378+00:00
2012-12-01,monthly,54743.7,102.2,101.5,26864.4,109.6,15407.3,118.0,34769.5,113.8,396.0,108.7,0.7,-0.26192629669733947,1.1,Azerbaijan,AZE,,,,,,,,,,,,,,,,,Azerbaijan economic diversification gold mart,2026-03-23 04:03:41.539378+00:00
2013-01-01,annual,58182.0,105.8,99.6,30525.9,109.9,17850.8,115.1,37562.0,108.0,420.5,106.18686868686868,1.9,3.538858716658993,2.4,Azerbaijan,AZE,12318.0,20622.0,31777.0,30003.0,1774.0,-11155.0,-4127.0,6.0,31702945.0,97.1468654905654,30053947.0,96.88756451364672,1648998.0,102.12841068429215,10320593.0,99.07004300755912,Azerbaijan economic diversification gold mart,2026-03-23 04:03:41.539378+00:00
2013-01-01,monthly,4474.3,102.8,98.0,1913.2,108.7,617.7,132.4,2273.8,105.3,398.4,107.70478507704786,1.2,0.806430133532146,0.8,Azerbaijan,AZE,,,,,,,,,,,,,,,,,Azerbaijan economic diversification gold mart,2026-03-23 04:03:41.539378+00:00
2013-01-01,quarterly,,,,,,,,,,,,,,,Azerbaijan,AZE,3061.0,5213.0,7966.0,7458.0,508.0,-2753.0,-1069.0,0.0,,,,,,,,,Azerbaijan economic diversification gold mart,2026-03-23 04:03:41.539378+00:00
2013-02-01,monthly,8344.6,103.2,97.7,3619.1,110.5,1680.1,138.3,4785.5,105.8,397.4,107.40540540540539,0.5,1.1658308089038627,1.0,Azerbaijan,AZE,,,,,,,,,,,,,,,,,Azerbaijan economic diversification gold mart,2026-03-23 04:03:41.539378+00:00
2013-03-01,monthly,12946.6,103.1,97.3,5981.2,111.4,2902.2,136.1,7736.7,105.9,405.1,106.43720441408303,0.6,1.476538238221707,1.2,Azerbaijan,AZE,,,,,,,,,,,,,,,,,Azerbaijan economic diversification gold mart,2026-03-23 04:03:41.539378+00:00
2013-04-01,monthly,17230.5,103.5,97.9,8079.0,110.8,4252.7,128.4,10259.7,106.3,407.2,106.9327731092437,0.4,2.3409022271319913,1.4,Azerbaijan,AZE,,,,,,,,,,,,,,,,,Azerbaijan economic diversification gold mart,2026-03-23 04:03:41.539378+00:00
2013-05-01,monthly,22119.3,104.5,98.3,10639.3,110.9,5762.6,127.4,12992.5,106.8,409.3,106.81106471816284,-0.4000000000000057,2.905141096451729,1.7,Azerbaijan,AZE,,,,,,,,,,,,,,,,,Azerbaijan economic diversification gold mart,2026-03-23 04:03:41.539378+00:00
2013-06-01,monthly,27202.0,105.0,98.4,13465.3,110.9,7361.8,122.9,15830.7,107.1,411.3,106.49922320041429,-1.1490586000000036,3.09780282436148,1.959380706521003,Azerbaijan,AZE,,,,,,,,,,,,,,,,,Azerbaijan economic diversification gold mart,2026-03-23 04:03:41.539378+00:00
2013-07-01,monthly,32296.7,105.0,98.6,16251.4,110.4,8798.8,123.3,18914.4,107.2,413.1,106.52398143372872,-0.7000000000000028,3.0644703002497664,2.1,Azerbaijan,AZE,,,,,,,,,,,,,,,,,Azerbaijan economic diversification gold mart,2026-03-23 04:03:41.539378+00:00
2013-08-01,monthly,37419.8,105.2,99.2,18934.6,110.3,10378.8,122.7,22033.3,107.4,414.1,106.3977389516958,-0.29999999999999716,3.208524428262976,2.2,Azerbaijan,AZE,,,,,,,,,,,,,,,,,Azerbaijan economic diversification gold mart,2026-03-23 04:03:41.539378+00:00
2013-09-01,monthly,42748.0,105.4,99.6,21946.3,110.3,11826.5,119.0,25393.6,107.6,415.3,106.48717948717949,0.1,2.659813978914542,2.3,Azerbaijan,AZE,,,,,,,,,,,,,,,,,Azerbaijan economic diversification gold mart,2026-03-23 04:03:41.539378+00:00
2013-10-01,monthly,47564.6,105.7,99.2,24584.9,109.8,,116.6,29064.2,107.7,416.6,106.30262822148508,0.7,2.593196485976705,2.3,Azerbaijan,AZE,,,,,,,,,,,,,,,,,Azerbaijan economic diversification gold mart,2026-03-23 04:03:41.539378+00:00
2013-10-01,quarterly,,,,,,,,,,,,,,,Azerbaijan,AZE,,,,,,,,,7947383.0,101.48642935029469,7357272.0,100.23820851501432,590111.0,120.1383163033675,2519775.0,80.74933744379888,Azerbaijan economic diversification gold mart,2026-03-23 04:03:41.539378+00:00
2013-11-01,monthly,52072.3,105.7,99.2,26857.9,109.5,14592.3,114.8,32257.9,107.9,417.3,106.15619435258203,0.6945062000000064,2.251181741631953,2.3,Azerbaijan,AZE,,,,,,,,,,,,,,,,,Azerbaijan economic diversification gold mart,2026-03-23 04:03:41.539378+00:00
2013-12-01,monthly,58182.0,105.8,99.6,30525.9,109.9,17850.8,115.1,37562.0,108.0,420.5,106.18686868686868,1.9,3.538858716658993,2.4,Azerbaijan,AZE,,,,,,,,,,,,,,,,,Azerbaijan economic diversification gold mart,2026-03-23 04:03:41.539378+00:00
2014-01-01,annual,59014.1,102.8,98.7,33195.9,107.0,17618.6,98.3,39472.2,104.8,444.3,105.65992865636147,0.5,-0.09690627525634454,1.4,Azerbaijan,AZE,10431.0,18928.0,28260.0,26627.0,1633.0,-9332.0,-3085.0,504.0,28259629.0,89.13881344461846,27321965.0,90.90973974233734,937664.0,56.86265235009381,9332001.0,90.4211705664587,Azerbaijan economic diversification gold mart,2026-03-23 04:03:41.539378+00:00
2014-01-01,monthly,4359.0,100.8,99.3,2122.0,107.7,660.9,106.3,2618.2,103.8,426.2,106.97791164658635,-0.20000000000000284,2.175162592145938,2.2,Azerbaijan,AZE,,,,,,,,,,,,,,,,,Azerbaijan economic diversification gold mart,2026-03-23 04:03:41.539378+00:00
2014-01-01,quarterly,,,,,,,,,,,,,,,Azerbaijan,AZE,1139.0,2720.0,5328.0,4875.0,453.0,-2608.0,-353.0,177.0,,,,,,,,,Azerbaijan economic diversification gold mart,2026-03-23 04:03:41.539378+00:00
2014-02-01,monthly,8462.4,101.6,100.0,4096.0,108.8,1824.6,107.9,5636.0,104.1,426.3,107.2722697533971,0.4,2.043626547909767,2.1,Azerbaijan,AZE,,,,,,,,,,,,,,,,,Azerbaijan economic diversification gold mart,2026-03-23 04:03:41.539378+00:00
2014-03-01,monthly,13150.7,102.5,99.1,6561.9,108.8,3125.9,107.0,9081.8,104.5,434.2,107.18341150333251,0.3,1.712051681075,2.0,Azerbaijan,AZE,,,,,,,,,,,,,,,,,Azerbaijan economic diversification gold mart,2026-03-23 04:03:41.539378+00:00
2014-04-01,monthly,18206.3,103.2,100.7,9165.6,108.9,4627.9,108.6,12096.8,104.6,436.6,107.22003929273085,0.2,1.4769071858735856,1.9,Azerbaijan,AZE,,,,,,,,,,,,,,,,,Azerbaijan economic diversification gold mart,2026-03-23 04:03:41.539378+00:00
2014-05-01,monthly,23444.8,102.8,101.9,11876.9,108.3,6121.2,106.0,15042.4,104.4,438.1,107.03640361592963,-0.7999999999999972,1.0256307776752749,1.7,Azerbaijan,AZE,,,,,,,,,,,,,,,,,Azerbaijan economic diversification gold mart,2026-03-23 04:03:41.539378+00:00
2014-06-01,monthly,28743.0,102.1,102.3,14800.3,107.0,7625.9,103.4,17780.6,104.7,439.7,106.90493557014345,-1.2,0.9526589783075252,1.6,Azerbaijan,AZE,,,,,,,,,,,,,,,,,Azerbaijan economic diversification gold mart,2026-03-23 04:03:41.539378+00:00
2014-07-01,monthly,33994.8,102.4,101.8,17692.5,106.7,9075.5,103.0,21019.3,104.7,440.7,106.68119099491649,-0.794841599999998,0.8833816302737034,,Azerbaijan,AZE,,,,,,,,,,,,,,,,,Azerbaijan economic diversification gold mart,2026-03-23 04:03:41.539378+00:00
2014-08-01,monthly,39171.6,102.4,101.3,20577.9,106.2,10445.3,100.5,24044.8,105.1,440.8,106.44771794252597,0.0,1.2056141591850746,1.4,Azerbaijan,AZE,,,,,,,,,,,,,,,,,Azerbaijan economic diversification gold mart,2026-03-23 04:03:41.539378+00:00
2014-09-01,monthly,44145.4,102.5,100.7,23426.5,105.9,11868.5,100.2,27168.6,105.4,441.5,106.30869251143751,1.1,2.2896428408786846,1.5,Azerbaijan,AZE,,,,,,,,,,,,,,,,,Azerbaijan economic diversification gold mart,2026-03-23 04:03:41.539378+00:00
2014-10-01,monthly,49225.2,102.8,100.2,26487.8,106.4,13219.8,100.6,30377.2,105.4,441.8,106.04896783485358,0.3,1.9019852360609377,1.6,Azerbaijan,AZE,,,,,,,,,,,,,,,,,Azerbaijan economic diversification gold mart,2026-03-23 04:03:41.539378+00:00
2014-10-01,quarterly,,,,,,,,,,,,,,,Azerbaijan,AZE,,,,,,,,,5327620.0,67.03615517208621,5091992.0,69.2103268711555,235628.0,39.929437004224624,2608351.0,103.51523449514342,Azerbaijan economic diversification gold mart,2026-03-23 04:03:41.539378+00:00
2014-11-01,monthly,53743.6,102.2,99.6,29445.1,106.4,14693.1,100.3,33627.9,104.7,442.0,105.91900311526479,0.1,1.2943249160121297,1.5,Azerbaijan,AZE,,,,,,,,,,,,,,,,,Azerbaijan economic diversification gold mart,2026-03-23 04:03:41.539378+00:00
2014-12-01,monthly,59014.1,102.8,98.7,33195.9,106.9,17618.6,98.3,39472.2,104.8,444.3,105.65992865636147,0.5,-0.09690627525634454,1.4,Azerbaijan,AZE,,,,,,,,,,,,,,,,,Azerbaijan economic diversification gold mart,2026-03-23 04:03:41.539378+00:00
2015-01-01,annual,54380.0,101.1,91.1,34138.8,101.1,15957.0,88.9,41744.8,105.7,464.4,104.52397029034435,4.353286600000004,7.5682791363655895,4.009438399999993,Azerbaijan,AZE,,,,,,,,,15586052.0,55.15306658838303,15012423.0,54.94635177228285,573629.0,61.176391543239376,9773629.0,104.73240412211699,Azerbaijan economic diversification gold mart,2026-03-23 04:03:41.539378+00:00
2015-01-01,monthly,3631.7,104.4,78.6,2258.3,105.5,682.7,102.9,2680.9,105.5,444.4,104.27029563585171,0.2,0.2,0.2,Azerbaijan,AZE,,,,,,,,,,,,,,,,,Azerbaijan economic diversification gold mart,2026-03-23 04:03:41.539378+00:00
2015-01-01,quarterly,,,,,,,,,,,,,,,Azerbaijan,AZE,-463.0,510.0,3263.0,2881.0,382.0,-2753.0,-300.0,68.0,,,,,,,,,Azerbaijan economic diversification gold mart,2026-03-23 04:03:41.539378+00:00
2015-02-01,monthly,7113.6,104.2,80.5,4238.2,105.1,1697.5,100.0,5859.4,105.0,444.5,104.26929392446634,4.0,3.8880293419652645,2.0,Azerbaijan,AZE,,,,,,,,,,,,,,,,,Azerbaijan economic diversification gold mart,2026-03-23 04:03:41.539378+00:00
2015-03-01,monthly,11525.0,105.3,82.1,7091.0,106.9,3232.8,103.0,9455.9,105.3,449.5,103.52372178719484,0.9,4.52591237559345,2.8,Azerbaijan,AZE,,,,,,,,,,,,,,,,,Azerbaijan economic diversification gold mart,2026-03-23 04:03:41.539378+00:00
2015-04-01,monthly,16639.0,105.5,84.7,9792.2,106.7,4868.6,103.5,12649.3,105.7,452.3,103.59596885020615,-0.2,4.106046138223547,3.1,Azerbaijan,AZE,,,,,,,,,,,,,,,,,Azerbaijan economic diversification gold mart,2026-03-23 04:03:41.539378+00:00
2015-05-01,monthly,21344.3,105.3,86.5,12801.0,107.6,6416.3,103.7,16163.1,105.8,454.8,103.81191508787948,-0.6,4.318152017818221,3.4,Azerbaijan,AZE,,,,,,,,,,,,,,,,,Azerbaijan economic diversification gold mart,2026-03-23 04:03:41.539378+00:00
2015-06-01,monthly,26265.1,105.7,87.5,16009.9,109.2,7925.6,103.7,19826.3,106.2,456.3,103.77530134182398,-1.1,4.40271981475091,3.5,Azerbaijan,AZE,,,,,,,,,,,,,,,,,Azerbaijan economic diversification gold mart,2026-03-23 04:03:41.539378+00:00
2015-07-01,monthly,32057.5,105.6,88.8,19926.9,109.0,9368.5,103.5,23606.1,106.4,458.1,103.94826412525529,-0.7,4.473477499333356,3.7,Azerbaijan,AZE,,,,,,,,,,,,,,,,,Azerbaijan economic diversification gold mart,2026-03-23 04:03:41.539378+00:00
2015-08-01,monthly,36027.6,104.2,88.4,22589.2,107.4,10550.1,101.7,26674.7,105.9,459.4,104.2196007259528,-0.1,4.364780863648903,3.8,Azerbaijan,AZE,,,,,,,,,,,,,,,,,Azerbaijan economic diversification gold mart,2026-03-23 04:03:41.539378+00:00
2015-09-01,monthly,40678.4,103.7,88.2,25872.1,106.4,11831.2,100.5,30122.8,105.8,459.7,104.12231030577577,0.3,3.4919142783413264,3.7,Azerbaijan,AZE,,,,,,,,,,,,,,,,,Azerbaijan economic diversification gold mart,2026-03-23 04:03:41.539378+00:00
2015-10-01,monthly,45934.8,103.3,89.4,29315.3,105.2,13078.1,98.1,33518.7,105.7,460.5,104.23268447261205,0.1,3.3246235714315304,3.7,Azerbaijan,AZE,,,,,,,,,,,,,,,,,Azerbaijan economic diversification gold mart,2026-03-23 04:03:41.539378+00:00
2015-10-01,quarterly,,,,,,,,,,,,,,,Azerbaijan,AZE,,,,,,,,,3262719.0,61.241586299323146,3080611.0,60.49913275590379,182108.0,77.28623083844025,2752870.0,105.5406270091717,Azerbaijan economic diversification gold mart,2026-03-23 04:03:41.539378+00:00
2015-11-01,monthly,50057.5,103.1,89.9,31885.7,104.0,14438.8,97.6,36770.2,105.7,460.5,104.18552036199095,0.38944680000000176,3.6295582463055354,3.681657400000006,Azerbaijan,AZE,,,,,,,,,,,,,,,,,Azerbaijan economic diversification gold mart,2026-03-23 04:03:41.539378+00:00
2015-12-01,monthly,54380.0,101.1,91.1,34138.8,101.1,15957.0,88.9,41744.8,105.7,464.4,104.52397029034435,4.353286600000004,7.5682791363655895,4.009438399999993,Azerbaijan,AZE,,,,,,,,,,,,,,,,,Azerbaijan economic diversification gold mart,2026-03-23 04:03:41.539378+00:00
2016-01-01,annual,60425.2,96.9,114.7,35951.1,95.6,15772.8258,78.3,45395.1,108.7,498.6,107.36434108527133,3.0,15.663170556703562,12.4,Azerbaijan,AZE,,,,,,,,,13210511.0,84.75854565351123,12537126.0,83.51167563024303,673385.0,117.3903341706922,9004176.0,92.12725385831608,Azerbaijan economic diversification gold mart,2026-03-23 04:03:41.539378+00:00
2016-01-01,monthly,4011.2,96.7,115.8,2445.4,96.3,880.7,100.0,3080.6,112.1,478.0,107.56075607560756,5.8,13.60210270932258,13.6,Azerbaijan,AZE,,,,,,,,,,,,,,,,,Azerbaijan economic diversification gold mart,2026-03-23 04:03:41.539378+00:00
2016-01-01,quarterly,,,,,,,,,,,,,,,Azerbaijan,AZE,-251.0,1291.0,3675.0,3299.0,376.0,-2384.0,-645.0,-29.0,,,,,,,,,Azerbaijan economic diversification gold mart,2026-03-23 04:03:41.539378+00:00
2016-02-01,monthly,7888.7,96.8,117.5,4538.9,94.5,1834.9,68.9,6459.3,110.2,470.2,105.78177727784026,0.4,9.726303303677383,11.7,Azerbaijan,AZE,,,,,,,,,,,,,,,,,Azerbaijan economic diversification gold mart,2026-03-23 04:03:41.539378+00:00
2016-03-01,monthly,12588.7,96.5,113.1,7387.3,94.3,2876.8,65.8,10303.5,109.0,484.4,107.76418242491657,0.4,9.170214094142295,10.8,Azerbaijan,AZE,,,,,,,,,,,,,,,,,Azerbaijan economic diversification gold mart,2026-03-23 04:03:41.539378+00:00
2016-04-01,monthly,16867.9,95.5,110.9,9859.5,93.2,4291.3,68.9,13789.5,109.0,486.3,107.51713464514702,0.2,9.609686877446606,10.5,Azerbaijan,AZE,,,,,,,,,,,,,,,,,Azerbaijan economic diversification gold mart,2026-03-23 04:03:41.539378+00:00
2016-05-01,monthly,21512.8,95.8,110.3,12502.6,93.0,5388.8,66.9,17511.6,108.3,488.4,107.38786279683377,-0.1,10.137774218977498,10.4,Azerbaijan,AZE,,,,,,,,,,,,,,,,,Azerbaijan economic diversification gold mart,2026-03-23 04:03:41.539378+00:00
2016-06-01,monthly,27002.3,96.6,109.3,16004.2,94.0,6769.6,69.6,21493.9,108.4,488.1,106.9690992767916,-0.5,10.889517453387484,10.5,Azerbaijan,AZE,,,,,,,,,,,,,,,,,Azerbaijan economic diversification gold mart,2026-03-23 04:03:41.539378+00:00
2016-07-01,monthly,32122.6,97.0,110.3,18957.7,94.7,7959.7,70.3,25682.7,108.5,489.3,106.81074001309759,-0.3,11.377210236314667,10.6,Azerbaijan,AZE,,,,,,,,,,,,,,,,,Azerbaijan economic diversification gold mart,2026-03-23 04:03:41.539378+00:00
2016-08-01,monthly,38027.8,96.9,111.8,22795.9,94.3,8999.1,69.3,28972.4,108.6,488.7,106.37788419677841,0.5,12.084881359380901,10.8,Azerbaijan,AZE,,,,,,,,,,,,,,,,,Azerbaijan economic diversification gold mart,2026-03-23 04:03:41.539378+00:00
2016-09-01,monthly,43436.3,96.1,112.9,25988.6,94.0,10268.7,69.6,32762.5,108.7,490.5,106.70002175331739,2.3,14.287619839830484,11.2,Azerbaijan,AZE,,,,,,,,,,,,,,,,,Azerbaijan economic diversification gold mart,2026-03-23 04:03:41.539378+00:00
2016-10-01,monthly,49223.4,96.3,113.8,29471.3,94.5,11889.2,73.7,36635.8,108.7,493.8,107.23127035830619,1.3,15.663054964385154,11.6,Azerbaijan,AZE,,,,,,,,,,,,,,,,,Azerbaijan economic diversification gold mart,2026-03-23 04:03:41.539378+00:00
2016-10-01,quarterly,,,,,,,,,,,,,,,Azerbaijan,AZE,,,,,,,,,3675659.0,112.6563151776172,3449555.0,111.97632547569296,226104.0,124.15929009159402,2384277.0,86.61059185504583,Azerbaijan economic diversification gold mart,2026-03-23 04:03:41.539378+00:00
2016-11-01,monthly,54433.1,96.1,114.7,32675.9,94.4,13009.1,72.0,40028.5,108.9,494.3,107.3398479913138,1.7,17.134583784143913,12.1,Azerbaijan,AZE,,,,,,,,,,,,,,,,,Azerbaijan economic diversification gold mart,2026-03-23 04:03:41.539378+00:00
2016-12-01,monthly,60425.2,96.9,114.7,35951.1,95.6,15772.8258,78.3,45395.1,108.7,498.6,107.36434108527133,3.0,15.663170556703562,12.4,Azerbaijan,AZE,,,,,,,,,,,,,,,,,Azerbaijan economic diversification gold mart,2026-03-23 04:03:41.539378+00:00
2017-01-01,annual,70337.8,100.2,116.0,40328.0,102.8,17430.3395,102.8,49187.9,108.3,528.2,105.93662254312075,0.45967969999999525,7.927044234679158,12.9,Azerbaijan,AZE,,,,,,,,,15152058.61737035,114.69699103517155,14089781.933162,112.38446461463336,1062276.68420835,157.75175927713715,9037315.9741737,100.36805115952532,Azerbaijan economic diversification gold mart,2026-03-23 04:03:41.539378+00:00
2017-01-01,monthly,5233.1,100.8,128.1,2673.2,101.5,954.2,97.9,3476.1,104.6,504.8,105.60669456066947,2.3,11.860488592820701,11.9,Azerbaijan,AZE,,,,,,,,,,,,,,,,,Azerbaijan economic diversification gold mart,2026-03-23 04:03:41.539378+00:00
2017-01-01,quarterly,,,,,,,,,,,,,,,Azerbaijan,AZE,622.0,1713.0,4360.0,3917.0,443.0,-2647.0,-521.0,22.0,,,,,,,,,Azerbaijan economic diversification gold mart,2026-03-23 04:03:41.539378+00:00
2017-02-01,monthly,10042.6,100.4,127.9,5172.2,102.3,2093.7,105.7,6980.3,104.7,499.9,106.31646108039132,1.6,13.172427610827782,12.5,Azerbaijan,AZE,,,,,,,,,,,,,,,,,Azerbaijan economic diversification gold mart,2026-03-23 04:03:41.539378+00:00
2017-03-01,monthly,15229.7,99.1,129.2,7782.1,102.4,3182.3,103.0,11362.1,106.7,514.3,106.17258464079273,1.6,14.505859935056222,13.2,Azerbaijan,AZE,,,,,,,,,,,,,,,,,Azerbaijan economic diversification gold mart,2026-03-23 04:03:41.539378+00:00
2017-04-01,monthly,20381.3,98.8,123.6,10614.3,101.9,4533.4,96.5,14655.6,106.8,520.5,107.03269586674892,0.2,14.56180522257317,13.5,Azerbaijan,AZE,,,,,,,,,,,,,,,,,Azerbaijan economic diversification gold mart,2026-03-23 04:03:41.539378+00:00
2017-05-01,monthly,25338.7,99.1,121.4,13534.3,102.3,5671.7,96.8,18613.9,107.3,520.1,106.4905814905815,0.2,14.89688510897777,13.8,Azerbaijan,AZE,,,,,,,,,,,,,,,,,Azerbaijan economic diversification gold mart,2026-03-23 04:03:41.539378+00:00
2017-06-01,monthly,31310.6,98.7,119.1,17275.7,101.7,7138.6,97.1,23526.7,107.3,522.0,106.94529809465274,-1.0350633999999985,14.239548719996492,13.8762689,Azerbaijan,AZE,,,,,,,,,,,,,,,,,Azerbaijan economic diversification gold mart,2026-03-23 04:03:41.539378+00:00
2017-07-01,monthly,37645.4,99.0,117.8,21158.6,102.2,8728.8,99.7,27716.9,107.5,523.1,106.90782750868588,0.1,14.700161704856086,14.0,Azerbaijan,AZE,,,,,,,,,,,,,,,,,Azerbaijan economic diversification gold mart,2026-03-23 04:03:41.539378+00:00
2017-08-01,monthly,43713.2,98.9,117.5,24941.7,102.4,9868.5,100.1,31770.8,107.6,524.7,107.36648250460405,0.2,14.332008388406337,14.0,Azerbaijan,AZE,,,,,,,,,,,,,,,,,Azerbaijan economic diversification gold mart,2026-03-23 04:03:41.539378+00:00
2017-09-01,monthly,50067.3,99.4,118.0,28408.7,102.5,11090.8,99.0,36247.0,108.0,525.6,107.1559633027523,0.7294181999999978,12.61001732620781,13.9,Azerbaijan,AZE,,,,,,,,,,,,,,,,,Azerbaijan economic diversification gold mart,2026-03-23 04:03:41.539378+00:00
2017-10-01,monthly,56481.5,99.3,117.2,32159.6,102.1,12536.5,97.0,40190.7,108.2,525.4,106.39935196435803,1.1,12.343312198847144,13.7,Azerbaijan,AZE,,,,,,,,,,,,,,,,,Azerbaijan economic diversification gold mart,2026-03-23 04:03:41.539378+00:00
2017-10-01,quarterly,,,,,,,,,,,,,,,Azerbaijan,AZE,,,,,,,,,4360602.61737035,118.63458001328063,3933738.933162,114.03612736025373,426863.68420835,188.79085916584847,2647502.9741737,111.04007521666736,Azerbaijan economic diversification gold mart,2026-03-23 04:03:41.539378+00:00
2017-11-01,monthly,63071.3,99.8,116.7,35696.8,102.4,13688.4,97.2,43389.9,108.2,525.0,106.21080315597816,0.2,10.701773913389928,13.4,Azerbaijan,AZE,,,,,,,,,,,,,,,,,Azerbaijan economic diversification gold mart,2026-03-23 04:03:41.539378+00:00
2017-12-01,monthly,70337.8,100.2,116.0,40328.0,102.7,17430.3395,102.8,49187.9,108.3,528.2,105.93662254312075,0.45967969999999525,7.927044234679158,12.9,Azerbaijan,AZE,,,,,,,,,,,,,,,,,Azerbaijan economic diversification gold mart,2026-03-23 04:03:41.539378+00:00
2018-01-01,annual,80092.0,101.5,111.5,41662.0,102.0,17244.8629,95.7,53103.7,109.2,544.1,103.0,0.8,1.5307219797211928,2.3,Azerbaijan,AZE,,,,,,,,,20793769.0,137.2339529901368,19660046.0,139.5340686836871,1133723.0,106.72577275334764,10952441.0,121.19130316234632,Azerbaijan economic diversification gold mart,2026-03-23 04:03:41.539378+00:00
2018-01-01,monthly,5816.9,102.0,110.7,2948.2,103.9,960.3,94.5,3882.3,111.7,519.8,102.9714738510301,0.0,5.49433661208225,5.5,Azerbaijan,AZE,,,,,,,,,,,,,,,,,Azerbaijan economic diversification gold mart,2026-03-23 04:03:41.539378+00:00
2018-01-01,quarterly,,,,,,,,,,,,,,,Azerbaijan,AZE,963.0,2506.0,5565.0,5098.0,467.0,-3059.0,-1053.0,83.0,,,,,,,,,Azerbaijan economic diversification gold mart,2026-03-23 04:03:41.539378+00:00
2018-02-01,monthly,11311.3,101.3,111.0,5696.2,102.3,1824.7,81.8,7700.3,110.2,510.8,102.18043608721746,0.2,3.9702872524136694,4.7,Azerbaijan,AZE,,,,,,,,,,,,,,,,,Azerbaijan economic diversification gold mart,2026-03-23 04:03:41.539378+00:00
2018-03-01,monthly,17654.0,102.3,109.9,8549.0,102.9,2869.2,84.7,12533.3,109.8,532.4,103.51934668481431,0.2,2.5496058957475327,4.0,Azerbaijan,AZE,,,,,,,,,,,,,,,,,Azerbaijan economic diversification gold mart,2026-03-23 04:03:41.539378+00:00
2018-04-01,monthly,23083.5,101.2,111.3,11299.2,102.1,4160.1,88.9,16272.8,109.2,538.8,103.51585014409221,-0.204085800000001,2.0966545719999488,3.5094799999999964,Azerbaijan,AZE,,,,,,,,,,,,,,,,,Azerbaijan economic diversification gold mart,2026-03-23 04:03:41.539378+00:00
2018-05-01,monthly,29762.9,101.1,113.6,14271.2,101.9,5240.8,89.5,20753.7,109.3,541.0,104.0184579888483,0.0,1.8889306371097803,3.2,Azerbaijan,AZE,,,,,,,,,,,,,,,,,Azerbaijan economic diversification gold mart,2026-03-23 04:03:41.539378+00:00
2018-06-01,monthly,36897.5,101.3,114.8,18270.3,102.1,6331.7,85.9,25705.2,109.3,541.1,103.7,-0.7,2.276936473403566,3.0,Azerbaijan,AZE,,,,,,,,,,,,,,,,,Azerbaijan economic diversification gold mart,2026-03-23 04:03:41.539378+00:00
2018-07-01,monthly,43667.9,100.2,115.2,21492.6,101.0,7457.3,82.1,30331.0,109.4,542.3,103.7,-0.6,1.5597100856908952,2.819826599999999,Azerbaijan,AZE,,,,,,,,,,,,,,,,,Azerbaijan economic diversification gold mart,2026-03-23 04:03:41.539378+00:00
2018-08-01,monthly,50345.8,100.7,115.0,25325.2,100.9,8953.6,87.2,34786.3,109.5,541.2,103.1,0.863519299999993,2.233033121807921,2.746203600000001,Azerbaijan,AZE,,,,,,,,,,,,,,,,,Azerbaijan economic diversification gold mart,2026-03-23 04:03:41.539378+00:00
2018-09-01,monthly,57766.2,100.8,114.9,29147.8,101.1,10148.7,88.5,39690.3,109.5,540.5,102.8,0.24849059999999668,1.7449265871074715,2.6338587000000047,Azerbaijan,AZE,,,,,,,,,,,,,,,,,Azerbaijan economic diversification gold mart,2026-03-23 04:03:41.539378+00:00
2018-10-01,monthly,65106.8,100.8,114.5,33014.9,101.1,11482.7,88.7,43871.5,109.2,540.0,102.8,0.16350239999999872,0.7994704773554417,2.4469679999999983,Azerbaijan,AZE,,,,,,,,,,,,,,,,,Azerbaijan economic diversification gold mart,2026-03-23 04:03:41.539378+00:00
2018-10-01,quarterly,,,,,,,,,,,,,,,Azerbaijan,AZE,,,,,,,,,5565045.0,127.62100765228604,5153341.0,131.00363515627777,411704.0,96.4485889127662,3058779.0,115.53448777350899,Azerbaijan economic diversification gold mart,2026-03-23 04:03:41.539378+00:00
2018-11-01,monthly,72432.1,101.0,114.0,36925.3,101.4,12899.4,91.2,47368.8,109.2,540.1,102.9,0.6,1.2023098669190944,2.3,Azerbaijan,AZE,,,,,,,,,,,,,,,,,Azerbaijan economic diversification gold mart,2026-03-23 04:03:41.539378+00:00
2018-12-01,monthly,80092.0,101.5,111.5,41662.0,102.0,17244.8629,95.7,53103.7,109.2,544.1,103.0,0.8,1.5307219797211928,2.3,Azerbaijan,AZE,,,,,,,,,,,,,,,,,Azerbaijan economic diversification gold mart,2026-03-23 04:03:41.539378+00:00
2019-01-01,annual,81896.2,102.5,99.8,44481.8,104.0,18539.4765,105.5,56769.0,107.4,634.8,116.6,0.5363739,2.3623765746619227,2.6083398,Azerbaijan,AZE,,,,,,,,,19868260.82786759,95.54910813844084,18640073.99454759,94.81195514266646,1228186.8333199997,108.33217931717004,11335316.035188857,103.4957963725973,Azerbaijan economic diversification gold mart,2026-03-23 04:03:41.539378+00:00
2019-01-01,monthly,5929.5,102.9,99.0,3103.4,102.7,868.7,87.5,3800.0,106.1,557.2,107.2,0.2,1.70947518783737,1.7,Azerbaijan,AZE,,,,,,,,,,,,,,,,,Azerbaijan economic diversification gold mart,2026-03-23 04:03:41.539378+00:00
2019-01-01,quarterly,,,,,,,,,,,,,,,Azerbaijan,AZE,362.0,1636.0,4848.0,4338.0,510.0,-3212.0,-959.0,345.0,,,,,,,,,Azerbaijan economic diversification gold mart,2026-03-23 04:03:41.539378+00:00
2019-02-01,monthly,11484.5,103.0,98.6,5807.9,101.4,1711.2,90.7,7619.7,105.1,554.9,108.6,0.5638778000000002,2.1250773530578186,1.9174368999999984,Azerbaijan,AZE,,,,,,,,,,,,,,,,,Azerbaijan economic diversification gold mart,2026-03-23 04:03:41.539378+00:00
2019-03-01,monthly,18111.7,103.0,99.6,9140.0,101.7,2699.7,91.0,12590.6,105.5,577.6,108.5,0.6068041000000051,2.532794775407581,2.1229443999999944,Azerbaijan,AZE,,,,,,,,,,,,,,,,,Azerbaijan economic diversification gold mart,2026-03-23 04:03:41.539378+00:00
2019-04-01,monthly,23813.4,102.1,101.1,11855.8,102.1,3916.0,91.9,17072.0,105.5,581.2,107.9,0.38392530000000136,3.1369319480089928,2.3764124000000066,Azerbaijan,AZE,,,,,,,,,,,,,,,,,Azerbaijan economic diversification gold mart,2026-03-23 04:03:41.539378+00:00
2019-05-01,monthly,30608.7,102.2,100.7,15252.1,102.4,5038.7,93.9,22164.1,106.8,583.7,107.9,-0.43077370000000315,2.7263124863917483,2.446367699999996,Azerbaijan,AZE,,,,,,,,,,,,,,,,,Azerbaijan economic diversification gold mart,2026-03-23 04:03:41.539378+00:00
2019-06-01,monthly,37825.2,102.4,100.1,19454.1,103.3,6131.6,94.6,27355.8,106.6,585.2,108.2,-0.5,2.9239489797076317,2.5,Azerbaijan,AZE,,,,,,,,,,,,,,,,,Azerbaijan economic diversification gold mart,2026-03-23 04:03:41.539378+00:00
2019-07-01,monthly,44473.1,102.5,99.4,23079.8,103.0,7395.5,97.3,32218.8,106.6,587.7,108.4,0.054304000000001906,3.5920883790815594,2.7,Azerbaijan,AZE,,,,,,,,,,,,,,,,,Azerbaijan economic diversification gold mart,2026-03-23 04:03:41.539378+00:00
2019-08-01,monthly,50875.7,102.4,98.7,26588.5,103.1,8627.2,94.6,36861.6,106.4,589.3,108.9,-0.31973089999999615,2.3768287872722738,2.638955899999999,Azerbaijan,AZE,,,,,,,,,,,,,,,,,Azerbaijan economic diversification gold mart,2026-03-23 04:03:41.539378+00:00
2019-09-01,monthly,58464.2,102.5,98.8,31141.9,103.5,10146.2,98.1,42202.7,106.7,603.5,111.7,0.346839,2.4772651853471217,2.6209711,Azerbaijan,AZE,,,,,,,,,,,,,,,,,Azerbaijan economic diversification gold mart,2026-03-23 04:03:41.539378+00:00
2019-10-01,monthly,65415.1,102.1,98.4,35177.0,103.6,11407.4,97.4,46705.8,106.9,614.2,113.7,0.4167699,2.736383128893877,2.6325404,Azerbaijan,AZE,,,,,,,,,,,,,,,,,Azerbaijan economic diversification gold mart,2026-03-23 04:03:41.539378+00:00
2019-10-01,quarterly,,,,,,,,,,,,,,,Azerbaijan,AZE,,,,,,,,,4848326.536870041,87.12106617053485,4475032.583990041,86.83750180688685,373293.9528799999,90.6704702601869,3212064.4822185347,105.01132910283924,Azerbaijan economic diversification gold mart,2026-03-23 04:03:41.539378+00:00
2019-11-01,monthly,72852.2,102.1,99.1,39470.4,103.5,12786.9,97.2,50845.1,107.4,623.1,115.4,0.4638416,2.6162126579531275,2.6310449,Azerbaijan,AZE,,,,,,,,,,,,,,,,,Azerbaijan economic diversification gold mart,2026-03-23 04:03:41.539378+00:00
2019-12-01,monthly,81896.2,102.5,99.8,44481.8,104.0,18539.4765,,56769.0,107.4,634.8,116.6,0.5363739,2.3623765746619227,2.6083398,Azerbaijan,AZE,,,,,,,,,,,,,,,,,Azerbaijan economic diversification gold mart,2026-03-23 04:03:41.539378+00:00
2020-01-01,annual,72578.1,95.8,92.5,45312.2,97.1,17226.1107,92.7,55754.1,98.2,707.3,111.4,0.7911594,2.611442066202457,2.7598847,Azerbaijan,AZE,,,,,,,,,12588158.035708018,63.358127542052564,11361019.2327592,60.94943204668829,1227138.80294882,99.91466848994409,10076563.924735539,88.89530643392999,Azerbaijan economic diversification gold mart,2026-03-23 04:03:41.539378+00:00
2020-01-01,monthly,6646.9,102.4,102.3,3381.9,104.8,996.7,112.6,4057.5,106.8,712.1,127.8,0.6,2.7459699081494193,2.7,Azerbaijan,AZE,,,,,,,,,,,,,,,,,Azerbaijan economic diversification gold mart,2026-03-23 04:03:41.539378+00:00
2020-01-01,quarterly,,,,,,,,,,,,,,,Azerbaijan,AZE,-20.0,168.0,2825.0,2270.0,555.0,-2657.0,-79.0,423.0,,,,,,,,,Azerbaijan economic diversification gold mart,2026-03-23 04:03:41.539378+00:00
2020-02-01,monthly,12504.0,102.8,102.3,6600.1,106.7,1965.2,112.7,8301.5,108.9,712.3,128.4,0.7065316000000053,2.8917190912828943,2.8187254999999993,Azerbaijan,AZE,,,,,,,,,,,,,,,,,Azerbaijan economic diversification gold mart,2026-03-23 04:03:41.539378+00:00
2020-03-01,monthly,17928.1,101.1,98.1,10077.9,103.5,2929.4,106.5,13442.5,106.8,744.5,128.9,0.9776612,3.270998851708228,2.970265699999999,Azerbaijan,AZE,,,,,,,,,,,,,,,,,Azerbaijan economic diversification gold mart,2026-03-23 04:03:41.539378+00:00
2020-04-01,monthly,22674.0,100.2,92.2,12610.4,99.2,3903.5,99.5,17145.7,101.3,736.2,126.7,0.08550130000000422,2.963992082753748,2.968604099999993,Azerbaijan,AZE,,,,,,,,,,,,,,,,,Azerbaijan economic diversification gold mart,2026-03-23 04:03:41.539378+00:00
2020-05-01,monthly,27640.6,98.3,91.2,15796.5,97.9,4907.6,97.2,22382.1,101.3,728.9,124.9,-0.5161700000000025,2.875684236204833,2.949911,Azerbaijan,AZE,,,,,,,,,,,,,,,,,Azerbaijan economic diversification gold mart,2026-03-23 04:03:41.539378+00:00
2020-06-01,monthly,34378.7,97.3,90.4,20155.0,97.6,5956.2,97.3,27377.8,100.6,720.0,123.0,-0.3298903000000024,3.0174684472909803,2.9610950000000003,Azerbaijan,AZE,,,,,,,,,,,,,,,,,Azerbaijan economic diversification gold mart,2026-03-23 04:03:41.539378+00:00
2020-07-01,monthly,40325.2,97.2,91.2,24082.9,98.5,7588.3,102.6,32144.8,100.2,715.4,121.7,-0.27575589999999295,2.67763363784627,2.9206022000000047,Azerbaijan,AZE,,,,,,,,,,,,,,,,,Azerbaijan economic diversification gold mart,2026-03-23 04:03:41.539378+00:00
2020-08-01,monthly,46113.2,97.0,91.4,27634.4,98.4,8682.4,100.7,36809.4,100.1,710.2,120.5,-0.1802016999999978,2.821358451279579,2.9082039000000037,Azerbaijan,AZE,,,,,,,,,,,,,,,,,Azerbaijan economic diversification gold mart,2026-03-23 04:03:41.539378+00:00
2020-09-01,monthly,52344.3,96.1,91.7,31778.0,97.7,10430.2,96.2,41609.0,99.1,706.6,117.1,0.10774539999999888,2.5763688831577127,2.871309800000006,Azerbaijan,AZE,,,,,,,,,,,,,,,,,Azerbaijan economic diversification gold mart,2026-03-23 04:03:41.539378+00:00
2020-10-01,monthly,58454.4,96.2,92.3,36031.0,97.7,11540.2,97.9,46056.8,98.6,704.5,114.7,0.16727899999999352,2.3215123425930386,2.816108099999994,Azerbaijan,AZE,,,,,,,,,,,,,,,,,Azerbaijan economic diversification gold mart,2026-03-23 04:03:41.539378+00:00
2020-10-01,quarterly,,,,,,,,,,,,,,,Azerbaijan,AZE,,,,,,,,,2825029.4996727156,58.268135988556665,2477205.477835661,55.35614392391592,347824.021837055,93.17697732673089,2657072.66242681,82.72164762369906,Azerbaijan economic diversification gold mart,2026-03-23 04:03:41.539378+00:00
2020-11-01,monthly,64441.3,95.7,92.5,39926.9,97.2,12716.6,96.0,50173.1,98.7,703.5,112.9,0.493829899999994,2.3520551544118575,2.7735814,Azerbaijan,AZE,,,,,,,,,,,,,,,,,Azerbaijan economic diversification gold mart,2026-03-23 04:03:41.539378+00:00
2020-12-01,monthly,72578.1,95.8,92.5,45312.2,97.1,17226.1107,92.7,55754.1,98.2,707.3,111.4,0.7911594,2.611442066202457,2.7598847,Azerbaijan,AZE,,,,,,,,,,,,,,,,,Azerbaijan economic diversification gold mart,2026-03-23 04:03:41.539378+00:00
2021-01-01,annual,93203.2,105.6,121.6,51122.2,107.1,16815.459,95.5,57206.8,102.6,732.1,103.4,1.5861479999999943,11.97139806863818,6.650326899999996,Azerbaijan,AZE,,,,,,,,,21692281.000000007,172.32291601731492,19889468.834310226,175.0676451366218,1802812.1656897794,146.91183763056094,10418668.0,103.3950469407997,Azerbaijan economic diversification gold mart,2026-03-23 04:03:41.539378+00:00
2021-01-01,monthly,6256.8,97.5,96.5,3444.7,100.1,724.0,72.5,4011.2,98.7,690.9,97.0,1.1999966000000057,3.258279089158748,3.2582790999999958,Azerbaijan,AZE,,,,,,,,,,,,,,,,,Azerbaijan economic diversification gold mart,2026-03-23 04:03:41.539378+00:00
2021-01-01,quarterly,,,,,,,,,,,,,,,Azerbaijan,AZE,4352.185,4867.227000000001,7799.026,6930.6669999999995,868.359,-2931.7989999999995,-377.3330000000002,123.88200000000003,,,,,,,,,Azerbaijan economic diversification gold mart,2026-03-23 04:03:41.539378+00:00
2021-02-01,monthly,12419.7,96.8,99.3,6611.4,99.6,1338.4,68.0,7979.9,95.8,692.3,97.2,1.6311450000000036,4.2063207602391515,3.733968599999997,Azerbaijan,AZE,,,,,,,,,,,,,,,,,Azerbaijan economic diversification gold mart,2026-03-23 04:03:41.539378+00:00
2021-03-01,monthly,19181.9,98.7,106.9,10413.3,102.1,2365.2,80.6,13455.9,98.9,713.2,95.8,0.8563055999999989,4.081084936499835,3.850697800000006,Azerbaijan,AZE,,,,,,,,,,,,,,,,,Azerbaijan economic diversification gold mart,2026-03-23 04:03:41.539378+00:00
2021-04-01,monthly,25119.8,99.8,110.8,13638.4,104.1,3752.8,91.3,17037.9,98.9,722.3,98.1,0.3125809000000004,4.317229940800729,3.968178199999997,Azerbaijan,AZE,,,,,,,,,,,,,,,,,Azerbaijan economic diversification gold mart,2026-03-23 04:03:41.539378+00:00
2021-05-01,monthly,32126.2,100.8,113.1,17321.8,104.5,4907.0,94.7,22090.0,99.2,724.0,99.3,0.04671980000000531,4.907467617596367,4.156346499999998,Azerbaijan,AZE,,,,,,,,,,,,,,,,,Azerbaijan economic diversification gold mart,2026-03-23 04:03:41.539378+00:00
2021-06-01,monthly,40763.7,102.1,113.7,22467.5,105.1,5919.4,92.4,27580.7,100.4,724.4,100.6,-0.4921487000000013,4.736683037395579,4.252936099999999,Azerbaijan,AZE,,,,,,,,,,,,,,,,,Azerbaijan economic diversification gold mart,2026-03-23 04:03:41.539378+00:00
2021-07-01,monthly,48103.7,102.7,114.1,26511.9,105.3,7059.3,87.9,32321.0,100.6,728.5,101.8,0.9167350999999968,5.9891122036342495,4.500082500000005,Azerbaijan,AZE,,,,,,,,,,,,,,,,,Azerbaijan economic diversification gold mart,2026-03-23 04:03:41.539378+00:00
2021-08-01,monthly,55576.7,103.6,114.6,30574.3,105.7,8259.4,89.9,37170.4,101.2,725.6,102.2,0.4657703999999967,6.67500829392236,4.770677500000005,Azerbaijan,AZE,,,,,,,,,,,,,,,,,Azerbaijan economic diversification gold mart,2026-03-23 04:03:41.539378+00:00
2021-09-01,monthly,63889.0,104.8,114.7,35352.0,106.2,9560.2,91.3,42251.7,102.0,723.2,102.3,1.8156395999999972,8.4949436767658,5.183159399999994,Azerbaijan,AZE,,,,,,,,,,,,,,,,,Azerbaijan economic diversification gold mart,2026-03-23 04:03:41.539378+00:00
2021-10-01,monthly,72407.8,104.9,116.7,39913.3,105.9,10568.5,88.5,47259.8,102.4,722.9,102.6,1.574101799999994,10.01872631290179,5.666047800000001,Azerbaijan,AZE,,,,,,,,,,,,,,,,,Azerbaijan economic diversification gold mart,2026-03-23 04:03:41.539378+00:00
2021-10-01,quarterly,,,,,,,,,,,,,,,Azerbaijan,AZE,,,,,,,,,7799402.000000006,276.0821435989812,7194636.834310226,290.4335913464956,604765.1656897794,173.871017446027,2932014.0,110.34752799428811,Azerbaijan economic diversification gold mart,2026-03-23 04:03:41.539378+00:00
2021-11-01,monthly,81100.7,105.3,118.9,44419.7,106.4,11708.1,88.8,51619.3,102.5,724.1,102.9,1.4770500999999996,11.095137015894778,6.161193400000002,Azerbaijan,AZE,,,,,,,,,,,,,,,,,Azerbaijan economic diversification gold mart,2026-03-23 04:03:41.539378+00:00
2021-12-01,monthly,93203.2,105.6,121.6,51122.2,107.1,16815.459,95.5,57206.8,102.6,732.1,103.4,1.5861479999999943,11.97139806863818,6.650326899999996,Azerbaijan,AZE,,,,,,,,,,,,,,,,,Azerbaijan economic diversification gold mart,2026-03-23 04:03:41.539378+00:00
2022-01-01,annual,133972.7,104.7,137.3,61509.1,109.0,17878.1651,103.3,69163.0,120.9,839.4,114.7,0.9582556000000011,14.382451264983615,13.852259099999998,Azerbaijan,AZE,,,,,,,,,42206696.14190874,194.570115249331,40706447.4970271,204.66332125876914,1500248.6448816422,83.21713561920787,13509216.421858551,129.66356564830122,Azerbaijan economic diversification gold mart,2026-03-23 04:03:41.539378+00:00
2022-01-01,monthly,9283.5,105.8,139.5,4085.8,108.7,658.1,88.9,4675.9,115.5,765.9,110.9,1.6459641,12.464832911976657,12.4648329,Azerbaijan,AZE,,,,,,,,,,,,,,,,,Azerbaijan economic diversification gold mart,2026-03-23 04:03:41.539378+00:00
2022-01-01,quarterly,,,,,,,,,,,,,,,Azerbaijan,AZE,5767.453999999999,7005.1179999999995,10979.79,10079.565,900.2250000000001,-3974.6720000000014,-1411.315,229.21000000000004,,,,,,,,,Azerbaijan economic diversification gold mart,2026-03-23 04:03:41.539378+00:00
2022-02-01,monthly,18742.8,106.7,144.7,8093.6,110.1,1339.7,97.9,9273.2,115.6,768.3,111.0,1.0978858000000002,11.874729289442683,12.167394200000004,Azerbaijan,AZE,,,,,,,,,,,,,,,,,Azerbaijan economic diversification gold mart,2026-03-23 04:03:41.539378+00:00
2022-03-01,monthly,29676.7,106.8,146.7,13080.5,110.3,2440.7,90.5,16043.8,119.2,809.0,113.4,1.1043106999999992,12.149828632610578,12.161474100000007,Azerbaijan,AZE,,,,,,,,,,,,,,,,,Azerbaijan economic diversification gold mart,2026-03-23 04:03:41.539378+00:00
2022-04-01,monthly,39859.0,107.2,146.9,16870.8,111.3,3678.0,94.7,20480.9,119.6,824.7,114.2,1.0396510000000063,12.962695636802053,12.363912200000001,Azerbaijan,AZE,,,,,,,,,,,,,,,,,Azerbaijan economic diversification gold mart,2026-03-23 04:03:41.539378+00:00
2022-05-01,monthly,51073.9,107.2,147.8,21730.4,111.0,4915.5,96.8,26422.4,119.6,825.3,114.0,0.7369601999999986,13.742045688230945,12.641985300000002,Azerbaijan,AZE,,,,,,,,,,,,,,,,,Azerbaijan economic diversification gold mart,2026-03-23 04:03:41.539378+00:00
2022-06-01,monthly,63389.6,106.2,146.4,27965.8,109.4,6299.6,100.7,33017.4,119.6,827.1,114.2,-0.10657299999999736,14.182776427692417,12.899620100000007,Azerbaijan,AZE,,,,,,,,,,,,,,,,,Azerbaijan economic diversification gold mart,2026-03-23 04:03:41.539378+00:00
2022-07-01,monthly,74910.1,106.2,145.2,32909.3,109.9,7301.700000000001,100.1,38806.6,120.1,831.3,114.1,0.4771906999999942,13.685451579583585,13.013077999999993,Azerbaijan,AZE,,,,,,,,,,,,,,,,,Azerbaijan economic diversification gold mart,2026-03-23 04:03:41.539378+00:00
2022-08-01,monthly,85691.4,105.8,144.3,37985.1,110.2,9117.0,106.9,44491.2,120.0,829.0,114.3,0.8910388999999981,14.1666785813035,13.159212800000006,Azerbaijan,AZE,,,,,,,,,,,,,,,,,Azerbaijan economic diversification gold mart,2026-03-23 04:03:41.539378+00:00
2022-09-01,monthly,98193.8,105.6,145.4,43951.5,110.0,10154.400000000001,104.6,50990.6,120.3,827.4,114.4,3.112397599999994,15.620743539942069,13.440424100000001,Azerbaijan,AZE,,,,,,,,,,,,,,,,,Azerbaijan economic diversification gold mart,2026-03-23 04:03:41.539378+00:00
2022-10-01,monthly,111474.6,105.2,145.7,49104.9,109.6,11774.5,108.2,56860.8,120.4,827.9,114.5,1.5513487000000055,15.59484392288202,13.664430699999997,Azerbaijan,AZE,,,,,,,,,,,,,,,,,Azerbaijan economic diversification gold mart,2026-03-23 04:03:41.539378+00:00
2022-10-01,quarterly,,,,,,,,,,,,,,,Azerbaijan,AZE,,,,,,,,,10979790.23919679,140.77733445713895,10516160.54651809,146.16666259467019,463629.692678701,76.66276415737289,3974672.4043150037,135.56116731758456,Azerbaijan economic diversification gold mart,2026-03-23 04:03:41.539378+00:00
2022-11-01,monthly,121984.7,104.8,142.9,54052.2,109.099999999999,13053.600000000002,108.2,62238.7,120.5,829.9,114.6,1.037228600000006,15.093833126881108,13.8,Azerbaijan,AZE,,,,,,,,,,,,,,,,,Azerbaijan economic diversification gold mart,2026-03-23 04:03:41.539378+00:00
2022-12-01,monthly,133972.7,104.7,137.3,61509.1,109.0,17878.1651,103.3,69163.0,120.9,839.4,114.7,0.9582556000000011,14.382451264983615,13.852259099999998,Azerbaijan,AZE,,,,,,,,,,,,,,,,,Azerbaijan economic diversification gold mart,2026-03-23 04:03:41.539378+00:00
2023-01-01,annual,123128.4,101.4,90.6,69482.8,104.5,21310.7055,115.2,78124.2,113.0,933.8,111.2,0.5007876000000095,2.1499577082974497,8.785430500000004,Azerbaijan,AZE,,,,,,,,,29202113.999999963,69.18834372113764,27586296.5468695,67.76886277999131,1615817.45313046,107.70331029080418,16396550.999999953,121.37307218995737,Azerbaijan economic diversification gold mart,2026-03-23 04:03:41.539378+00:00
2023-01-01,monthly,9727.7,98.5,105.9,4272.2,101.7,1091.7,161.2,5378.4,115.0,856.2,111.8,0.9801956,13.633260348459956,13.6332604,Azerbaijan,AZE,,,,,,,,,,,,,,,,,Azerbaijan economic diversification gold mart,2026-03-23 04:03:41.539378+00:00
2023-01-01,quarterly,,,,,,,,,,,,,,,Azerbaijan,AZE,1655.4450000000004,2829.1010000000006,7375.696,6500.001,875.6949999999997,-4546.594999999999,-898.6689999999999,89.75800000000004,,,,,,,,,Azerbaijan economic diversification gold mart,2026-03-23 04:03:41.539378+00:00
2023-02-01,monthly,19724.7,100.4,105.3,9052.2,104.599999999999,2206.9,160.1,10688.5,115.3,854.5,111.2,1.483199600000006,14.066350150534277,13.8509875,Azerbaijan,AZE,,,,,,,,,,,,,,,,,Azerbaijan economic diversification gold mart,2026-03-23 04:03:41.539378+00:00
2023-03-01,monthly,30360.3,100.4,101.7,14498.6,104.8,3523.1000000000004,140.3,18482.9,115.2,901.3,111.4,0.6939016999999978,13.603324821793962,13.7675267,Azerbaijan,AZE,,,,,,,,,,,,,,,,,Azerbaijan economic diversification gold mart,2026-03-23 04:03:41.539378+00:00
2023-04-01,monthly,39480.0,100.1,100.299999999999,19170.5,103.099999999999,4580.0,121.1,23570.6,115.1,913.9,110.8,0.3070758000000069,12.779658295055938,13.5166,Azerbaijan,AZE,,,,,,,,,,,,,,,,,Azerbaijan economic diversification gold mart,2026-03-23 04:03:41.539378+00:00
2023-05-01,monthly,49384.7,100.7,96.4,24747.1,104.0,5858.2,115.9,30297.9,114.7,916.8,111.1,-0.3830454000000003,11.525760533938595,13.110975100000005,Azerbaijan,AZE,,,,,,,,,,,,,,,,,Azerbaijan economic diversification gold mart,2026-03-23 04:03:41.539378+00:00
2023-06-01,monthly,60413.0,100.5,94.7,31265.4,103.1,7148.3,110.4,37879.5,114.7,921.9,111.5,-0.9000089000000031,10.639931057065908,12.693097199999997,Azerbaijan,AZE,,,,,,,,,,,,,,,,,Azerbaijan economic diversification gold mart,2026-03-23 04:03:41.539378+00:00
2023-07-01,monthly,70303.8,100.7,93.3,37224.9,103.4,9114.9,120.8,44559.4,114.8,925.3,111.3,-0.6533873999999997,9.395000917527014,12.2,Azerbaijan,AZE,,,,,,,,,,,,,,,,,Azerbaijan economic diversification gold mart,2026-03-23 04:03:41.539378+00:00
2023-08-01,monthly,80162.2,100.8,92.7,42591.1,102.6,10864.8,115.4,50861.1,114.3,923.0,111.3,-0.4034168999999963,7.991437281225728,11.7,Azerbaijan,AZE,,,,,,,,,,,,,,,,,Azerbaijan economic diversification gold mart,2026-03-23 04:03:41.539378+00:00
2023-09-01,monthly,91489.4,100.8,91.7,48915.3,103.0,12728.9,121.3,58020.1,113.8,919.8,111.2,0.3,5.055839855280865,10.903757,Azerbaijan,AZE,,,,,,,,,,,,,,,,,Azerbaijan economic diversification gold mart,2026-03-23 04:03:41.539378+00:00
2023-10-01,monthly,101327.7,100.5,90.1,54711.9,103.1,14258.0,117.1,64346.6,113.2,921.1,111.3,0.40862479999999834,3.873681069858435,10.160388100000006,Azerbaijan,AZE,,,,,,,,,,,,,,,,,Azerbaijan economic diversification gold mart,2026-03-23 04:03:41.539378+00:00
2023-10-01,quarterly,,,,,,,,,,,,,,,Azerbaijan,AZE,,,,,,,,,7375696.071525682,67.17520017090271,6903303.842534903,65.64471711893553,472392.22899077786,101.88998600617009,4546595.14116082,114.38917924971432,Azerbaijan economic diversification gold mart,2026-03-23 04:03:41.539378+00:00
2023-11-01,monthly,110933.4,100.8,89.6,59870.0,103.2,15725.9,116.5,70223.5,112.8,923.1,111.2,-0.18714760000000297,2.6149325405235118,9.43205979999999,Azerbaijan,AZE,,,,,,,,,,,,,,,,,Azerbaijan economic diversification gold mart,2026-03-23 04:03:41.539378+00:00
2023-12-01,monthly,123128.4,101.4,90.6,69482.8,104.5,21310.7055,115.2,78124.2,113.0,933.8,111.2,0.5007876000000095,2.1499577082974497,8.785430500000004,Azerbaijan,AZE,,,,,,,,,,,,,,,,,Azerbaijan economic diversification gold mart,2026-03-23 04:03:41.539378+00:00
2024-01-01,annual,126524.2,104.2,98.6,75734.7,106.5,22106.334199999998,102.4,83255.4,106.4,1009.2,108.1,1.038763099999997,4.934412383889253,2.210543400000006,Azerbaijan,AZE,,,,,,,,,25992028.287370764,89.00735161629325,24274261.0360891,87.99391029109977,1717767.2512816598,106.30948737146537,17167084.151302718,104.69936117237562,Azerbaijan economic diversification gold mart,2026-03-23 04:03:41.539378+00:00
2024-01-01,monthly,9173.7,105.0,89.4,4837.4,112.2,1553.0,137.4,5618.8,104.5,942.4,110.1,0.5236650999999881,1.6881387249764117,1.688138699999996,Azerbaijan,AZE,,,,,,,,,,,,,,,,,Azerbaijan economic diversification gold mart,2026-03-23 04:03:41.539378+00:00
2024-01-01,quarterly,,,,,,,,,,,,,,,Azerbaijan,AZE,718.2319999999951,1820.9849999999951,6726.9649999999965,5870.985999999996,855.9789999999998,-4905.980000000001,-768.5130000000003,12.300000000000011,,,,,,,,,Azerbaijan economic diversification gold mart,2026-03-23 04:03:41.539378+00:00
2024-02-01,monthly,18361.0,105.0,89.7,10083.3,110.1,2638.1,115.5,11190.3,104.7,946.8,110.8,0.6377180000000067,0.8409497265107575,1.261425900000006,Azerbaijan,AZE,,,,,,,,,,,,,,,,,Azerbaijan economic diversification gold mart,2026-03-23 04:03:41.539378+00:00
2024-03-01,monthly,28940.6,104.0,92.2,16022.8,106.7,3809.2,104.0,19408.1,105.0,985.3,109.3,0.2279941999999977,0.3743618399406188,0.9629222999999882,Azerbaijan,AZE,,,,,,,,,,,,,,,,,Azerbaijan economic diversification gold mart,2026-03-23 04:03:41.539378+00:00
2024-04-01,monthly,37912.6,104.3,92.7,21010.0,107.7,5230.4,111.8,24579.9,104.3,1007.5,110.2,-0.09999999999999432,-0.03298702672309162,0.7000000000000028,Azerbaijan,AZE,,,,,,,,,,,,,,,,,Azerbaijan economic diversification gold mart,2026-03-23 04:03:41.539378+00:00
2024-04-01,quarterly,,,,,,,,,,,,,,,Azerbaijan,AZE,,,,,,,,,6168008.850604274,92.4249521012376,5698014.717543547,91.76258967489129,469994.1330607276,101.28880643573702,4214096.30412085,107.90839105744286,Azerbaijan economic diversification gold mart,2026-03-23 04:03:41.539378+00:00
2024-05-01,monthly,48168.0,104.2,93.3,26889.3,107.2,6640.9,111.0,31899.3,105.3,1003.3,109.4,-0.08287110000000553,0.2585395657811915,0.6186301000000043,Azerbaijan,AZE,,,,,,,,,,,,,,,,,Azerbaijan economic diversification gold mart,2026-03-23 04:03:41.539378+00:00
2024-06-01,monthly,59965.3,104.3,94.4,33997.6,106.8,7984.4,109.4,39881.2,105.3,1002.8,108.8,-0.0840689999999995,1.0840183760154218,0.6958979999999997,Azerbaijan,AZE,,,,,,,,,,,,,,,,,Azerbaijan economic diversification gold mart,2026-03-23 04:03:41.539378+00:00
2024-07-01,monthly,70520.2,104.5,96.0,40081.1,106.599999999999,9438.7,102.0,47138.9,105.8,1002.4,108.3,0.9000000000000057,2.6645719185794974,1.0,Azerbaijan,AZE,,,,,,,,,,,,,,,,,Azerbaijan economic diversification gold mart,2026-03-23 04:03:41.539378+00:00
2024-08-01,monthly,81286.3,104.3,96.8,46287.7,106.9,11216.9,101.7,53947.2,106.1,997.1,108.0,0.42996990000000324,3.5236304967105383,1.2893272999999965,Azerbaijan,AZE,,,,,,,,,,,,,,,,,Azerbaijan economic diversification gold mart,2026-03-23 04:03:41.539378+00:00
2024-09-01,monthly,92655.0,104.7,96.9,53758.5,107.0,12711.1,96.1,61587.0,106.1,993.0,108.0,0.29681469999999877,3.510610863293536,1.5341776000000067,Azerbaijan,AZE,,,,,,,,,,,,,,,,,Azerbaijan economic diversification gold mart,2026-03-23 04:03:41.539378+00:00
2024-10-01,monthly,103345.3,104.9,97.4,60173.0,106.7,14391.1,95.6,68169.6,105.8,993.2,107.8,0.3289362999999952,3.428460496925993,1.722911400000001,Azerbaijan,AZE,,,,,,,,,,,,,,,,,Azerbaijan economic diversification gold mart,2026-03-23 04:03:41.539378+00:00
2024-10-01,quarterly,,,,,,,,,,,,,,,Azerbaijan,AZE,,,,,,,,,6726965.31328663,91.20448087952654,6268658.7296986,90.80664668233318,458306.58358802996,97.01823092373036,4905979.666262429,107.904476073712,Azerbaijan economic diversification gold mart,2026-03-23 04:03:41.539378+00:00
2024-11-01,monthly,113224.1,104.1,98.1,65868.1,106.3,15910.3,96.2,74681.7,106.3,996.8,108.0,0.726973600000008,4.3756947072530465,1.962893699999995,Azerbaijan,AZE,,,,,,,,,,,,,,,,,Azerbaijan economic diversification gold mart,2026-03-23 04:03:41.539378+00:00
2024-12-01,monthly,126524.2,104.2,98.6,75734.7,106.5,22106.334199999998,102.4,83255.4,106.4,1009.2,108.1,1.038763099999997,4.934412383889253,2.210543400000006,Azerbaijan,AZE,,,,,,,,,,,,,,,,,Azerbaijan economic diversification gold mart,2026-03-23 04:03:41.539378+00:00
2025-01-01,annual,129094.0,101.4,100.799999999999,81807.3,102.7,21226.1,94.4,89916.0,108.0,1102.9,109.3,0.7525574000000006,5.182172938130435,5.622363899999996,Azerbaijan,AZE,,,,,,,,,18195025.010102957,94.44570741647397,17080547.6983444,94.86240675371474,1114477.3117585601,88.48845703132847,12596063.3472184,102.73188163910349,Azerbaijan economic diversification gold mart,2026-03-23 04:03:41.539378+00:00
2025-01-01,monthly,9371.0,99.1,103.7,5250.8,101.0,787.0,50.0,5967.8,106.2,1062.9,112.8,1.0,5.4,5.4,Azerbaijan,AZE,,,,,,,,,,,,,,,,,Azerbaijan economic diversification gold mart,2026-03-23 04:03:41.539378+00:00
2025-01-01,quarterly,,,,,,,,,,,,,,,Azerbaijan,AZE,682.8260000000009,1437.550000000001,5969.029,5127.545,841.484,-4531.478999999999,-780.831,154.99099999999999,,,,,,,,,Azerbaijan economic diversification gold mart,2026-03-23 04:03:41.539378+00:00
2025-02-01,monthly,19072.2,100.2,103.7,10868.0,101.7,2008.9,75.2,11907.1,106.4,1043.6,110.2,0.7015997999999968,5.451859196578823,5.417097600000005,Azerbaijan,AZE,,,,,,,,,,,,,,,,,Azerbaijan economic diversification gold mart,2026-03-23 04:03:41.539378+00:00
2025-03-01,monthly,29892.9,100.3,103.0,17369.9,102.5,3467.7,89.9,20690.7,106.6,1083.8,110.0,0.6389092000000005,5.884191012331769,5.572884400000007,Azerbaijan,AZE,,,,,,,,,,,,,,,,,Azerbaijan economic diversification gold mart,2026-03-23 04:03:41.539378+00:00
2025-04-01,monthly,39305.8,100.9,102.8,22970.3,103.3,5069.3,95.4,26277.6,106.9,1100.6,109.2,0.3118529000000052,6.331003848304604,5.762415799999999,Azerbaijan,AZE,,,,,,,,,,,,,,,,,Azerbaijan economic diversification gold mart,2026-03-23 04:03:41.539378+00:00
2025-04-01,quarterly,,,,,,,,,,,,,,,Azerbaijan,AZE,,,,,,,,,6013125.760694866,97.48892886406551,5567424.633441789,97.70814765185345,445701.127253077,94.83121083885706,4297173.7262439225,101.97141726547241,Azerbaijan economic diversification gold mart,2026-03-23 04:03:41.539378+00:00
2025-05-01,monthly,50099.5,101.5,102.5,29688.3,103.9,6694.6,99.2,34104.0,106.9,1095.0,109.1,-0.07307819999999765,6.341425373613106,5.878030100000004,Azerbaijan,AZE,,,,,,,,,,,,,,,,,Azerbaijan economic diversification gold mart,2026-03-23 04:03:41.539378+00:00
2025-06-01,monthly,62078.2,101.5,102.0,37673.3,103.8,8073.5,99.5,42747.8,107.2,1097.3,109.4,-0.42626300000000583,5.977225217040498,5.894324900000001,Azerbaijan,AZE,,,,,,,,,,,,,,,,,Azerbaijan economic diversification gold mart,2026-03-23 04:03:41.539378+00:00
2025-07-01,monthly,72429.9,100.9,101.8,44049.8,103.1,9911.8,103.4,50514.1,107.2,1098.1,109.5,-0.0707132999999942,4.957666227790995,5.759485699999999,Azerbaijan,AZE,,,,,,,,,,,,,,,,,Azerbaijan economic diversification gold mart,2026-03-23 04:03:41.539378+00:00
2025-08-01,monthly,83037.8,101.0,101.1,50714.6,102.6,11374.5,99.8,57939.3,107.4,1093.8,109.7,0.3657170999999977,4.890516711134609,5.649722299999993,Azerbaijan,AZE,,,,,,,,,,,,,,,,,Azerbaijan economic diversification gold mart,2026-03-23 04:03:41.539378+00:00
2025-09-01,monthly,95229.2,101.3,101.4,58985.1,102.8,13048.1,101.0,66267.3,107.6,1087.7,109.5,1.0720211999999947,5.7012285027906415,5.6555139000000025,Azerbaijan,AZE,,,,,,,,,,,,,,,,,Azerbaijan economic diversification gold mart,2026-03-23 04:03:41.539378+00:00
2025-10-01,monthly,106435.4,101.3,101.599999999999,65916.2,103.0,14830.0,101.3,73705.9,108.1,1086.3,109.4,0.5,5.881452114333413,5.680153219136258,Azerbaijan,AZE,,,,,,,,,,,,,,,,,Azerbaijan economic diversification gold mart,2026-03-23 04:03:41.539378+00:00
2025-11-01,monthly,116320.1,101.6,101.099999999999,72469.9,103.2,16658.9,103.0,80747.2,108.1,1089.2,109.3,0.3013677000000001,5.480961755110684,5.664455799999999,Azerbaijan,AZE,,,,,,,,,,,,,,,,,Azerbaijan economic diversification gold mart,2026-03-23 04:03:41.539378+00:00
2025-12-01,monthly,129094.0,101.4,100.799999999999,81807.3,102.7,21226.1,94.4,89916.0,108.0,1102.9,109.3,0.7525574000000006,5.182172938130435,5.622363899999996,Azerbaijan,AZE,,,,,,,,,,,,,,,,,Azerbaijan economic diversification gold mart,2026-03-23 04:03:41.539378+00:00
2026-01-01,annual,,,,,,,,,,,,,,,Azerbaijan,AZE,,,,,,,,,,,,,,,,,Azerbaijan economic diversification gold mart,2026-03-23 04:03:41.539378+00:00
2026-01-01,monthly,9078.7,101.7,95.3,5596.4,102.3,1405.9,175.6,6478.2,108.6,,,1.497622000000007,5.747223806757091,5.747223806757091,Azerbaijan,AZE,,,,,,,,,,,,,,,,,Azerbaijan economic diversification gold mart,2026-03-23 04:03:41.539378+00:00
