month,payment_cards_total_thousand,payment_cards_contactless_thousand,debit_social_cards_thousand,debit_salary_cards_thousand,debit_other_cards_thousand,credit_cards_thousand,card_txn_count_thousand,card_txn_amount_mn_azn,cash_withdrawal_atm_count_thousand,cash_withdrawal_atm_amount_mn_azn,cash_withdrawal_pos_count_thousand,cash_withdrawal_pos_amount_mn_azn,non_cash_atm_count_thousand,non_cash_atm_amount_mn_azn,non_cash_pos_count_thousand,non_cash_pos_amount_mn_azn,contactless_pos_count_thousand,contactless_pos_amount_mn_azn,ecommerce_count_thousand,ecommerce_amount_mn_azn,self_service_terminal_count_thousand,self_service_terminal_amount_mn_azn,source_file,bulletin_period,country_name,country_iso,source_name,load_timestamp
2010-01-01,4016.0,,2396.0,1183.0,321.0,116.0,2268.0,293.0,2038.0,243.0,19.0,16.0,52.0,3.0,34.0,6.0,,,,,,,statistical_bulletin_2026_01.xlsx,2026-01-01,Azerbaijan,AZE,CBAR statistical bulletin table 4.5,2026-03-23 03:14:45.145178+00:00
2010-02-01,4049.0,,2403.0,1195.0,333.0,118.0,4008.0,494.0,3743.0,443.0,46.0,18.0,66.0,4.0,32.0,6.0,,,,,,,statistical_bulletin_2026_01.xlsx,2026-01-01,Azerbaijan,AZE,CBAR statistical bulletin table 4.5,2026-03-23 03:14:45.145178+00:00
2010-03-01,4058.0,,2405.0,1191.0,348.0,114.0,4967.0,613.0,4638.0,549.0,52.0,23.0,80.0,5.0,41.0,6.0,,,,,,,statistical_bulletin_2026_01.xlsx,2026-01-01,Azerbaijan,AZE,CBAR statistical bulletin table 4.5,2026-03-23 03:14:45.145178+00:00
2010-04-01,4105.0,,2426.0,1205.0,351.0,123.0,3426.0,434.0,3154.0,381.0,32.0,21.0,74.0,5.0,43.0,5.0,,,,,,,statistical_bulletin_2026_01.xlsx,2026-01-01,Azerbaijan,AZE,CBAR statistical bulletin table 4.5,2026-03-23 03:14:45.145178+00:00
2010-05-01,4120.0,,2428.0,1202.0,363.0,127.0,3972.0,498.0,3661.0,440.0,37.0,21.0,85.0,5.0,57.0,5.0,,,,,,,statistical_bulletin_2026_01.xlsx,2026-01-01,Azerbaijan,AZE,CBAR statistical bulletin table 4.5,2026-03-23 03:14:45.145178+00:00
2010-06-01,4148.0,,2437.0,1215.0,367.0,129.0,3499.0,454.0,3213.0,400.0,28.0,18.0,83.0,5.0,45.0,6.0,,,,,,,statistical_bulletin_2026_01.xlsx,2026-01-01,Azerbaijan,AZE,CBAR statistical bulletin table 4.5,2026-03-23 03:14:45.145178+00:00
2010-07-01,4155.0,,2431.0,1220.0,374.0,130.0,4343.0,573.0,4032.0,512.0,40.0,21.0,83.0,6.0,45.0,6.0,,,,,,,statistical_bulletin_2026_01.xlsx,2026-01-01,Azerbaijan,AZE,CBAR statistical bulletin table 4.5,2026-03-23 03:14:45.145178+00:00
2010-08-01,4051.0,,2292.0,1215.0,413.0,131.0,3509.0,456.0,3190.0,387.0,31.0,24.0,77.0,6.0,46.0,5.0,,,,,,,statistical_bulletin_2026_01.xlsx,2026-01-01,Azerbaijan,AZE,CBAR statistical bulletin table 4.5,2026-03-23 03:14:45.145178+00:00
2010-09-01,4059.0,,2263.0,1234.0,426.0,136.0,3804.0,491.0,3478.0,423.0,41.0,25.0,75.0,6.0,45.0,6.0,,,,,,,statistical_bulletin_2026_01.xlsx,2026-01-01,Azerbaijan,AZE,CBAR statistical bulletin table 4.5,2026-03-23 03:14:45.145178+00:00
2010-10-01,4103.0,,2319.0,1231.0,419.0,134.0,3910.0,509.0,3579.0,445.0,37.0,20.0,80.0,7.0,49.0,6.0,,,,,,,statistical_bulletin_2026_01.xlsx,2026-01-01,Azerbaijan,AZE,CBAR statistical bulletin table 4.5,2026-03-23 03:14:45.145178+00:00
2010-11-01,4209.0,,2417.0,1254.0,403.0,135.0,3557.0,486.0,3220.0,419.0,29.0,22.0,82.0,8.0,53.0,7.0,,,,,,,statistical_bulletin_2026_01.xlsx,2026-01-01,Azerbaijan,AZE,CBAR statistical bulletin table 4.5,2026-03-23 03:14:45.145178+00:00
2010-12-01,4231.0,,2427.0,1260.0,410.0,134.0,5239.0,755.0,4822.0,641.0,52.0,26.0,102.0,11.0,73.0,14.0,,,,,,,statistical_bulletin_2026_01.xlsx,2026-01-01,Azerbaijan,AZE,CBAR statistical bulletin table 4.5,2026-03-23 03:14:45.145178+00:00
2011-01-01,4252.73,,2430.352,1260.866,426.477,135.035,3410.537,447.968983,3037.817,380.450246,27.811,18.396102,82.926,7.818232,73.075,6.6365,,,,,,,statistical_bulletin_2026_01.xlsx,2026-01-01,Azerbaijan,AZE,CBAR statistical bulletin table 4.5,2026-03-23 03:14:45.145178+00:00
2011-02-01,4284.649,,2442.249,1272.016,433.364,137.02,4057.027,543.088801,3713.173,479.571839,27.247,21.510094,90.842,7.223917,68.899,6.442196,,,,,,,statistical_bulletin_2026_01.xlsx,2026-01-01,Azerbaijan,AZE,CBAR statistical bulletin table 4.5,2026-03-23 03:14:45.145178+00:00
2011-03-01,4342.184,,2475.659,1289.051,436.556,140.918,4973.241,670.894754,4515.954,586.629782,33.48,27.089736,106.033,8.528251,97.368,7.216,,,,,,,statistical_bulletin_2026_01.xlsx,2026-01-01,Azerbaijan,AZE,CBAR statistical bulletin table 4.5,2026-03-23 03:14:45.145178+00:00
2011-04-01,4352.721,,2476.624,1293.992,449.135,132.97,3654.483,505.514621,3248.617,433.27697600000005,23.478,23.787675,81.484,9.282157999999999,118.991,8.016893,,,,,,,statistical_bulletin_2026_01.xlsx,2026-01-01,Azerbaijan,AZE,CBAR statistical bulletin table 4.5,2026-03-23 03:14:45.145178+00:00
2011-05-01,4384.548,,2479.862,1305.96,459.856,138.87,4389.15,582.368,3907.434,506.948,23.559,22.327725,101.868,8.864,144.268,8.712792,,,,,,,statistical_bulletin_2026_01.xlsx,2026-01-01,Azerbaijan,AZE,CBAR statistical bulletin table 4.5,2026-03-23 03:14:45.145178+00:00
2011-06-01,4393.012,,2467.415,1324.589,458.405,142.603,3829.956,551.667153,3391.865,468.524842,25.024,22.544018,92.793,11.613941,124.898,8.863815,,,,,,,statistical_bulletin_2026_01.xlsx,2026-01-01,Azerbaijan,AZE,CBAR statistical bulletin table 4.5,2026-03-23 03:14:45.145178+00:00
2011-07-01,4428.981,,2488.224,1319.861,473.149,147.746,4323.075,645.254847,3884.235,566.733555,23.565,23.219964,88.543,10.595152,121.026,7.955881,,,,,,,statistical_bulletin_2026_01.xlsx,2026-01-01,Azerbaijan,AZE,CBAR statistical bulletin table 4.5,2026-03-23 03:14:45.145178+00:00
2011-08-01,4448.019,,2488.627,1318.121,487.238,154.033,4764.042,691.819652,4304.714,601.896909,30.565,25.642455,90.87,11.329614,120.236,8.308662,,,,,,,statistical_bulletin_2026_01.xlsx,2026-01-01,Azerbaijan,AZE,CBAR statistical bulletin table 4.5,2026-03-23 03:14:45.145178+00:00
2011-09-01,4459.0,,2481.666,1315.912,505.544,156.358,4350.401,626.457977,3841.122,532.280277,25.415,25.027923,97.18,11.196202,146.667,11.428144,,,,,,,statistical_bulletin_2026_01.xlsx,2026-01-01,Azerbaijan,AZE,CBAR statistical bulletin table 4.5,2026-03-23 03:14:45.145178+00:00
2011-10-01,4471.0,,2449.0,1305.0,553.0,164.0,4063.0,585.0,3547.0,503.0,24.0,21.0,97.0,13.0,147.0,11.0,,,,,,,statistical_bulletin_2026_01.xlsx,2026-01-01,Azerbaijan,AZE,CBAR statistical bulletin table 4.5,2026-03-23 03:14:45.145178+00:00
2011-11-01,4534.927,,2534.443,1313.128,521.11,166.246,4071.16,608.638211,3539.977,527.422438,27.838,21.732615,93.819,12.075663,162.209,10.444584,,,,,,,statistical_bulletin_2026_01.xlsx,2026-01-01,Azerbaijan,AZE,CBAR statistical bulletin table 4.5,2026-03-23 03:14:45.145178+00:00
2011-12-01,4580.243999999999,,2522.408,1330.162,546.935,180.739,5067.826,771.077252,4477.673,676.490164,35.429,28.780166,94.376,13.277846,185.334,12.832815,,,,,,,statistical_bulletin_2026_01.xlsx,2026-01-01,Azerbaijan,AZE,CBAR statistical bulletin table 4.5,2026-03-23 03:14:45.145178+00:00
2012-01-01,4621.496,,2534.024,1345.943,557.106,184.423,3541.488,531.188045,2960.948,437.67669,24.54,19.885237,65.473,11.105436,205.498,11.618317,,,,,,,statistical_bulletin_2026_01.xlsx,2026-01-01,Azerbaijan,AZE,CBAR statistical bulletin table 4.5,2026-03-23 03:14:45.145178+00:00
2012-02-01,4626.628,,2515.572,1351.257,567.112,192.687,4597.653,693.72887,4021.222,604.018456,29.651,24.714975,53.344,11.712741,244.224,10.773033,,,,,,,statistical_bulletin_2026_01.xlsx,2026-01-01,Azerbaijan,AZE,CBAR statistical bulletin table 4.5,2026-03-23 03:14:45.145178+00:00
2012-03-01,4659.994,,2518.846,1356.348,582.377,202.441,5273.564,784.077901,4565.188,680.831506,28.931,27.501636,58.459,13.028211,298.546,13.789465,,,,,,,statistical_bulletin_2026_01.xlsx,2026-01-01,Azerbaijan,AZE,CBAR statistical bulletin table 4.5,2026-03-23 03:14:45.145178+00:00
2012-04-01,4749.849,,2584.836,1360.0,590.156,214.76,4240.826,647.431536,3549.798,544.698087,29.515,31.253577,55.625,13.30493,320.981,12.775935,,,,,,,statistical_bulletin_2026_01.xlsx,2026-01-01,Azerbaijan,AZE,CBAR statistical bulletin table 4.5,2026-03-23 03:14:45.145178+00:00
2012-05-01,4807.471,,2575.223,1385.432,616.531,230.285,5051.124,740.241154,4223.945,640.447424,27.923,27.007358,56.309,14.487467,438.411,14.873062,,,,,,,statistical_bulletin_2026_01.xlsx,2026-01-01,Azerbaijan,AZE,CBAR statistical bulletin table 4.5,2026-03-23 03:14:45.145178+00:00
2012-06-01,4825.651,,2537.979,1352.012,688.397,247.263,4405.119,676.276337,3740.862,579.857709,24.995,24.486464,51.517,13.699736,314.934,15.048664,,,,,,,statistical_bulletin_2026_01.xlsx,2026-01-01,Azerbaijan,AZE,CBAR statistical bulletin table 4.5,2026-03-23 03:14:45.145178+00:00
2012-07-01,4807.887,,2537.406,1361.731,629.895,278.855,5018.56,811.19196,4291.222,697.975753,27.584,38.248265,53.045,16.009341,343.594,12.950625,,,,,,,statistical_bulletin_2026_01.xlsx,2026-01-01,Azerbaijan,AZE,CBAR statistical bulletin table 4.5,2026-03-23 03:14:45.145178+00:00
2012-08-01,4842.277,,2627.544,1360.111,564.845,289.777,4461.357,718.604219,3694.684,580.0271,27.373,43.265681,51.197,15.094471,362.704,14.35015,,,,,,,statistical_bulletin_2026_01.xlsx,2026-01-01,Azerbaijan,AZE,CBAR statistical bulletin table 4.5,2026-03-23 03:14:45.145178+00:00
2012-09-01,4920.203,,2541.265,1336.89,724.388,317.66,4689.97,734.436955,3968.474,603.552648,32.234,45.427462,50.373,15.3953563,349.473,14.623038,,,,,,,statistical_bulletin_2026_01.xlsx,2026-01-01,Azerbaijan,AZE,CBAR statistical bulletin table 4.5,2026-03-23 03:14:45.145178+00:00
2012-10-01,4964.791,,2536.231,1330.194,752.23,346.136,5139.315,794.731586,4258.155,657.148271,30.639,45.571235,57.245,18.210354,436.017,17.794743,,,,,,,statistical_bulletin_2026_01.xlsx,2026-01-01,Azerbaijan,AZE,CBAR statistical bulletin table 4.5,2026-03-23 03:14:45.145178+00:00
2012-11-01,5071.379,,2550.917,1353.416,790.371,376.675,4996.879,768.877069,4103.74,639.666845,29.411,41.556666,60.856,18.336504,452.629,17.189774,,,,,,,statistical_bulletin_2026_01.xlsx,2026-01-01,Azerbaijan,AZE,CBAR statistical bulletin table 4.5,2026-03-23 03:14:45.145178+00:00
2012-12-01,5008.107,,2560.153,1360.665,679.346,407.943,5753.3,925.972595,4739.81,791.383331,35.851,52.552151,66.319,12.181437,556.524,21.281472,,,,,,,statistical_bulletin_2026_01.xlsx,2026-01-01,Azerbaijan,AZE,CBAR statistical bulletin table 4.5,2026-03-23 03:14:45.145178+00:00
2013-01-01,5025.772,,2557.0,1348.0,693.5,427.272,4264.513,622.714918,3251.715,494.867809,18.436,37.220862,52.5,13.716703,575.429,21.620916,,,,,,,statistical_bulletin_2026_01.xlsx,2026-01-01,Azerbaijan,AZE,CBAR statistical bulletin table 4.5,2026-03-23 03:14:45.145178+00:00
2013-02-01,5205.166,,2563.174,1358.917,801.191,481.884,5335.734,819.627666,4322.575,687.738106,40.559,46.927861,60.774,16.678438,579.936,21.887217,,,,,,,statistical_bulletin_2026_01.xlsx,2026-01-01,Azerbaijan,AZE,CBAR statistical bulletin table 4.5,2026-03-23 03:14:45.145178+00:00
2013-03-01,5174.867,,2556.443,1346.896,746.837,524.691,5541.482,864.837403,4493.711,712.928044,39.546,44.671735,51.743,13.042884,570.638,24.586275,,,,,,,statistical_bulletin_2026_01.xlsx,2026-01-01,Azerbaijan,AZE,CBAR statistical bulletin table 4.5,2026-03-23 03:14:45.145178+00:00
2013-04-01,5270.224,,2556.912,1381.001,680.878,651.433,5230.618,796.302,4020.509,638.57005,25.602,46.122797,49.973,13.458605,736.057,27.672536,,,,,,,statistical_bulletin_2026_01.xlsx,2026-01-01,Azerbaijan,AZE,CBAR statistical bulletin table 4.5,2026-03-23 03:14:45.145178+00:00
2013-05-01,5240.834,,2555.577,1380.401,711.425,593.431,5689.86,848.117875,4332.526,691.014018,24.344,47.025017,52.763,17.706526,876.215,36.211144,,,,,,,statistical_bulletin_2026_01.xlsx,2026-01-01,Azerbaijan,AZE,CBAR statistical bulletin table 4.5,2026-03-23 03:14:45.145178+00:00
2013-06-01,5300.763,,2554.118,1383.637,727.308,635.7,5094.01,772.752811,3895.253,634.924166,23.502,44.20927,46.975,14.375405,781.817,33.002355,,,,,,,statistical_bulletin_2026_01.xlsx,2026-01-01,Azerbaijan,AZE,CBAR statistical bulletin table 4.5,2026-03-23 03:14:45.145178+00:00
2013-07-01,5374.902,,2545.974,1389.341,753.821,685.756,5981.745,920.416329,4396.316,755.117243,24.469,54.326724,54.607,16.160079,1066.283,32.16607,,,,,,,statistical_bulletin_2026_01.xlsx,2026-01-01,Azerbaijan,AZE,CBAR statistical bulletin table 4.5,2026-03-23 03:14:45.145178+00:00
2013-08-01,5331.036,,2428.719,1388.473,793.977,719.867,5745.919,844.879869,4232.876,682.031259,22.024,48.519308,46.759,14.897868,1003.278,30.222178,,,,,,,statistical_bulletin_2026_01.xlsx,2026-01-01,Azerbaijan,AZE,CBAR statistical bulletin table 4.5,2026-03-23 03:14:45.145178+00:00
2013-09-01,5346.774,,2367.836,1410.745,799.883,768.31,5617.565,832.99279,4135.353,673.579202,21.292,47.34064,46.615,18.371998,1004.782,33.289437,,,,,,,statistical_bulletin_2026_01.xlsx,2026-01-01,Azerbaijan,AZE,CBAR statistical bulletin table 4.5,2026-03-23 03:14:45.145178+00:00
2013-10-01,5362.835,,2403.537,1421.64,738.901,798.707,6101.152,901.208278,4418.925,733.784454,24.604,50.368462,50.399,19.121523,1142.858,37.986565,,,,,,,statistical_bulletin_2026_01.xlsx,2026-01-01,Azerbaijan,AZE,CBAR statistical bulletin table 4.5,2026-03-23 03:14:45.145178+00:00
2013-11-01,5515.003,,2472.673,1430.798,748.743,862.789,6011.564,923.412283,4323.679,729.646718,22.957,56.267467,49.641,19.85414,1142.257,36.689835,,,,,,,statistical_bulletin_2026_01.xlsx,2026-01-01,Azerbaijan,AZE,CBAR statistical bulletin table 4.5,2026-03-23 03:14:45.145178+00:00
2013-12-01,5672.617,,2504.965,1437.041,788.155,942.456,7195.933,1149.415,5184.599,936.986,30.786,70.716,65.399,18.360609,1400.0,47.439,,,,,,,statistical_bulletin_2026_01.xlsx,2026-01-01,Azerbaijan,AZE,CBAR statistical bulletin table 4.5,2026-03-23 03:14:45.145178+00:00
2014-01-01,5752.339,,2533.762,1431.994,819.292,967.291,5533.845,777.789545,3695.956,610.031517,22.62,42.971169,48.238,16.713817,1216.314,38.103058,,,,,,,statistical_bulletin_2026_01.xlsx,2026-01-01,Azerbaijan,AZE,CBAR statistical bulletin table 4.5,2026-03-23 03:14:45.145178+00:00
2014-02-01,5808.028,,2550.898,1417.371,832.733,1007.026,6206.258,941.403612,4373.937,764.046075,27.242,54.947604,50.644,17.764603,773.81,27.783197,,,,,,,statistical_bulletin_2026_01.xlsx,2026-01-01,Azerbaijan,AZE,CBAR statistical bulletin table 4.5,2026-03-23 03:14:45.145178+00:00
2014-03-01,5853.497,,2553.449,1405.719,861.966,1032.363,6800.679,1018.96,4790.24,832.61,26.219,56.023285,44.244,19.522029,828.348,33.023595,,,,,,,statistical_bulletin_2026_01.xlsx,2026-01-01,Azerbaijan,AZE,CBAR statistical bulletin table 4.5,2026-03-23 03:14:45.145178+00:00
2014-04-01,5908.147,,2566.92,1412.123,860.793,1068.311,6349.522,938.317366,4407.128,758.799929,27.887,62.992308,56.845,20.392423,779.108,28.23607,,,,,,,statistical_bulletin_2026_01.xlsx,2026-01-01,Azerbaijan,AZE,CBAR statistical bulletin table 4.5,2026-03-23 03:14:45.145178+00:00
2014-05-01,5967.418,,2560.392,1400.609,889.128,1117.289,6634.112,988.182456,4657.493,806.771678,26.237,59.758897,48.899,20.608658,820.108,30.941,,,,,,,statistical_bulletin_2026_01.xlsx,2026-01-01,Azerbaijan,AZE,CBAR statistical bulletin table 4.5,2026-03-23 03:14:45.145178+00:00
2014-06-01,6003.477,,2556.245,1400.754,902.253,1144.225,6406.655,970.258218,4431.754,791.626187,26.25,60.415,49.667,22.30834,816.665,30.41053,,,,,,,statistical_bulletin_2026_01.xlsx,2026-01-01,Azerbaijan,AZE,CBAR statistical bulletin table 4.5,2026-03-23 03:14:45.145178+00:00
2014-07-01,5827.106,,2558.591,1398.343,712.619,1157.553,6893.559,1090.081764,4678.588,879.251163,24.997,67.82471,51.657,22.274963,919.938,37.223068,,,,,,,statistical_bulletin_2026_01.xlsx,2026-01-01,Azerbaijan,AZE,CBAR statistical bulletin table 4.5,2026-03-23 03:14:45.145178+00:00
2014-08-01,5866.16,,2544.295,1401.179,739.896,1180.79,6351.021,949.64862,4264.524,750.144434,23.232,58.360144,49.838,23.671796,820.747,28.4,,,,,,,statistical_bulletin_2026_01.xlsx,2026-01-01,Azerbaijan,AZE,CBAR statistical bulletin table 4.5,2026-03-23 03:14:45.145178+00:00
2014-09-01,5990.847,,2557.938,1412.531,766.628,1253.75,6667.987,983.956743,4600.44,783.490297,23.631,60.741445,51.424,23.72998,802.797,32.122778,,,,,,,statistical_bulletin_2026_01.xlsx,2026-01-01,Azerbaijan,AZE,CBAR statistical bulletin table 4.5,2026-03-23 03:14:45.145178+00:00
2014-10-01,5864.062,,2478.517,1409.196,750.669,1225.68,6708.83,989.344611,4602.0,797.064317,23.275,60.100196,45.237,17.626608,797.827,32.818996,,,,,,,statistical_bulletin_2026_01.xlsx,2026-01-01,Azerbaijan,AZE,CBAR statistical bulletin table 4.5,2026-03-23 03:14:45.145178+00:00
2014-11-01,5948.363,,2483.117,1429.067,771.336,1264.843,6645.29,977.292177,4467.995,786.073999,25.094,59.149683,44.024,19.20298,836.148,35.140305,,,,,,,statistical_bulletin_2026_01.xlsx,2026-01-01,Azerbaijan,AZE,CBAR statistical bulletin table 4.5,2026-03-23 03:14:45.145178+00:00
2014-12-01,5965.207,,2426.3,1443.677,793.532,1301.698,8030.375,1245.234253,5482.897,1006.294298,32.875,83.743406,50.722,25.933302,987.55,41.373483,,,,,,,statistical_bulletin_2026_01.xlsx,2026-01-01,Azerbaijan,AZE,CBAR statistical bulletin table 4.5,2026-03-23 03:14:45.145178+00:00
2015-01-01,6017.708,,2440.606,1437.843,817.502,1321.757,6417.743,899.365828,4041.748,696.410099,25.907,57.691528,44.397,24.051625,858.274,32.528063,,,,,,,statistical_bulletin_2026_01.xlsx,2026-01-01,Azerbaijan,AZE,CBAR statistical bulletin table 4.5,2026-03-23 03:14:45.145178+00:00
2015-02-01,6032.315,,2447.097,1441.21,834.342,1318.507,6838.222,1077.418339,4592.279,848.786214,31.491,93.452937,47.732,26.222274,831.198,30.648026,,,,,,,statistical_bulletin_2026_01.xlsx,2026-01-01,Azerbaijan,AZE,CBAR statistical bulletin table 4.5,2026-03-23 03:14:45.145178+00:00
2015-03-01,6037.646,,2460.817,1441.748,853.701,1281.38,7636.832,1136.897874,5123.07,894.356844,29.031,82.6394,47.948,24.205006,908.443,34.388142,,,,,,,statistical_bulletin_2026_01.xlsx,2026-01-01,Azerbaijan,AZE,CBAR statistical bulletin table 4.5,2026-03-23 03:14:45.145178+00:00
2015-04-01,6048.616,,2471.239,1443.734,869.914,1263.729,7074.655,1052.745914,4689.329,831.179279,31.338,82.119279,47.079,26.654919,830.836,29.812194,,,,,,,statistical_bulletin_2026_01.xlsx,2026-01-01,Azerbaijan,AZE,CBAR statistical bulletin table 4.5,2026-03-23 03:14:45.145178+00:00
2015-05-01,6073.729,,2482.053,1450.202,873.607,1267.867,7067.693,982.520835,4672.437,792.801124,26.442,54.423495,48.56,25.659989,898.073,30.734184,,,,,,,statistical_bulletin_2026_01.xlsx,2026-01-01,Azerbaijan,AZE,CBAR statistical bulletin table 4.5,2026-03-23 03:14:45.145178+00:00
2015-06-01,6088.39,,2484.468,1452.256,907.403,1244.263,6951.965,985.266167,4548.258,785.293033,24.772,56.171588,49.047,23.791639,857.993,33.81449,,,,,,,statistical_bulletin_2026_01.xlsx,2026-01-01,Azerbaijan,AZE,CBAR statistical bulletin table 4.5,2026-03-23 03:14:45.145178+00:00
2015-07-01,5855.899,,2486.26,1474.749,703.922,1190.968,7358.766,1123.567453,4777.217,887.262997,28.36,70.181287,51.164,26.048669,897.611,34.942128,,,,,,,statistical_bulletin_2026_01.xlsx,2026-01-01,Azerbaijan,AZE,CBAR statistical bulletin table 4.5,2026-03-23 03:14:45.145178+00:00
2015-08-01,5759.429,,2455.903,1465.158,677.808,1160.56,6785.078,996.883863552,4283.61,756.00812005,28.756,65.42292158,51.065,26.512036,853.899,31.915308,,,,,,,statistical_bulletin_2026_01.xlsx,2026-01-01,Azerbaijan,AZE,CBAR statistical bulletin table 4.5,2026-03-23 03:14:45.145178+00:00
2015-09-01,5647.307,,2386.44,1470.549,656.839,1133.479,7002.493,962.385896,4598.833,748.074928,27.83,56.65507,52.71,29.062552,834.457,33.769743,,,,,,,statistical_bulletin_2026_01.xlsx,2026-01-01,Azerbaijan,AZE,CBAR statistical bulletin table 4.5,2026-03-23 03:14:45.145178+00:00
2015-10-01,5685.115,,2425.242,1483.484,663.306,1113.083,7401.588,1028.980057,5076.98,813.30049,26.894,60.823455,89.126,31.896751,666.77,32.990642,,,,,,,statistical_bulletin_2026_01.xlsx,2026-01-01,Azerbaijan,AZE,CBAR statistical bulletin table 4.5,2026-03-23 03:14:45.145178+00:00
2015-11-01,5678.583,,2447.791,1473.122,669.111,1088.559,6872.383,976.09532718,4567.339,776.818009,25.216,48.122407,69.984,30.014155,613.073,30.859254,,,,,,,statistical_bulletin_2026_01.xlsx,2026-01-01,Azerbaijan,AZE,CBAR statistical bulletin table 4.5,2026-03-23 03:14:45.145178+00:00
2015-12-01,5659.459,,2451.259,1466.752,731.754,1009.736,7810.943,1249.82928,5335.598,906.051605,35.709,88.7450703,77.455,42.960176,698.18,38.001322,,,,,,,statistical_bulletin_2026_01.xlsx,2026-01-01,Azerbaijan,AZE,CBAR statistical bulletin table 4.5,2026-03-23 03:14:45.145178+00:00
2016-01-01,5403.699,40.841,2444.226,1460.122,690.156,809.195,5962.6,878.79689751,3822.404,630.55555376,36.69,80.13697945,47.503,32.5468069,650.6,36.62345509,0.526,0.00979,986.56,24.5750571,,,statistical_bulletin_2026_01.xlsx,2026-01-01,Azerbaijan,AZE,CBAR statistical bulletin table 4.5,2026-03-23 03:14:45.145178+00:00
2016-02-01,5398.628,45.983,2422.77,1498.124,686.074,791.66,6519.815,982.54100122,4432.965,786.07709034,37.244,60.4752297,53.708,20.4803604,528.511,27.067653,1.265,0.011972,1022.384,22.3777382,,,statistical_bulletin_2026_01.xlsx,2026-01-01,Azerbaijan,AZE,CBAR statistical bulletin table 4.5,2026-03-23 03:14:45.145178+00:00
2016-03-01,5445.583,48.615,2439.285,1532.888,693.498,779.912,7338.875,1098.94439596,4943.845,873.79492988,43.391,64.77910126,55.419,21.06104348,607.398,36.96439667,1.336,0.01560933,1129.924,24.69958744,,,statistical_bulletin_2026_01.xlsx,2026-01-01,Azerbaijan,AZE,CBAR statistical bulletin table 4.5,2026-03-23 03:14:45.145178+00:00
2016-04-01,5453.435,53.431,2473.995,1492.698,731.931,754.811,6580.262,973.0367643,4400.808,776.1325687,38.298,55.2478718,72.385,23.2667989,755.393,34.0758636,1.299,0.029965,882.706,21.9358325,,,statistical_bulletin_2026_01.xlsx,2026-01-01,Azerbaijan,AZE,CBAR statistical bulletin table 4.5,2026-03-23 03:14:45.145178+00:00
2016-05-01,5434.363,60.799,2477.819,1541.204,673.73,741.61,7063.384,1052.3024849991,4715.857,837.41501876,35.776,53.2976571237,83.182,23.1639670281,816.274,38.7126199942,1.313,0.026942900000000002,909.267,21.7760391137,,,statistical_bulletin_2026_01.xlsx,2026-01-01,Azerbaijan,AZE,CBAR statistical bulletin table 4.5,2026-03-23 03:14:45.145178+00:00
2016-06-01,5479.698,65.923,2493.372,1541.521,663.129,781.676,7002.868,1048.5094405519,4573.463,817.26723701,34.706,62.187665562,86.149,23.1917078449,667.507,41.1936601167,1.431,0.0704852,1161.138,29.4462310824,,,statistical_bulletin_2026_01.xlsx,2026-01-01,Azerbaijan,AZE,CBAR statistical bulletin table 4.5,2026-03-23 03:14:45.145178+00:00
2016-07-01,5445.959,69.822,2496.954,1544.088,661.273,743.644,7047.225,1157.3505587476,4721.346,912.54396154,35.122,63.7555669062,73.719,27.6784352887,653.223,41.3183524352,1.22,0.01815476,1101.149,27.5512555634,,,statistical_bulletin_2026_01.xlsx,2026-01-01,Azerbaijan,AZE,CBAR statistical bulletin table 4.5,2026-03-23 03:14:45.145178+00:00
2016-08-01,5291.109,73.005,2362.894,1551.201,648.551,728.463,6831.679,1106.8770754831,4283.806,787.63200553,40.69,74.542827131,102.205,42.5533823008,699.925,55.0813087013,1.522,0.0254921,1161.651,34.7469769684,,,statistical_bulletin_2026_01.xlsx,2026-01-01,Azerbaijan,AZE,CBAR statistical bulletin table 4.5,2026-03-23 03:14:45.145178+00:00
2016-09-01,5191.775,75.534,2284.258,1555.209,644.591,707.717,6817.292,1037.8344895881,4510.777,785.9083500239,42.342,59.3901243197,81.487,27.2837461498,637.911,51.3869688766,1.069,0.0168922,1075.387,31.6799078459,,,statistical_bulletin_2026_01.xlsx,2026-01-01,Azerbaijan,AZE,CBAR statistical bulletin table 4.5,2026-03-23 03:14:45.145178+00:00
2016-10-01,5355.07,79.601,2506.946,1537.228,623.035,687.861,7152.765,1078.1654557539,4703.923,830.4606927376,37.961,60.236431684,91.454,25.8168009972,654.037,49.1417440867,1.115,0.01207925,1121.297,27.496240711,,,statistical_bulletin_2026_01.xlsx,2026-01-01,Azerbaijan,AZE,CBAR statistical bulletin table 4.5,2026-03-23 03:14:45.145178+00:00
2016-11-01,5361.373,85.131,2516.168,1536.288,638.629,670.288,7278.886,1105.1408355686,4589.317,835.08913949,39.231,65.46035756,108.756,30.9646261545,1044.428,55.91757579,1.406,0.01852091,915.413,28.7143951841,,,statistical_bulletin_2026_01.xlsx,2026-01-01,Azerbaijan,AZE,CBAR statistical bulletin table 4.5,2026-03-23 03:14:45.145178+00:00
2016-12-01,5359.345,90.37,2552.415,1545.561,630.267,631.102,8141.148,1309.5892435902,5341.772,1021.171081763,54.139,82.0275330824,110.173,32.9753091137,1132.827,59.960691943,1.907,0.03751436,950.276,31.1403658881,,,statistical_bulletin_2026_01.xlsx,2026-01-01,Azerbaijan,AZE,CBAR statistical bulletin table 4.5,2026-03-23 03:14:45.145178+00:00
2017-01-01,5367.406,111.18,2534.472,1580.546,683.39,568.998,6504.484,931.9437098462,3839.264,682.20806935,24.51,45.1013637443,109.678,27.8807744674,1110.171,57.079334854,1.724,0.03140983,903.541,30.6902209305,,,statistical_bulletin_2026_01.xlsx,2026-01-01,Azerbaijan,AZE,CBAR statistical bulletin table 4.5,2026-03-23 03:14:45.145178+00:00
2017-02-01,5456.059,132.923,2545.304,1639.526,696.638,574.591,7204.495,1123.9301336786,4610.634,879.01149485,34.106,55.0639414305,100.303,23.9232224905,1085.277,60.6432236368,3.987,0.10633138,922.706,37.6419552908,,,statistical_bulletin_2026_01.xlsx,2026-01-01,Azerbaijan,AZE,CBAR statistical bulletin table 4.5,2026-03-23 03:14:45.145178+00:00
2017-03-01,5522.658,154.503,2559.667,1651.719,732.147,579.125,8526.054,1315.1897780684,5505.819,1043.77471396,41.371,63.9445958783,105.031,18.9829838945,1263.423,72.7521667408,7.709,0.25342701,1068.975,34.5197847683,,,statistical_bulletin_2026_01.xlsx,2026-01-01,Azerbaijan,AZE,CBAR statistical bulletin table 4.5,2026-03-23 03:14:45.145178+00:00
2017-04-01,5562.229,167.646,2547.379,1679.543,750.015,585.292,7454.319,1113.4786856464,4694.694,875.36337562,29.535,57.7898462319,93.387,18.9306359054,979.776,60.9914237214,7.776,0.24739896,1122.817,34.9315243201,,,statistical_bulletin_2026_01.xlsx,2026-01-01,Azerbaijan,AZE,CBAR statistical bulletin table 4.5,2026-03-23 03:14:45.145178+00:00
2017-05-01,5591.228,192.845,2545.155,1722.103,757.925,566.045,8397.422,1244.6049035299,5173.628,954.11767042,39.949,75.3888066772,148.066,27.2221983868,841.102,62.9071374493,11.758,0.378194,1599.846,43.219501293,,,statistical_bulletin_2026_01.xlsx,2026-01-01,Azerbaijan,AZE,CBAR statistical bulletin table 4.5,2026-03-23 03:14:45.145178+00:00
2017-06-01,5542.368,221.472,2489.693,1729.099,761.561,562.015,8225.994,1266.1334171792,5160.669,991.09177052,35.417,63.8634435436,134.768,28.7694344434,830.567,58.0658965787,17.427,0.455882,1545.23,46.981112007,,,statistical_bulletin_2026_01.xlsx,2026-01-01,Azerbaijan,AZE,CBAR statistical bulletin table 4.5,2026-03-23 03:14:45.145178+00:00
2017-07-01,5604.007,260.827,2532.993,1750.683,753.718,566.613,8181.401,1292.8765905766,4989.708,989.6282117688,31.515,59.6632794625,143.371,29.7468363672,814.119,64.1175340679,19.721,0.557716,1650.21,53.887427416,,,statistical_bulletin_2026_01.xlsx,2026-01-01,Azerbaijan,AZE,CBAR statistical bulletin table 4.5,2026-03-23 03:14:45.145178+00:00
2017-08-01,5643.78,271.98,2514.731,1764.997,787.996,576.056,8191.544,1257.6864089059,4839.308,912.4304628212,32.063,59.3766210991,145.71,31.344366047,849.554,69.0411910817,21.558,0.598574,1696.919,68.3730462239,,,statistical_bulletin_2026_01.xlsx,2026-01-01,Azerbaijan,AZE,CBAR statistical bulletin table 4.5,2026-03-23 03:14:45.145178+00:00
2017-09-01,5701.149,283.088,2544.246,1777.305,799.427,580.171,8001.244,1191.0694149572,4907.904,892.53935382,27.945,57.9482528662,145.023,29.73953396,776.308,64.7498779282,18.361,0.569347,1573.64,58.8244909616,,,statistical_bulletin_2026_01.xlsx,2026-01-01,Azerbaijan,AZE,CBAR statistical bulletin table 4.5,2026-03-23 03:14:45.145178+00:00
2017-10-01,5755.056,299.428,2531.052,1809.553,816.001,598.45,8790.147,1294.9222654811,5298.269,972.29327513,30.582,63.0440188853,170.724,33.0920255211,857.646,75.9402822345,25.488,0.834268,1761.691,63.3210045637,,,statistical_bulletin_2026_01.xlsx,2026-01-01,Azerbaijan,AZE,CBAR statistical bulletin table 4.5,2026-03-23 03:14:45.145178+00:00
2017-11-01,5841.166,310.067,2527.268,1842.463,851.351,620.084,8543.917,1288.3203881236,5046.265,959.56308524,29.522,60.0247481177,169.26,33.291807582,854.239,76.4439343647,28.083,0.885035,1734.414,69.6004203717,,,statistical_bulletin_2026_01.xlsx,2026-01-01,Azerbaijan,AZE,CBAR statistical bulletin table 4.5,2026-03-23 03:14:45.145178+00:00
2017-12-01,5873.677,323.162,2535.369,1848.9,866.397,623.011,9536.351,1570.7288612531,5932.38,1197.7321233642,36.844,84.8503818699,175.017,37.543725,918.911,85.4734998019,30.327,0.957132,1830.244,80.0684502971,,,statistical_bulletin_2026_01.xlsx,2026-01-01,Azerbaijan,AZE,CBAR statistical bulletin table 4.5,2026-03-23 03:14:45.145178+00:00
2018-01-01,5896.57,345.898,2516.97,1864.248,860.43,654.922,8191.608,1162.2975350412,4425.899,814.69999079,27.891,51.8243915908,114.993,29.263343,948.043,75.9968306412,37.703,1.25207,1997.299,88.3209104074,,,statistical_bulletin_2026_01.xlsx,2026-01-01,Azerbaijan,AZE,CBAR statistical bulletin table 4.5,2026-03-23 03:14:45.145178+00:00
2018-02-01,5963.946,358.907,2521.972,1902.991,865.638,673.345,8540.593,1349.0955521625,5073.806,993.58148463,30.927,89.48361836,103.402,16.482166,861.44,73.2690398155,40.074,1.122111,1878.904,98.8029904436,,,statistical_bulletin_2026_01.xlsx,2026-01-01,Azerbaijan,AZE,CBAR statistical bulletin table 4.5,2026-03-23 03:14:45.145178+00:00
2018-03-01,6019.65,369.939,2512.669,1915.485,878.245,713.251,10090.708,1542.7114686848,6043.963,1170.27077074,35.247,60.9209931149,105.228,17.050311,1034.859,89.6750950827,44.276,1.327166,2140.226,106.8348485972,,,statistical_bulletin_2026_01.xlsx,2026-01-01,Azerbaijan,AZE,CBAR statistical bulletin table 4.5,2026-03-23 03:14:45.145178+00:00
2018-04-01,6116.898,380.851,2511.48,1912.523,938.051,754.844,9042.215,1391.4545231018,5111.669,1011.20483449,31.636,72.0649958368,102.709,17.595891,1002.228,83.620510154,48.016,1.50591,2106.574,123.387781191,,,statistical_bulletin_2026_01.xlsx,2026-01-01,Azerbaijan,AZE,CBAR statistical bulletin table 4.5,2026-03-23 03:14:45.145178+00:00
2018-05-01,6174.891,398.532,2513.223,1900.602,977.515,783.551,9991.206,1514.4655764237,5661.468,1110.28537614,31.745,66.6715366488,116.727,18.351498,1192.951,91.7309725029,60.733,1.71526983,2250.414,132.566158742,,,statistical_bulletin_2026_01.xlsx,2026-01-01,Azerbaijan,AZE,CBAR statistical bulletin table 4.5,2026-03-23 03:14:45.145178+00:00
2018-06-01,6218.323,409.032,2520.848,1899.817,998.224,799.434,9529.45,1437.3650918444,5335.069,1055.4949325,32.442,61.52216042,108.805,17.043253,1177.091,85.539243773,59.558,1.60352805,2180.377,126.7775011814,,,statistical_bulletin_2026_01.xlsx,2026-01-01,Azerbaijan,AZE,CBAR statistical bulletin table 4.5,2026-03-23 03:14:45.145178+00:00
2018-07-01,6289.084,436.198,2521.403,1929.594,1015.572,822.515,10486.421,1667.7806076464,5776.519,1210.35304071,31.57,66.6340428464,120.842,19.64424034,1328.476,100.010481468,72.138,1.9641461299999998,2447.639,155.296983552,,,statistical_bulletin_2026_01.xlsx,2026-01-01,Azerbaijan,AZE,CBAR statistical bulletin table 4.5,2026-03-23 03:14:45.145178+00:00
2018-08-01,6339.048,475.584,2504.829,1950.584,1047.747,835.888,9928.558,1547.476027862,5317.284,1068.21355491,31.341,75.3457526761,119.707,19.718188,1277.191,95.5628090277,66.509,1.77566331,2294.937,157.3279477582,,,statistical_bulletin_2026_01.xlsx,2026-01-01,Azerbaijan,AZE,CBAR statistical bulletin table 4.5,2026-03-23 03:14:45.145178+00:00
2018-09-01,6476.059,513.478,2547.245,2010.788,1134.856,783.17,9636.375,1439.5456659202,5387.001,1034.52323421,23.088,68.71380657,124.367,12.043042,1226.525,89.5476149361,79.771,1.96869041,2090.895,137.7111333841,,,statistical_bulletin_2026_01.xlsx,2026-01-01,Azerbaijan,AZE,CBAR statistical bulletin table 4.5,2026-03-23 03:14:45.145178+00:00
2018-10-01,6562.848,529.744,2545.381,2050.386,1163.926,803.155,10895.864,1622.9343211574,5839.303,1136.44129569,23.876,74.5464844393,146.403,20.608124,1501.7,109.6390294368,122.828,3.14762211,2408.535,173.7050166813,,,statistical_bulletin_2026_01.xlsx,2026-01-01,Azerbaijan,AZE,CBAR statistical bulletin table 4.5,2026-03-23 03:14:45.145178+00:00
2018-11-01,6618.485,548.024,2531.792,2059.632,1192.168,834.893,10605.295,1593.7609340535,5658.113,1122.95866475,22.434,64.2388004909,127.511,18.986373,1487.952,104.5811356621,102.186,2.5935636800000004,2311.712,182.0319087505,,,statistical_bulletin_2026_01.xlsx,2026-01-01,Azerbaijan,AZE,CBAR statistical bulletin table 4.5,2026-03-23 03:14:45.145178+00:00
2018-12-01,6656.943,665.56,2522.292,2058.293,1216.63,859.728,11815.462,1878.363749294,6611.193,1370.0117603,28.396,90.154917098,122.862,19.626808,1696.087,119.3024235272,117.138,3.10917796000001,2454.561,188.1481624188,,,statistical_bulletin_2026_01.xlsx,2026-01-01,Azerbaijan,AZE,CBAR statistical bulletin table 4.5,2026-03-23 03:14:45.145178+00:00
2019-01-01,6703.582,694.632,2520.389,2070.392,1240.224,872.577,10690.169,1472.3373272845,5108.061,992.89431,18.993,59.3497071125,24.289,7.080796,1849.011,107.4031759655,132.233,3.29563039000001,2671.916,196.0633062365,,,statistical_bulletin_2026_01.xlsx,2026-01-01,Azerbaijan,AZE,CBAR statistical bulletin table 4.5,2026-03-23 03:14:45.145178+00:00
2019-02-01,6788.175,726.395,2535.329,2102.455,1371.412,778.979,10886.927,1578.455758864,5601.739,1125.62595,20.469,61.6913625615,26.152,5.975832,1421.433,92.711489732,149.814,3.29654736000001,2885.953,205.1889319705,,,statistical_bulletin_2026_01.xlsx,2026-01-01,Azerbaijan,AZE,CBAR statistical bulletin table 4.5,2026-03-23 03:14:45.145178+00:00
2019-03-01,6791.635,770.559,2535.576,2094.567,1375.615,785.877,12511.672,1815.3165284638,6437.781,1304.374276,24.126,62.1703566578,27.29,6.837531,1744.18,112.552702351,186.112,4.26758848000002,3167.355,216.991636553,,,statistical_bulletin_2026_01.xlsx,2026-01-01,Azerbaijan,AZE,CBAR statistical bulletin table 4.5,2026-03-23 03:14:45.145178+00:00
2019-04-01,6940.904,876.437,2522.883,2111.278,1511.916,794.827,12606.822,1809.796664371,6067.405,1260.4296057,25.347,77.002975667,28.676,6.653144221,1805.908,106.052677299,229.213,4.644797990000019,3474.086,254.073752807,,,statistical_bulletin_2026_01.xlsx,2026-01-01,Azerbaijan,AZE,CBAR statistical bulletin table 4.5,2026-03-23 03:14:45.145178+00:00
2019-05-01,7192.756,952.191,2587.292,2126.995,1671.981,806.488,12696.095,2051.6024144908,5988.515,1448.333518,46.624,106.881664096,30.881,6.831891,1903.506,100.209486091,264.48,5.41363937000002,3515.331,280.0725182292,,,statistical_bulletin_2026_01.xlsx,2026-01-01,Azerbaijan,AZE,CBAR statistical bulletin table 4.5,2026-03-23 03:14:45.145178+00:00
2019-06-01,7240.109,998.368,2604.338,2160.221,1678.077,797.473,12281.236,1735.7722432262,5632.054,1200.969877,23.476,67.498395744,30.914,6.940267,1955.068,95.5082266302,285.577,5.78812571999999,3525.061,261.0923162396,,,statistical_bulletin_2026_01.xlsx,2026-01-01,Azerbaijan,AZE,CBAR statistical bulletin table 4.5,2026-03-23 03:14:45.145178+00:00
2019-07-01,7380.807,1061.298,2654.297,2168.254,1779.162,779.094,14987.908,2248.3004251868,6969.738,1573.449081,23.438,84.0648943428,35.688,8.661074264,2348.546,114.1880004636,381.944,7.89243155999992,4201.562,317.5136964008,,,statistical_bulletin_2026_01.xlsx,2026-01-01,Azerbaijan,AZE,CBAR statistical bulletin table 4.5,2026-03-23 03:14:45.145178+00:00
2019-08-01,7460.338,1112.83,2692.978,2192.085,1804.575,770.7,13803.279,1950.3090841033,6125.661,1302.535686,23.817,79.0064715919,36.69,8.3929128535,2137.686,105.8260355733,386.187,7.75790096999994,3988.01,289.8525073098,,,statistical_bulletin_2026_01.xlsx,2026-01-01,Azerbaijan,AZE,CBAR statistical bulletin table 4.5,2026-03-23 03:14:45.145178+00:00
2019-09-01,7526.994,1224.498,2653.966,2234.956,1874.72,763.352,14245.242,1954.3256379855,6404.831,1335.908518,22.853,78.0456503155,38.565,7.81195732,2229.948,105.5293528448,457.375,9.1779652199999,4013.981,288.9551663168,,,statistical_bulletin_2026_01.xlsx,2026-01-01,Azerbaijan,AZE,CBAR statistical bulletin table 4.5,2026-03-23 03:14:45.145178+00:00
2019-10-01,7400.942,1291.617,2383.067,2299.272,1961.052,757.551,15460.852,2216.5562001795,6886.206,1516.52564,26.852,103.3082352601,43.351,8.1774706,2432.203,114.3563893452,554.156,10.9117558999999,4331.389,335.95567577,,,statistical_bulletin_2026_01.xlsx,2026-01-01,Azerbaijan,AZE,CBAR statistical bulletin table 4.5,2026-03-23 03:14:45.145178+00:00
2019-11-01,7474.991,1351.797,2408.802,2329.643,1985.06,751.486,14984.116,2150.9988405,6408.586,1485.679549,24.544,85.59726847,43.173,8.391371,2432.971,116.68734487,595.439,12.837712629999901,4323.717,321.50474354,,,statistical_bulletin_2026_01.xlsx,2026-01-01,Azerbaijan,AZE,CBAR statistical bulletin table 4.5,2026-03-23 03:14:45.145178+00:00
2019-12-01,7544.759,1501.095,2383.087,2339.148,2025.051,797.473,18570.471,2824.27429101,8483.387,2023.024898,33.383,132.91968531,53.906,10.058679,3144.458,165.15754142,716.977,15.8350147199998,4952.611,366.90617607,,,statistical_bulletin_2026_01.xlsx,2026-01-01,Azerbaijan,AZE,CBAR statistical bulletin table 4.5,2026-03-23 03:14:45.145178+00:00
2020-01-01,8008.986,1668.138,2707.355,2384.155,2088.357,829.119,15619.623,1931.87815275,5978.192,1279.810073,19.194,67.6330971,57.376,9.709352,3037.822,134.40345372,848.662,19.775222699999897,4665.814,297.40421937,,,statistical_bulletin_2026_01.xlsx,2026-01-01,Azerbaijan,AZE,CBAR statistical bulletin table 4.5,2026-03-23 03:14:45.145178+00:00
2020-02-01,8140.688,1789.765,2722.533,2370.936,2156.74,890.479,16146.292,2271.3782596,6748.111,1628.601164,26.93,75.46346556,25.558,6.467998,2980.531,125.50047646,960.299,19.360981289999998,4656.522,318.97367985,,,statistical_bulletin_2026_01.xlsx,2026-01-01,Azerbaijan,AZE,CBAR statistical bulletin table 4.5,2026-03-23 03:14:45.145178+00:00
2020-03-01,8166.602,1842.503,2754.479,2357.388,2124.83,929.905,18662.041,2711.91169415,7919.43,1956.791457,33.228,125.96862036,25.765,7.492713,3598.908,179.4307863,1011.36,25.018902030000103,5285.121,340.5887999,,,statistical_bulletin_2026_01.xlsx,2026-01-01,Azerbaijan,AZE,CBAR statistical bulletin table 4.5,2026-03-23 03:14:45.145178+00:00
2020-04-01,8336.907,1888.956,3023.627,2355.612,2080.259,877.409,15749.464,1955.10393188,5769.976,1381.773831,15.415,59.86193802,24.906,4.906017,3393.798,164.7427843,977.995,22.08130607,5186.051,280.18762992,,,statistical_bulletin_2026_01.xlsx,2026-01-01,Azerbaijan,AZE,CBAR statistical bulletin table 4.5,2026-03-23 03:14:45.145178+00:00
2020-05-01,8787.241,2101.358,3429.92,2347.87,2097.329,912.122,18294.423,2357.903855,7492.403,1742.426367,19.838,59.844198,26.287,5.512173,3687.491,175.674831,1060.464,23.615728,5503.012,301.888053,,,statistical_bulletin_2026_01.xlsx,2026-01-01,Azerbaijan,AZE,CBAR statistical bulletin table 4.5,2026-03-23 03:14:45.145178+00:00
2020-06-01,8986.995,2347.731,3505.243,2414.12,2118.942,948.69,18682.89,2349.564079,6761.16,1631.484177,24.092,124.843953,26.486,5.927899,4166.013,173.955605,1439.032,32.801514,5940.651,341.136263,1.844,0.062873,statistical_bulletin_2026_01.xlsx,2026-01-01,Azerbaijan,AZE,CBAR statistical bulletin table 4.5,2026-03-23 03:14:45.145178+00:00
2020-07-01,9119.654,2453.948,3500.522,2444.671,2189.097,985.364,19400.391,2723.237865,7256.171,1804.596972,27.045,317.163518,21.482,4.583934,3872.648,142.585373,1532.482,31.323922,6134.4,350.503223,6.322,0.183154,statistical_bulletin_2026_01.xlsx,2026-01-01,Azerbaijan,AZE,CBAR statistical bulletin table 4.5,2026-03-23 03:14:45.145178+00:00
2020-08-01,9097.322,2752.077,3379.213,2459.595,2240.541,1017.973,20774.988,2531.401621,7319.102,1679.834682,22.988,163.384694,22.595,4.804712,4464.169,179.347513,1836.846,39.15215045,6479.763,373.16409,7.129,0.178096,statistical_bulletin_2026_01.xlsx,2026-01-01,Azerbaijan,AZE,CBAR statistical bulletin table 4.5,2026-03-23 03:14:45.145178+00:00
2020-09-01,9305.946,3011.799,3408.038,2502.543,2338.209,1057.156,20674.4,2478.540272,6990.16,1642.29602,20.739,112.876581,21.704,4.421027,4722.664,206.765447,1992.475,48.576447,6392.718,377.497148,7.61,0.22121,statistical_bulletin_2026_01.xlsx,2026-01-01,Azerbaijan,AZE,CBAR statistical bulletin table 4.5,2026-03-23 03:14:45.145178+00:00
2020-10-01,9452.678,3215.243,3423.878,2502.745,2459.605,1066.45,19203.418,2417.725679,6972.636,1678.585918,20.967,88.705933,18.881,3.804745,4288.121,200.706654,2020.139,58.659925,5857.837,341.360119,6.155,0.148062,statistical_bulletin_2026_01.xlsx,2026-01-01,Azerbaijan,AZE,CBAR statistical bulletin table 4.5,2026-03-23 03:14:45.145178+00:00
2020-11-01,9475.975,3445.024,3424.813,2519.242,2459.035,1072.885,20540.238,2513.784894,6975.174,1692.22912,19.385,102.336068,20.168,3.877158,4618.847,226.136775,2168.023,70.9135455,6299.872,361.307398,5.859,0.200426,statistical_bulletin_2026_01.xlsx,2026-01-01,Azerbaijan,AZE,CBAR statistical bulletin table 4.5,2026-03-23 03:14:45.145178+00:00
2020-12-01,9571.164,3680.728,3443.314,2525.037,2510.019,1092.794,24090.591,3204.97114203,8298.258,2166.743421,29.955,180.90854581,25.042,4.863751,5503.726,268.2239736,2830.194,101.45641621,7469.447,455.16136041,8.095,0.191718,statistical_bulletin_2026_01.xlsx,2026-01-01,Azerbaijan,AZE,CBAR statistical bulletin table 4.5,2026-03-23 03:14:45.145178+00:00
2021-01-01,9760.617,4014.797,3434.628,2581.502,2639.696,1104.791,21043.649,2273.156915746,6038.473,1468.103601,18.362,75.19301469,26.222,4.97789654,5429.806,221.37275726,2963.048,94.59622302,6728.385,380.40862532,6.987,0.152508,statistical_bulletin_2026_01.xlsx,2026-01-01,Azerbaijan,AZE,CBAR statistical bulletin table 4.5,2026-03-23 03:14:45.145178+00:00
2021-02-01,9930.355,4257.559,3450.186,2586.079,2773.569,1120.521,22831.756,2631.27252944,7467.045,1793.239771,22.669,72.8514945,25.831,5.12443,5889.829,250.38865821,3342.258,111.30218594,6872.764,394.68785549,10.091,0.238403,statistical_bulletin_2026_01.xlsx,2026-01-01,Azerbaijan,AZE,CBAR statistical bulletin table 4.5,2026-03-23 03:14:45.145178+00:00
2021-03-01,10126.07,4595.457,3458.465,2625.65,2896.856,1145.099,28053.137,3172.26608246,9118.865,2139.836517,24.223,73.02527852,21.568,3.077218,7685.199,342.17187174,4454.426,153.2704754,8181.88,473.91183638,15.147,0.348898,statistical_bulletin_2026_01.xlsx,2026-01-01,Azerbaijan,AZE,CBAR statistical bulletin table 4.5,2026-03-23 03:14:45.145178+00:00
2021-04-01,10265.402,4934.009,3513.88,2634.371,2953.529,1163.622,25415.357,2768.72162104,7590.161,1780.298569,21.91,95.07024924,8.246,2.04278,7445.066,311.76677044,4575.16,151.690372939996,7388.6,454.14717686,18.949,0.526051,statistical_bulletin_2026_01.xlsx,2026-01-01,Azerbaijan,AZE,CBAR statistical bulletin table 4.5,2026-03-23 03:14:45.145178+00:00
2021-05-01,10347.49,5130.467,3502.891,2624.787,3038.63,1181.182,26599.778,2876.60132008,8108.455,1897.116818,21.471,76.1254034,8.184,1.960385,7597.204,313.40117252,4940.789,199.47280407,7968.091,464.6681238,18.746,0.489964,statistical_bulletin_2026_01.xlsx,2026-01-01,Azerbaijan,AZE,CBAR statistical bulletin table 4.5,2026-03-23 03:14:45.145178+00:00
2021-06-01,10440.736,5412.215,3468.84,2622.656,3146.082,1203.158,28051.303,2954.67828652,8147.868,1877.72507,22.531,83.27162327,7.87,2.001175,8681.301,327.89380338,5934.553,227.11646306,8137.413,524.20881325,16.241,0.498156,statistical_bulletin_2026_01.xlsx,2026-01-01,Azerbaijan,AZE,CBAR statistical bulletin table 4.5,2026-03-23 03:14:45.145178+00:00
2021-07-01,10539.574,5680.677,3409.366,2632.074,3253.712,1244.422,29234.281,3277.5770970902,8595.232,2117.0872268,26.493,95.3591124,7.469,1.86396556,8991.912,341.3678977102,6213.478,242.87425146,8559.019,567.3459685498,18.034,0.577127,statistical_bulletin_2026_01.xlsx,2026-01-01,Azerbaijan,AZE,CBAR statistical bulletin table 4.5,2026-03-23 03:14:45.145178+00:00
2021-08-01,10664.52,5956.46,3401.899,2627.937,3360.079,1274.605,29925.391,3097.7304719357,8112.017,1885.514423,24.614,94.08284586,7.225,1.664006,9449.604,334.7088125522,6608.975,215.35178406,8863.788,595.3290967735,19.568,0.512232,statistical_bulletin_2026_01.xlsx,2026-01-01,Azerbaijan,AZE,CBAR statistical bulletin table 4.5,2026-03-23 03:14:45.145178+00:00
2021-09-01,10841.662,6313.541,3395.656,2638.748,3504.033,1303.225,31833.942,3339.9213361853,8233.521,1921.89297166,25.558,102.95712875,5.957,1.4525277,9539.87,331.9165868624,6806.988,218.260496704711,10301.966,802.08649098,26.095,0.719809,statistical_bulletin_2026_01.xlsx,2026-01-01,Azerbaijan,AZE,CBAR statistical bulletin table 4.5,2026-03-23 03:14:45.145178+00:00
2021-10-01,11092.96,6764.752,3459.894,2663.843,3638.421,1330.802,33414.995,3430.0212675,8431.878,1970.00581287,25.111,103.97690391,5.235,1.27808176,10221.951,349.01427107,7573.152,220.59133738999998,10718.929,826.39384104,29.445,0.92698,statistical_bulletin_2026_01.xlsx,2026-01-01,Azerbaijan,AZE,CBAR statistical bulletin table 4.5,2026-03-23 03:14:45.145178+00:00
2021-11-01,11291.628,7078.547,3513.738,2708.504,3697.197,1372.189,38216.687,3774.19578788,9213.04,2126.04356991,25.289,107.16197434,5.437,1.28707217,11722.448,381.2590861,8915.473,266.53639382,12434.042,939.84661016,33.819,1.052669,statistical_bulletin_2026_01.xlsx,2026-01-01,Azerbaijan,AZE,CBAR statistical bulletin table 4.5,2026-03-23 03:14:45.145178+00:00
2021-12-01,11480.316,7480.931,3469.159,2627.369,3974.317,1409.471,42180.107,4376.81083273,10779.582,2533.73169691,32.833,132.05014028,7.268,1.80859671,12488.913,426.02968559,9492.537,308.20065402999995,13940.346,1078.21292784,34.338,1.061928,statistical_bulletin_2026_01.xlsx,2026-01-01,Azerbaijan,AZE,CBAR statistical bulletin table 4.5,2026-03-23 03:14:45.145178+00:00
2022-01-01,11682.848,7772.369,3463.776,2613.392,4165.557,1440.123,38349.377,3488.03124331,8504.178,1899.075596,20.168,95.3599615,5.462,1.3356915,12365.101,384.29648859,9810.845,288.0617203,13043.338,921.45927859,27.875,1.114931,statistical_bulletin_2026_01.xlsx,2026-01-01,Azerbaijan,AZE,CBAR statistical bulletin table 4.5,2026-03-23 03:14:45.145178+00:00
2022-02-01,11940.006,8002.068,3520.31,2635.551,4322.671,1461.474,39729.972,3847.38703485,9364.777,2200.35073083,25.34,93.10026139,3.436,0.86426585,12347.332,361.15475957,10178.638,287.31922586,13981.749,1029.3875709,31.303,1.18715,statistical_bulletin_2026_01.xlsx,2026-01-01,Azerbaijan,AZE,CBAR statistical bulletin table 4.5,2026-03-23 03:14:45.145178+00:00
2022-03-01,12178.953,8289.896,3570.149,2646.784,4453.118,1508.902,47789.195,4465.16994995,10799.087,2464.59678032,29.813,114.35463007,6.998,1.7452754,13565.434,443.01989439,12412.121,359.64130384,18935.585,1255.6446458,30.787,1.158344,statistical_bulletin_2026_01.xlsx,2026-01-01,Azerbaijan,AZE,CBAR statistical bulletin table 4.5,2026-03-23 03:14:45.145178+00:00
2022-04-01,12310.733,8474.124,3558.507,2672.522,4547.201,1532.503,45483.639,4240.96568663,9805.94,2273.08919791,32.104,127.39126669,3.489,0.86773404,13004.019,387.02639917,11971.076,318.89720436,18301.97,1286.86953608,37.438,1.397981,statistical_bulletin_2026_01.xlsx,2026-01-01,Azerbaijan,AZE,CBAR statistical bulletin table 4.5,2026-03-23 03:14:45.145178+00:00
2022-05-01,12430.845,8604.91,3500.919,2673.093,4702.209,1554.624,50481.47,4595.41196222,10831.366,2444.49233222,28.701,118.11384376,3.046,0.9653403,14620.932,435.66796421,13540.487,375.33324082999997,20107.529,1389.01016374,42.096,1.92757658,statistical_bulletin_2026_01.xlsx,2026-01-01,Azerbaijan,AZE,CBAR statistical bulletin table 4.5,2026-03-23 03:14:45.145178+00:00
2022-06-01,12659.495,8787.461,3495.554,2694.768,4869.765,1599.408,53123.345,5061.46378812,10825.844,2676.77355534,33.339,137.69376105,2.893,1.08100145,16542.581,484.36786001,15404.893,405.27243092000003,21010.518,1542.52541906,42.291,2.32064351,statistical_bulletin_2026_01.xlsx,2026-01-01,Azerbaijan,AZE,CBAR statistical bulletin table 4.5,2026-03-23 03:14:45.145178+00:00
2022-07-01,12843.772,9023.74,3501.08,2717.81,4976.572,1648.31,52376.264,5143.39015769,10570.517,2726.49768401,33.234,133.51778625,2.643,0.96894567,15936.786,467.28128797,14778.231,393.00190177999997,21461.797,1583.31870005,46.936,2.913028,statistical_bulletin_2026_01.xlsx,2026-01-01,Azerbaijan,AZE,CBAR statistical bulletin table 4.5,2026-03-23 03:14:45.145178+00:00
2022-08-01,13035.458,9219.369,3513.876,2737.744,5088.642,1695.196,57772.568,5276.81311156,10885.263,2605.14152706,34.65,147.72998067,2.518,0.87707595,18580.158,524.39802821,17385.598,445.900498,23742.601,1727.33854921,60.33,3.25090343,statistical_bulletin_2026_01.xlsx,2026-01-01,Azerbaijan,AZE,CBAR statistical bulletin table 4.5,2026-03-23 03:14:45.145178+00:00
2022-09-01,13194.261,9420.126,3513.92,2738.358,5214.563,1727.42,58403.914,5189.96116913,10672.234,2543.36627599,33.415,149.33067858,2.478,0.85759347,18740.532,507.61121229,17568.49,433.39474094,24512.513,1753.67819559,59.853,3.370375,statistical_bulletin_2026_01.xlsx,2026-01-01,Azerbaijan,AZE,CBAR statistical bulletin table 4.5,2026-03-23 03:14:45.145178+00:00
2022-10-01,13402.008,9578.704,3520.066,2750.692,5368.654,1762.596,62361.794,5480.38461035,11623.864,2768.31179171,31.808,141.19458964,2.678,0.86873121,19594.442,549.6245929,18539.998,478.08319075,26201.515,1773.33540373,63.329,3.246411,statistical_bulletin_2026_01.xlsx,2026-01-01,Azerbaijan,AZE,CBAR statistical bulletin table 4.5,2026-03-23 03:14:45.145178+00:00
2022-11-01,13477.63,9711.117,3542.61,2759.116,5378.112,1797.792,65867.609,5627.16693124,11472.339,2680.50074076,28.901,140.71640782,2.569,0.9370877,21143.067,613.59077586,20123.715,543.11152537,27816.97,1923.54297917,60.502,3.181623,statistical_bulletin_2026_01.xlsx,2026-01-01,Azerbaijan,AZE,CBAR statistical bulletin table 4.5,2026-03-23 03:14:45.145178+00:00
2022-12-01,13630.909,9833.472,3547.485,2758.731,5501.536,1823.157,72834.16,6610.687791881,13172.27,3222.90804575,35.549,164.71225621,2.272,0.89793288,22696.779,650.4074587,21529.631,567.86168275,31887.034,2329.53604421,68.081,3.874108,statistical_bulletin_2026_01.xlsx,2026-01-01,Azerbaijan,AZE,CBAR statistical bulletin table 4.5,2026-03-23 03:14:45.145178+00:00
2023-01-01,13858.509,10017.991,3572.653,2759.056,5672.56,1854.24,70725.983,5336.05481556,10700.951,2304.4477488,24.653,115.91586655,1.828,0.56935888,24187.167,627.33697178,23035.548,561.3055423999999,30759.905,2032.4047236,65.273,4.253694,statistical_bulletin_2026_01.xlsx,2026-01-01,Azerbaijan,AZE,CBAR statistical bulletin table 4.5,2026-03-23 03:14:45.145178+00:00
2023-02-01,14017.331,10169.924,3593.723,2750.389,5791.751,1881.468,72865.319,6067.97718997,11836.324,2824.92324721,28.5,133.55106513,1.838,0.70753278,24048.554,621.85142463,23045.252,556.3688652000001,32577.199,2269.86782468,71.742,4.042423,statistical_bulletin_2026_01.xlsx,2026-01-01,Azerbaijan,AZE,CBAR statistical bulletin table 4.5,2026-03-23 03:14:45.145178+00:00
2023-03-01,14246.166,10378.653,3605.547,2762.211,5962.071,1916.337,86182.893,7004.24270738,13611.455,3141.08332943,30.572,142.91627614,2.051,0.70455634,29379.655,769.45546831,28169.849,692.2152152799999,38307.734,2683.47622374,71.289,4.161091,statistical_bulletin_2026_01.xlsx,2026-01-01,Azerbaijan,AZE,CBAR statistical bulletin table 4.5,2026-03-23 03:14:45.145178+00:00
2023-04-01,14464.738,10576.539,3605.867,2777.579,6132.133,1949.159,81237.054,6327.79611529,12203.559,2771.6028225,29.554,136.13334502,1.88,0.64153636,27281.641,664.26916409,26174.179,599.2786,37363.776,2535.34316036,69.394,4.02509,statistical_bulletin_2026_01.xlsx,2026-01-01,Azerbaijan,AZE,CBAR statistical bulletin table 4.5,2026-03-23 03:14:45.145178+00:00
2023-05-01,14741.391,10829.386,3618.652,2783.229,6360.656,1978.854,99818.141,7552.0955055,14415.895,3200.86318019,30.688,158.30572883,2.094,0.75277568,34652.444,826.47456999,33350.906,742.6604543,45485.932,3096.69803239,99.704,5.993534,statistical_bulletin_2026_01.xlsx,2026-01-01,Azerbaijan,AZE,CBAR statistical bulletin table 4.5,2026-03-23 03:14:45.145178+00:00
2023-06-01,15040.03,11129.734,3630.051,2801.434,6588.37,2020.175,89105.342,6992.09701894,12585.849,2987.30524736,27.609,148.21523624,1.683,0.66541885,31783.24,751.06084162,30576.086,676.79452354,40083.05,2867.16715459,78.228,5.745975,statistical_bulletin_2026_01.xlsx,2026-01-01,Azerbaijan,AZE,CBAR statistical bulletin table 4.5,2026-03-23 03:14:45.145178+00:00
2023-07-01,15346.348,11401.555,3646.517,2828.25,6819.233,2052.348,111949.804,8461.28502109,14850.141,3428.18718371,29.515,160.50809709,2.015,0.86727453,40882.317,964.67460058,39425.398,881.203778,50416.103,3583.175675,105.421,7.388,statistical_bulletin_2026_01.xlsx,2026-01-01,Azerbaijan,AZE,CBAR statistical bulletin table 4.5,2026-03-23 03:14:45.145178+00:00
2023-08-01,15669.379,11689.138,3660.544,2802.497,7149.044,2057.294,109838.957,8098.3709205,13505.132,3095.46940564,30.482,160.10911532,1.642,0.72827806,40868.186,905.41185552,39596.882,842.667763,49689.333,3595.85264663,104.716,7.09287,statistical_bulletin_2026_01.xlsx,2026-01-01,Azerbaijan,AZE,CBAR statistical bulletin table 4.5,2026-03-23 03:14:45.145178+00:00
2023-09-01,15938.96,11967.247,3593.999,2829.849,7377.133,2138.0,106993.687,7815.04367959,13205.649,3020.1305229,28.878,146.96564,1.346,0.48639141,37830.488,828.86119266,36664.49,772.839,50672.94,3551.95832,93.8,6.45242,statistical_bulletin_2026_01.xlsx,2026-01-01,Azerbaijan,AZE,CBAR statistical bulletin table 4.5,2026-03-23 03:14:45.145178+00:00
2023-10-01,16209.588,12290.865,3626.312,2822.225,7609.084,2151.967,120754.426,8829.70857416,15242.12,3383.82772638,28.115,154.02448326,1.906,0.74716371,40978.032,901.9870499,39650.984,836.098536,59178.62,4106.5593922,110.499,7.668123,statistical_bulletin_2026_01.xlsx,2026-01-01,Azerbaijan,AZE,CBAR statistical bulletin table 4.5,2026-03-23 03:14:45.145178+00:00
2023-11-01,16565.032,12657.372,3640.664,2866.137,7879.59,2178.641,121365.327,8735.46132156,14169.787,3197.28213024,27.718,223.15175964,1.654,0.90041829,41646.949,938.89967837,39953.695,861.668725,59343.135,4047.081716,115.982,7.944254,statistical_bulletin_2026_01.xlsx,2026-01-01,Azerbaijan,AZE,CBAR statistical bulletin table 4.5,2026-03-23 03:14:45.145178+00:00
2023-12-01,16925.157,12955.139,3655.092,2880.883,8173.498,2215.684,134246.057,10119.95295646,15974.851,3847.54101338,33.089,206.80871806,2.274,1.24169502,43019.304,986.83675049,41440.684,911.863117,69565.247,4801.24136822,106.737,8.50077,statistical_bulletin_2026_01.xlsx,2026-01-01,Azerbaijan,AZE,CBAR statistical bulletin table 4.5,2026-03-23 03:14:45.145178+00:00
2024-01-01,17240.879,13216.007,3659.137,2898.029,8446.072,2237.641,128022.596,8251.62878822,13106.066,2808.14791438,23.424,138.8924058,1.317,0.62872015,43106.97,929.59673467,41571.517,869.757419,66298.295,4094.49496325,92.015,7.203448,statistical_bulletin_2026_01.xlsx,2026-01-01,Azerbaijan,AZE,CBAR statistical bulletin table 4.5,2026-03-23 03:14:45.145178+00:00
2024-02-01,17342.637,13509.178,3471.249,2900.346,8708.895,2262.147,130233.926,9247.78971328,14055.991,3367.66686884,28.0,172.01761349,1.196,0.55355178,43229.31,897.10463142,41698.355,838.904215,67945.844,4561.54836678,100.953,8.451269,statistical_bulletin_2026_01.xlsx,2026-01-01,Azerbaijan,AZE,CBAR statistical bulletin table 4.5,2026-03-23 03:14:45.145178+00:00
2024-03-01,17421.128,13716.292,3442.615,2736.123,8964.596,2277.794,135880.701,9551.35843191,14553.489,3422.10577804,26.674,148.67584892,1.294,0.81360545,44386.892,951.82234559,42838.801,891.199088,71448.247,4736.85563982,88.06,7.884504,statistical_bulletin_2026_01.xlsx,2026-01-01,Azerbaijan,AZE,CBAR statistical bulletin table 4.5,2026-03-23 03:14:45.145178+00:00
2024-04-01,17675.795,13981.452,3448.959,2741.027,9195.95,2289.859,151007.558,10019.40798656,15344.819,3435.28918924,29.478,177.1210363,1.601,1.05659181,51012.83,989.7721045,49001.621,923.336787,79270.0,5148.53078267,112.578,8.273825,statistical_bulletin_2026_01.xlsx,2026-01-01,Azerbaijan,AZE,CBAR statistical bulletin table 4.5,2026-03-23 03:14:45.145178+00:00
2024-05-01,17866.957,14176.853,3428.838,2722.927,9433.114,2282.078,155719.475,10215.77069545,15356.949,3505.03723054,30.321,188.95713867,1.337,0.7028119,53092.252,1003.34409433,51291.69,948.430009,81847.393,5245.6337196,115.576,9.06916,statistical_bulletin_2026_01.xlsx,2026-01-01,Azerbaijan,AZE,CBAR statistical bulletin table 4.5,2026-03-23 03:14:45.145178+00:00
2024-06-01,18091.272,14392.707,3439.727,2764.828,9611.652,2275.065,147665.947,9824.20488585,14140.336,3331.86976621,26.328,160.18342071,1.212,0.66294832,50481.726,972.47908741,48494.623,908.93253871,78485.039,5122.44592344,90.409,7.186028,statistical_bulletin_2026_01.xlsx,2026-01-01,Azerbaijan,AZE,CBAR statistical bulletin table 4.5,2026-03-23 03:14:45.145178+00:00
2024-07-01,18340.32,14651.0,3400.723,2786.124,9867.23,2286.243,172011.858,11681.44347286,15838.614,3880.82785332,32.574,204.41616278,1.339,0.85142436,59838.624,1168.31505284,57418.459,1093.373697,90756.777,6101.5401005,119.892,9.368511,statistical_bulletin_2026_01.xlsx,2026-01-01,Azerbaijan,AZE,CBAR statistical bulletin table 4.5,2026-03-23 03:14:45.145178+00:00
2024-08-01,18567.099,14860.614,3359.975,2791.775,10132.965,2282.384,162413.273,10718.77215036,14114.751,3401.09947214,31.615,190.03787984,1.336,0.82201747,55280.214,1068.93442858,53320.469,1004.658383,87703.995,5737.89182113,99.073,4.076031,statistical_bulletin_2026_01.xlsx,2026-01-01,Azerbaijan,AZE,CBAR statistical bulletin table 4.5,2026-03-23 03:14:45.145178+00:00
2024-09-01,18923.497,15189.303,3364.985,2834.307,10450.999,2273.206,170478.284,11143.5872,14898.162,3541.26980778,30.545,182.78390643,1.556,0.96844979,55556.523,1076.05324048,53489.215,1010.200718,94653.844,6069.4422925,102.178,7.654669,statistical_bulletin_2026_01.xlsx,2026-01-01,Azerbaijan,AZE,CBAR statistical bulletin table 4.5,2026-03-23 03:14:45.145178+00:00
2024-10-01,19161.752,15478.041,3334.807,2853.996,10746.138,2226.811,184330.92,11599.00733263,15366.647,3619.89137745,33.796,202.43911819,1.689,1.07254366,59770.948,1138.75104918,57697.005,1069.65,103172.379,6358.57277619,100.032,7.22126,statistical_bulletin_2026_01.xlsx,2026-01-01,Azerbaijan,AZE,CBAR statistical bulletin table 4.5,2026-03-23 03:14:45.145178+00:00
2024-11-01,19463.059,15755.0,3367.497,2869.543,10978.33,2247.689,165875.969,10783.63933298,13925.451,3359.07563159,30.95,184.87268922,1.392,0.86717111,49337.35,956.89012779,47936.254,910.636604,96213.301,5978.23593721,70.326,3.235036,statistical_bulletin_2026_01.xlsx,2026-01-01,Azerbaijan,AZE,CBAR statistical bulletin table 4.5,2026-03-23 03:14:45.145178+00:00
2024-12-01,19898.735,15999.099,3381.3,2896.977,11364.099,2256.359,195672.566,13159.37846216,16613.917,4157.19143058,37.939,230.41378299,4.577,1.20634597,56795.304,1120.89168903,55065.445,1065.434369,115571.43,7360.27767288,85.574,3.746,statistical_bulletin_2026_01.xlsx,2026-01-01,Azerbaijan,AZE,CBAR statistical bulletin table 4.5,2026-03-23 03:14:45.145178+00:00
2025-01-01,19965.329,16085.517,3371.287,2870.389,11479.432,2244.221,179722.316,10357.14830869,13620.43,2996.33812815,26.959,175.63061365,4.365,1.05018137,56928.126,1051.9914865,55295.289,1004.37368,102657.66,5845.49034848,74.251,3.12064,statistical_bulletin_2026_01.xlsx,2026-01-01,Azerbaijan,AZE,CBAR statistical bulletin table 4.5,2026-03-23 03:14:45.145178+00:00
2025-02-01,20238.744,16273.078,3381.092,2881.993,11711.584,2264.075,171143.084,10972.57706207,13660.538,3399.14395259,30.637,185.62060895,3.924,1.08333806,50592.296,918.16375483,49208.922,878.127197,100716.916,6209.9666565,73.636,3.290102,statistical_bulletin_2026_01.xlsx,2026-01-01,Azerbaijan,AZE,CBAR statistical bulletin table 4.5,2026-03-23 03:14:45.145178+00:00
2025-03-01,20459.91,16462.646,3387.683,2906.633,11887.47,2278.124,157271.306,10222.70923413,12502.633,3214.65592878,26.031,155.42589728,4.447,1.07233118,46497.288,890.31948224,45105.167,847.839458,91967.975,5667.78333259,54.349,2.487895,statistical_bulletin_2026_01.xlsx,2026-01-01,Azerbaijan,AZE,CBAR statistical bulletin table 4.5,2026-03-23 03:14:45.145178+00:00
2025-04-01,20674.66,16678.528,3395.748,2914.264,12076.369,2288.279,240333.204,14171.77837005,17974.099,4300.51236806,33.369,209.63593068,4.588,1.56049365,71980.512,1224.17261079,69938.4,1173.493324,141415.539,8070.56748923,96.169,4.457,statistical_bulletin_2026_01.xlsx,2026-01-01,Azerbaijan,AZE,CBAR statistical bulletin table 4.5,2026-03-23 03:14:45.145178+00:00
2025-05-01,20460.912,16899.0,3286.09,2910.804,12146.947,2117.071,208830.198,12471.53750804,15392.892,3823.46670431,29.466,191.93743133,2.881,1.52353276,62369.982,1015.99329949,60661.0,975.838,122150.961,7053.14253733,67.0,3.152,statistical_bulletin_2026_01.xlsx,2026-01-01,Azerbaijan,AZE,CBAR statistical bulletin table 4.5,2026-03-23 03:14:45.145178+00:00
2025-06-01,20641.941,17084.13,3300.463,2912.919,12310.061,2118.498,213016.042,12943.68524759,15585.496,3990.92074117,27.114,155.29306504,3.437,2.2786780699999998,64705.542,1060.73831486,62915.461,1019.898337,124095.891,7372.984691,56.156,2.693724,statistical_bulletin_2026_01.xlsx,2026-01-01,Azerbaijan,AZE,CBAR statistical bulletin table 4.5,2026-03-23 03:14:45.145178+00:00
2025-07-01,20913.332,17286.0,3311.446,2938.319,12540.725,2122.842,217419.036,13331.18461019,14894.848,4004.59811895,31.805,197.43915624,3.13,2.06321637,68785.218,1119.62450042,66907.561,1076.874,125974.418,7628.54756311,72.296,3.229,statistical_bulletin_2026_01.xlsx,2026-01-01,Azerbaijan,AZE,CBAR statistical bulletin table 4.5,2026-03-23 03:14:45.145178+00:00
2025-08-01,21129.038,17388.273,3309.778,2924.648,12782.056,2112.556,205000.375,12383.44603368,13756.203,3650.25258481,29.188,175.92260794,2.926,1.699877,62894.815,1015.15378345,61088.744,976.19788,121049.34,7153.08753833,55.831,2.5258165,statistical_bulletin_2026_01.xlsx,2026-01-01,Azerbaijan,AZE,CBAR statistical bulletin table 4.5,2026-03-23 03:14:45.145178+00:00
2025-09-01,21367.567,17566.523,3308.548,2920.933,13021.831,2116.255,227440.337,13352.40625663,15311.215,3918.80945708,27.284,167.40887173,3.179,1.10580013,67207.498,1086.2019751,64730.975,1037.843324,136883.921,7807.96618476,62.253,2.889003,statistical_bulletin_2026_01.xlsx,2026-01-01,Azerbaijan,AZE,CBAR statistical bulletin table 4.5,2026-03-23 03:14:45.145178+00:00
2025-10-01,21701.151,17815.496,3371.667,2959.504,13258.997,2110.983,229873.117,13283.47344745,15342.028,3938.59304051,26.946,163.69428623,3.222,1.12106761,67715.716,1044.81276211,65468.0,1005.0,137965.853,7776.22787324,62.066,2.84,statistical_bulletin_2026_01.xlsx,2026-01-01,Azerbaijan,AZE,CBAR statistical bulletin table 4.5,2026-03-23 03:14:45.145178+00:00
2025-11-01,21834.804,17930.858,3398.094,2935.432,13403.994,2097.284,209021.371,12044.8418735,13779.749,3612.50072087,23.114,141.81478304,2.554,0.73211574,62466.751,990.24009302,59250.576,917.944989,124759.029,6947.74132063,43.331,1.687426,statistical_bulletin_2026_01.xlsx,2026-01-01,Azerbaijan,AZE,CBAR statistical bulletin table 4.5,2026-03-23 03:14:45.145178+00:00
2025-12-01,21979.775,17992.172,3397.513,2869.761,13635.889,2076.612,256630.13,15278.16339817,16750.764,4603.01815305,30.233,202.47454465,2.167,0.76362349,78380.065,1260.48797036,74240.0,1158.479,152470.951,8833.26784938,62.97,2.036879,statistical_bulletin_2026_01.xlsx,2026-01-01,Azerbaijan,AZE,CBAR statistical bulletin table 4.5,2026-03-23 03:14:45.145178+00:00
2026-01-01,22155.918,18121.0,3407.755,2864.961,13809.45,2073.752,217713.127,11220.4492084,12373.945,3048.72768735,22.396,148.61185546,1.744,0.63602539,73106.943,1084.78739418,69434.628,998.468591,124531.183,6599.94074687,99.958,1.632883,statistical_bulletin_2026_01.xlsx,2026-01-01,Azerbaijan,AZE,CBAR statistical bulletin table 4.5,2026-03-23 03:14:45.145178+00:00
