period_date,period_type,source_file,bulletin_period,deposit_avg_rate_azn_pct,deposit_legal_rate_azn_pct,deposit_individual_rate_azn_pct,loan_avg_rate_azn_pct,loan_legal_rate_azn_pct,loan_individual_rate_azn_pct,deposit_avg_rate_fx_pct,deposit_legal_rate_fx_pct,deposit_individual_rate_fx_pct,loan_avg_rate_fx_pct,loan_legal_rate_fx_pct,loan_individual_rate_fx_pct,country_name,country_iso
2003-01-01,monthly,statistical_bulletin_2026_01.xlsx,2026-01-01,8.28,7.6,9.03,15.59,16.02,14.77,9.34,4.59,11.75,12.79,10.97,21.43,Azerbaijan,AZE
2004-01-01,monthly,statistical_bulletin_2026_01.xlsx,2026-01-01,6.5,5.66,9.31,14.91,15.04,14.63,10.08,5.84,11.11,18.43,17.05,22.24,Azerbaijan,AZE
2005-01-01,monthly,statistical_bulletin_2026_01.xlsx,2026-01-01,6.93,5.89,9.61,15.55,16.06,14.22,9.43,5.58,10.53,18.96,17.12,22.89,Azerbaijan,AZE
2005-02-01,monthly,statistical_bulletin_2026_01.xlsx,2026-01-01,7.37,6.29,9.32,16.03,16.32,15.25,10.02,6.47,10.43,18.96,17.39,22.6,Azerbaijan,AZE
2005-03-01,monthly,statistical_bulletin_2026_01.xlsx,2026-01-01,7.23,6.29,8.95,15.34,15.22,15.6,10.01,6.68,10.41,18.63,17.24,21.87,Azerbaijan,AZE
2005-04-01,monthly,statistical_bulletin_2026_01.xlsx,2026-01-01,6.9,6.09,8.88,15.69,15.53,16.17,9.93,6.72,10.35,18.65,17.22,21.86,Azerbaijan,AZE
2005-05-01,monthly,statistical_bulletin_2026_01.xlsx,2026-01-01,7.31,6.45,9.07,16.19,15.95,16.96,9.77,6.46,10.33,18.49,16.87,21.96,Azerbaijan,AZE
2005-06-01,monthly,statistical_bulletin_2026_01.xlsx,2026-01-01,7.54,6.53,9.59,15.74,15.17,17.27,9.8,6.47,10.31,18.43,16.81,21.75,Azerbaijan,AZE
2005-07-01,monthly,statistical_bulletin_2026_01.xlsx,2026-01-01,7.52,6.3,9.66,16.33,15.4,18.65,9.99,6.6,10.52,18.28,16.47,21.75,Azerbaijan,AZE
2005-08-01,monthly,statistical_bulletin_2026_01.xlsx,2026-01-01,8.03,6.54,10.11,15.97,14.88,18.5,10.91,6.66,11.01,18.24,16.56,21.56,Azerbaijan,AZE
2005-09-01,monthly,statistical_bulletin_2026_01.xlsx,2026-01-01,8.1,6.44,9.91,15.81,14.8,18.28,10.0,7.1,10.45,17.63,15.91,21.49,Azerbaijan,AZE
2005-10-01,monthly,statistical_bulletin_2026_01.xlsx,2026-01-01,8.061421933492893,6.56,10.19,15.660094178342705,14.960336743803863,17.55832537120523,10.220547650525372,7.46,10.62,17.5268407112422,15.82628791593832,21.223970574414952,Azerbaijan,AZE
2005-11-01,monthly,statistical_bulletin_2026_01.xlsx,2026-01-01,8.160956487688454,6.648033109297902,10.35720870121054,15.573715104518687,15.078683665722473,17.02503970405281,10.319637957820659,7.731448601835054,10.66439951871635,17.280614826569646,15.645114164613263,20.97911079057186,Azerbaijan,AZE
2005-12-01,monthly,statistical_bulletin_2026_01.xlsx,2026-01-01,8.414817839484371,7.05,10.422085563422144,15.624518162033617,14.782822943258052,18.005412112681796,10.178527504086118,6.770929147064026,10.753455432885044,17.438986705997205,15.744984857192614,21.186121510474702,Azerbaijan,AZE
2006-01-01,monthly,statistical_bulletin_2026_01.xlsx,2026-01-01,8.918581315234313,7.406485775261797,10.7,15.144352743166559,14.358888795352891,17.356171419984918,10.187015327247307,6.827348397187522,10.71,17.109675437909097,15.368755212792308,21.30554880278771,Azerbaijan,AZE
2006-02-01,monthly,statistical_bulletin_2026_01.xlsx,2026-01-01,8.851610944628595,7.213397291815142,10.74,15.540641253059201,14.583627497138178,18.219189184615253,10.371434055040151,6.794304214793157,10.88,17.473877674577377,15.856708429460477,20.898533558302848,Azerbaijan,AZE
2006-03-01,monthly,statistical_bulletin_2026_01.xlsx,2026-01-01,9.488048305274782,8.053456241525215,11.029584083069281,16.033045886478778,14.990661647203023,18.901516662972824,10.717757360098522,8.42410477559583,10.938439396149164,18.16152448296444,16.11741380650526,21.857088071315836,Azerbaijan,AZE
2006-04-01,monthly,statistical_bulletin_2026_01.xlsx,2026-01-01,10.506228710036384,8.892202466207143,11.810650391799564,15.74050820202392,14.753087078779707,18.465912303758866,10.992092862441837,8.647979791489973,11.18800192334688,17.923410596244537,15.881153750105765,21.739713816162308,Azerbaijan,AZE
2006-05-01,monthly,statistical_bulletin_2026_01.xlsx,2026-01-01,10.978901970427007,9.955959758179482,11.794225129843484,15.843438145856622,14.770511569533927,19.022665918719085,10.744750484707557,6.977727653226845,11.156915667641059,17.77529163601935,15.802690471919322,21.74172746739119,Azerbaijan,AZE
2006-06-01,monthly,statistical_bulletin_2026_01.xlsx,2026-01-01,10.89,9.5,11.88,15.83,14.52,19.24,10.84,7.41,11.2,17.53,15.47,21.64,Azerbaijan,AZE
2006-07-01,monthly,statistical_bulletin_2026_01.xlsx,2026-01-01,10.956563254378409,8.88416198704787,12.285445267172477,15.848713303456487,14.465544119024944,19.52979239733263,11.022342188044044,7.361853435058743,11.345418678018929,17.504595618916124,15.311010153917714,21.7308967413027,Azerbaijan,AZE
2006-08-01,monthly,statistical_bulletin_2026_01.xlsx,2026-01-01,10.857274328192288,8.611385177727067,12.121279826851636,16.045133774254037,14.74296659308003,19.594459491261173,11.148588439466153,7.740503263799892,11.429867077598477,17.457490939544698,15.329563799085761,21.693348245793015,Azerbaijan,AZE
2006-09-01,monthly,statistical_bulletin_2026_01.xlsx,2026-01-01,11.02721339764839,8.987792078930184,12.111721799915449,16.308161770610234,14.888638408100737,19.9525166062943,11.05920263199787,6.725873009416133,11.465307921816963,17.147342819669948,15.053588671866944,21.55685497155304,Azerbaijan,AZE
2006-10-01,monthly,statistical_bulletin_2026_01.xlsx,2026-01-01,10.7167799559739,8.566663850249306,11.96345598334665,16.247945830899106,14.762258523511882,19.918664445107115,11.470580449764423,7.225896526136463,11.821780452865452,17.154112452122174,15.022932249551328,21.671710246132637,Azerbaijan,AZE
2006-11-01,monthly,statistical_bulletin_2026_01.xlsx,2026-01-01,10.460332231923816,8.276632751326392,12.09140819408622,16.30729617772032,14.856727930431928,19.547893316205375,11.296443751155259,6.789622761841817,11.665148380184625,16.825046102604883,14.757189231621728,21.28914671904631,Azerbaijan,AZE
2006-12-01,monthly,statistical_bulletin_2026_01.xlsx,2026-01-01,10.468600119025336,8.216465846451461,12.075913805543339,16.31794494021854,14.747894136255614,19.584366387824222,11.340902771924531,6.742173563071452,11.695936618144469,16.984793797877586,14.872920886460719,21.401173283283384,Azerbaijan,AZE
2007-01-01,monthly,statistical_bulletin_2026_01.xlsx,2026-01-01,10.39,8.4,11.76,16.498405055180786,14.890413977526155,20.103582681719313,11.58,8.5,11.75,17.17299296589952,14.807701386018321,21.818686142101775,Azerbaijan,AZE
2007-02-01,monthly,statistical_bulletin_2026_01.xlsx,2026-01-01,10.41,8.53,11.81,16.232,14.91,19.03,11.51,7.66,11.75,16.63,14.56,21.07,Azerbaijan,AZE
2007-03-01,monthly,statistical_bulletin_2026_01.xlsx,2026-01-01,10.45,8.61,11.56,16.32,14.96,19.41,11.69,8.78,11.84,16.84,14.63,21.66,Azerbaijan,AZE
2007-04-01,monthly,statistical_bulletin_2026_01.xlsx,2026-01-01,10.59,8.94,11.66,15.279164069508514,13.55,19.11,12.2,7.22,12.46,16.36,14.04,21.84,Azerbaijan,AZE
2007-05-01,monthly,statistical_bulletin_2026_01.xlsx,2026-01-01,10.92,9.48,11.9,15.46,13.93,18.8,12.37,8.84,12.51,16.37,14.04,22.02,Azerbaijan,AZE
2007-06-01,monthly,statistical_bulletin_2026_01.xlsx,2026-01-01,10.84592396368704,9.656486823105425,11.799299005769463,15.460662861873637,13.95282793777667,18.520654600130104,12.59821815211086,9.135900642078797,12.74592786887335,16.25377445498679,13.966892862542288,21.923498459580696,Azerbaijan,AZE
2007-07-01,monthly,statistical_bulletin_2026_01.xlsx,2026-01-01,11.203611216884898,10.120993689600802,11.94022484865073,15.632173699763165,14.092365100433824,18.670767712327983,12.606299355439848,9.281687612029124,12.751509159271365,16.428767417776815,14.028285067020292,21.940274592463748,Azerbaijan,AZE
2007-08-01,monthly,statistical_bulletin_2026_01.xlsx,2026-01-01,11.307480867067005,10.119706105283349,12.2538635243053,16.846220519952738,15.571299039129764,19.019234533184164,12.667387373114769,9.62602223375782,12.805181752412615,16.767881715478808,14.402135313236462,21.503544108001712,Azerbaijan,AZE
2007-09-01,monthly,statistical_bulletin_2026_01.xlsx,2026-01-01,11.27501998174921,9.626583144808187,12.411341707463139,16.90552732036551,15.428389432473287,19.363010018644523,12.654806257782685,9.900475866762177,12.773002952251325,17.15743487192202,14.734094300103179,21.660173655985304,Azerbaijan,AZE
2007-10-01,monthly,statistical_bulletin_2026_01.xlsx,2026-01-01,11.002403128870975,9.275458498326222,12.38642901690001,17.059301922599047,15.327822139836409,19.980023719993753,12.688912433052959,9.474465458299866,12.821144945261286,17.153924406224622,14.636866746889474,21.77594552204892,Azerbaijan,AZE
2007-11-01,monthly,statistical_bulletin_2026_01.xlsx,2026-01-01,11.218828598850028,9.393691077552386,12.462181043936056,17.14788739472149,15.823324881623162,19.68483354217634,12.734229916902422,8.216801289930512,12.939537236138426,16.974514946360276,14.465433626042154,21.973006711588827,Azerbaijan,AZE
2007-12-01,monthly,statistical_bulletin_2026_01.xlsx,2026-01-01,11.587096953871432,9.967784953851442,12.507081055880906,17.45978710716925,15.79012461485672,20.297341454146896,12.3695433305074,7.704183261214935,12.645460785969638,16.676122147385954,14.150161630515905,21.61641520108263,Azerbaijan,AZE
2008-01-01,monthly,statistical_bulletin_2026_01.xlsx,2026-01-01,11.35565519022407,9.679257983431816,12.46616982155176,16.96929147852062,15.12633891885421,20.292233684010192,12.219044809934442,7.67657798339268,12.469371496756848,16.256982802903423,13.715939121794552,21.69727168150602,Azerbaijan,AZE
2008-02-01,monthly,statistical_bulletin_2026_01.xlsx,2026-01-01,11.392882123181254,9.874118219854633,12.33353833515657,17.490891702654732,15.786021916883252,20.44050551979027,12.14634212163414,7.551508273614022,12.497482621798552,16.16687315302716,13.779342336511304,21.222651679662473,Azerbaijan,AZE
2008-03-01,monthly,statistical_bulletin_2026_01.xlsx,2026-01-01,11.273999478090209,9.541080660116904,12.315452273240837,17.61890276448513,15.724328348987628,20.79233910760957,10.151489787302468,6.623370681047885,12.673578182570997,16.65347594839002,14.237156990575912,21.305534822520965,Azerbaijan,AZE
2008-04-01,monthly,statistical_bulletin_2026_01.xlsx,2026-01-01,11.510543630316047,9.985189134409994,12.47556650917624,17.711993321030384,15.847810282829984,20.84093711890246,9.83689080027469,5.583616179101249,12.582756939764328,17.86738554678167,16.2038633337294,21.06106591308031,Azerbaijan,AZE
2008-05-01,monthly,statistical_bulletin_2026_01.xlsx,2026-01-01,11.603299191621778,9.687601877560484,12.762375816747817,17.889375222893587,16.01048049209755,20.957275051418026,9.514503461100642,5.614700320422403,12.704516116070694,16.61161915465066,14.36543466057634,20.88672910706714,Azerbaijan,AZE
2008-06-01,monthly,statistical_bulletin_2026_01.xlsx,2026-01-01,11.690645823084221,9.8588106809798,12.82204200571012,17.935064714117512,15.864548329663773,21.049363127575205,9.796753479083039,5.687047873389176,12.939102792020952,14.069109331214882,11.512265869145445,20.614822049260397,Azerbaijan,AZE
2008-07-01,monthly,statistical_bulletin_2026_01.xlsx,2026-01-01,12.084130701936411,10.50324229235984,12.753043958128348,17.76191877453403,15.552954809268208,20.937368462686617,9.633883160832037,5.108550480728608,12.96577958062622,14.106512004063838,11.522156061526463,21.048598699870862,Azerbaijan,AZE
2008-08-01,monthly,statistical_bulletin_2026_01.xlsx,2026-01-01,11.967396631858911,10.07,12.71,18.21,15.95,21.38,9.52,5.19,12.93,14.1,11.71,21.38,Azerbaijan,AZE
2008-09-01,monthly,statistical_bulletin_2026_01.xlsx,2026-01-01,12.019499788979722,10.48542878065742,12.658594284981852,18.218587417169033,16.00336686477953,21.248820678408247,7.839573708525054,5.152284375804272,12.500065891453298,14.673969347252013,11.920213569523382,21.402859071259268,Azerbaijan,AZE
2008-10-01,monthly,statistical_bulletin_2026_01.xlsx,2026-01-01,12.311538100424931,10.925283269726412,12.872609194403255,18.24578702702007,16.1030722872146,21.21464020795542,7.966986757425702,5.128234963047501,12.533432001106886,14.69821305396143,11.978259819080314,21.500656709120733,Azerbaijan,AZE
2008-11-01,monthly,statistical_bulletin_2026_01.xlsx,2026-01-01,11.880130156462105,10.647577415967255,12.431974973315427,17.987652089875287,15.924630734453254,21.123742461305397,8.0695539192408,5.161166053669487,12.658972303437269,14.887112373845401,12.461115121886904,21.41105521337624,Azerbaijan,AZE
2008-12-01,monthly,statistical_bulletin_2026_01.xlsx,2026-01-01,11.87244843640082,10.360889947776561,12.639179325138763,18.07621126911986,15.880779409119015,21.348343825460457,7.907368904926845,5.174883592648923,12.71514843410855,14.318693793605547,11.934721516251168,21.342882294538125,Azerbaijan,AZE
2009-01-01,monthly,statistical_bulletin_2026_01.xlsx,2026-01-01,11.605823492323422,9.476226624971869,12.540531737560679,17.45431429121518,14.868187332058014,21.52886998069044,7.95835919203517,5.400815499824055,12.42737589511259,14.522487260765857,12.366145150652745,21.519509712669223,Azerbaijan,AZE
2009-02-01,monthly,statistical_bulletin_2026_01.xlsx,2026-01-01,11.573550866288937,9.487373440650433,12.383069613881007,18.746218966327877,16.435806353425015,22.032899036627057,8.197731500615953,5.519123955893261,12.363096754431648,16.930479180735283,15.525247172254872,21.692738641797693,Azerbaijan,AZE
2009-03-01,monthly,statistical_bulletin_2026_01.xlsx,2026-01-01,11.346441926756764,9.102348394033518,12.303831266157998,17.36686787695125,14.70252367966545,21.658659235360403,9.008834636810379,5.603181877033777,12.351351979184145,16.805104267287458,15.305685290632352,20.325900752077075,Azerbaijan,AZE
2009-04-01,monthly,statistical_bulletin_2026_01.xlsx,2026-01-01,11.456619095926984,9.185056655782136,12.411562493669667,17.422363398333648,14.80377530668254,21.646365056490474,11.282690038631689,6.775811982749163,12.617052484987603,18.511995620808754,16.60518853050735,22.262765427734863,Azerbaijan,AZE
2009-05-01,monthly,statistical_bulletin_2026_01.xlsx,2026-01-01,11.58728507674166,9.48995911127492,12.422181472736778,16.246109449910353,13.434450885015975,21.064596385876523,10.835784364443432,6.395161194747731,12.507419210368509,16.9831189227412,15.049534793495217,20.27367629481834,Azerbaijan,AZE
2009-06-01,monthly,statistical_bulletin_2026_01.xlsx,2026-01-01,11.278175761435543,8.669740583480374,12.424479594551778,17.1237151174149,14.784686873121705,21.15391833943045,10.558669095738395,6.0904765786835,12.312400207198134,18.7782546711044,16.536141887856346,23.17033993450042,Azerbaijan,AZE
2009-07-01,monthly,statistical_bulletin_2026_01.xlsx,2026-01-01,11.447808438893727,8.362121647592945,12.750665830845687,17.1166874126804,14.80156616841296,21.18640240704407,10.772275632790823,6.194563197630368,12.532787937305654,17.590529734428145,15.014922478265103,22.672918645058118,Azerbaijan,AZE
2009-08-01,monthly,statistical_bulletin_2026_01.xlsx,2026-01-01,11.2737738352271,8.255499665186926,12.525949162033642,15.335169811558794,12.741690278834879,20.828893136326254,9.382649390351828,4.8453775102855925,12.296578530814406,16.38999262302946,13.786681338539655,22.194524269189404,Azerbaijan,AZE
2009-09-01,monthly,statistical_bulletin_2026_01.xlsx,2026-01-01,11.610215496933973,8.405708405031454,12.919316585535949,14.859023296481148,12.484725772428783,20.67885966067358,9.555496467843259,4.937141860556503,12.4502440956194,15.484034415087605,12.705685923312313,21.760760867724894,Azerbaijan,AZE
2009-10-01,monthly,statistical_bulletin_2026_01.xlsx,2026-01-01,11.798945861116858,7.834134227972359,13.037804423806095,14.627108948242133,12.145588154385962,20.566761900845233,10.644111620393474,4.792225265899453,12.502775785907172,16.34907412251034,13.878704149077201,22.246313360511905,Azerbaijan,AZE
2009-11-01,monthly,statistical_bulletin_2026_01.xlsx,2026-01-01,11.90814342430798,7.0511474741301665,13.205636117207286,16.229813262683688,14.399256201955616,20.7294721948756,10.890232332606585,5.80980473579399,12.5884777156938,18.352515173544425,16.062222635255594,23.928779196304248,Azerbaijan,AZE
2009-12-01,monthly,statistical_bulletin_2026_01.xlsx,2026-01-01,11.662952694568434,6.746734798930824,12.940092829025316,14.649243154767603,12.276878861734627,20.41839099147171,10.797985330539023,5.864152607266311,12.409959689183946,16.708503036153505,14.009336170410792,23.23709330319156,Azerbaijan,AZE
2010-01-01,monthly,statistical_bulletin_2026_01.xlsx,2026-01-01,11.088899582560577,6.399453914353623,12.04656227075661,13.660643929492656,11.247447930289878,19.28123730055613,10.630501243704192,5.430801662808616,12.328501356674641,16.434329094164134,13.281870497051935,22.835411946898336,Azerbaijan,AZE
2011-01-01,monthly,statistical_bulletin_2026_01.xlsx,2026-01-01,10.649349282308517,6.145997485773756,11.103937454233314,16.238466427104793,14.475815203859959,19.092108559170285,11.267840977942724,8.02262514672487,11.386434225039325,16.3381564256504,13.71591717381907,22.982775640179852,Azerbaijan,AZE
2012-01-01,monthly,statistical_bulletin_2026_01.xlsx,2026-01-01,10.043775294827034,6.7365786821635245,10.369642731213707,15.135070998448523,13.058855529500985,18.36686109360694,10.286572524726303,3.757570487761058,10.836539138845092,15.623024936514769,12.806142071544352,21.834710343278726,Azerbaijan,AZE
2013-01-01,monthly,statistical_bulletin_2026_01.xlsx,2026-01-01,9.51416177117577,6.035367872537824,9.867704214231768,14.444365886076246,11.567439655402302,18.340665338502227,9.718427688103633,3.0835862261532743,10.304374478067478,14.51574563723938,10.8855536685501,20.75353080503426,Azerbaijan,AZE
2014-01-01,monthly,statistical_bulletin_2026_01.xlsx,2026-01-01,8.77742713215529,5.345939508997811,9.453870856716302,13.843773750816332,10.122169963883403,18.515482118779868,9.373168826357345,5.952822356429402,10.02173537264181,14.532845037996156,9.700052817152748,21.96631170437591,Azerbaijan,AZE
2015-01-01,monthly,statistical_bulletin_2026_01.xlsx,2026-01-01,8.328127733547083,5.80172700383726,9.33235953210862,13.76047450738336,9.919227102347069,17.54360417432812,8.252752727888637,4.96781163375886,9.00358144381498,13.737,9.98695807967488,21.260997120234773,Azerbaijan,AZE
2016-01-01,monthly,statistical_bulletin_2026_01.xlsx,2026-01-01,6.3565334326834355,3.7943101049297603,10.178784193448665,12.177118423039293,8.364858814733088,16.072758654657974,4.675207599611729,3.2000024818375503,5.595330670812884,9.157918390189083,5.714906136418437,17.302419362597636,Azerbaijan,AZE
2017-01-01,monthly,statistical_bulletin_2026_01.xlsx,2026-01-01,10.296818151290225,5.1682674547192935,11.741638554738707,13.091153752203144,8.82388242319998,16.37714894397423,3.0546474749815697,1.389340509026996,3.759291773744404,10.369396328526484,7.149786016249217,17.219761073525685,Azerbaijan,AZE
2018-01-01,monthly,statistical_bulletin_2026_01.xlsx,2026-01-01,9.194754339848242,4.214014938227397,9.999822175443402,14.171954221691067,9.153637386937444,16.923494131852316,2.431153369469372,1.2545410720049905,2.9675531524505074,8.55969319240744,6.297389022450028,15.206783024248244,Azerbaijan,AZE
2019-01-01,monthly,statistical_bulletin_2026_01.xlsx,2026-01-01,9.312570258040031,4.76829870184855,9.757696383705753,14.179135971556015,8.970264473426152,16.964161404248753,1.9273511105233967,1.2568812895333508,2.4481030822379446,6.163947083616293,5.377481045378932,8.869964392597568,Azerbaijan,AZE
2020-01-01,monthly,statistical_bulletin_2026_01.xlsx,2026-01-01,8.54957511098392,6.25428797983814,9.00994605273823,13.6708024109107,9.14418730850302,16.1447568381334,1.74925355308544,1.06566608829311,2.17459461008464,5.30286928064928,5.0049955864506,6.95326986183238,Azerbaijan,AZE
2021-01-01,monthly,statistical_bulletin_2026_01.xlsx,2026-01-01,8.61849064315292,5.91971468423213,8.99500174722291,13.6861695482852,9.27444701343369,16.089823539911,1.71060850259922,1.04583195582674,2.14868175260768,5.20880168215223,4.97570660218147,6.52531938551428,Azerbaijan,AZE
2021-02-01,monthly,statistical_bulletin_2026_01.xlsx,2026-01-01,8.44640341817338,5.28325961978954,9.00303668388003,13.7070807907042,9.36984523200807,16.0753805145858,1.70402363376554,1.03804020487304,2.15441028545193,5.16855318364043,4.97109573816367,6.21940435084684,Azerbaijan,AZE
2021-03-01,monthly,statistical_bulletin_2026_01.xlsx,2026-01-01,8.6243741779423,5.78287816726704,9.13636964980899,13.746083103206,9.40465875950486,16.1041183328544,1.756781714466,1.1553023843207,2.14659609702031,5.17509812342222,4.93180883508592,6.67282497364388,Azerbaijan,AZE
2021-04-01,monthly,statistical_bulletin_2026_01.xlsx,2026-01-01,8.5450535887272,5.7575904795128,9.06495268502123,13.8152474944816,9.70538681263682,16.0413289235346,1.70898392300841,1.06572505226748,2.14497175862118,5.10628279299398,4.91933609899318,6.26754269527991,Azerbaijan,AZE
2021-05-01,monthly,statistical_bulletin_2026_01.xlsx,2026-01-01,8.51170383521283,5.15360503328655,9.08791804968131,13.8623107528692,9.7160898326826,16.1015808124507,1.61455062588257,1.06457717758879,1.99336949448188,5.02209640060797,4.83864873489208,6.15889217659314,Azerbaijan,AZE
2021-06-01,monthly,statistical_bulletin_2026_01.xlsx,2026-01-01,8.51870881004197,5.11096295975276,9.07011706381121,13.8988634378667,9.70075046639121,16.1084762868226,1.54922637142634,0.970687399373326,1.98283426413567,4.97696147945154,4.79927445575417,6.08084412004552,Azerbaijan,AZE
2021-07-01,monthly,statistical_bulletin_2026_01.xlsx,2026-01-01,8.54365591717707,5.2504719722232,9.08942859907189,13.939897742794,9.70520959138022,16.1347847553899,1.56598201778525,0.962367532912016,1.97234249251187,5.00706345254856,4.85041422191262,5.98431379317124,Azerbaijan,AZE
2021-08-01,monthly,statistical_bulletin_2026_01.xlsx,2026-01-01,8.51073860438545,5.07818949371401,9.08520943447916,14.0442654455398,9.6856194239835,16.2272385676606,1.54335119671726,0.97684654152402,1.97089480949116,5.14013844138753,5.00047884663369,6.01205789015766,Azerbaijan,AZE
2021-09-01,monthly,statistical_bulletin_2026_01.xlsx,2026-01-01,8.58480796071378,5.31095869291743,9.04444794558452,14.1552901097594,9.78961056677585,16.2720354799679,1.52549808475928,0.963979996222436,1.94975715090276,4.93568847192802,4.78822760157563,5.85384141422131,Azerbaijan,AZE
2021-10-01,monthly,statistical_bulletin_2026_01.xlsx,2026-01-01,8.54372051149172,5.24232948513094,9.06225794857337,14.2713041324841,9.82647320891488,16.4095335670418,1.57141942546211,1.02461306236918,1.94384990849927,4.97597409544103,4.8463136391413,5.80403466596159,Azerbaijan,AZE
2021-11-01,monthly,statistical_bulletin_2026_01.xlsx,2026-01-01,8.57969230322088,5.31479525293901,9.08220362895678,14.3321644542655,9.87490276659364,16.4515299466295,1.56316894237486,1.03586646687788,1.92432790299495,5.0534498537415,4.90514325534591,6.07122591402919,Azerbaijan,AZE
2021-12-01,monthly,statistical_bulletin_2026_01.xlsx,2026-01-01,8.56786857815885,5.300686437329,9.085343258586,14.352115803765,9.89184283858474,16.5086595753802,1.49248390141881,0.996228316563217,1.83131826659695,5.00135406447997,4.83279600818263,6.21143605383576,Azerbaijan,AZE
2022-01-01,monthly,statistical_bulletin_2026_01.xlsx,2026-01-01,8.58932327268593,5.31907621153006,9.11507384783989,14.3310402994173,9.9776442080344,16.4373968173062,1.48373358363344,0.989940459309028,1.81441103230566,4.80065560767376,4.71137086242746,5.45390965014198,Azerbaijan,AZE
2022-02-01,monthly,statistical_bulletin_2026_01.xlsx,2026-01-01,8.62113505316201,5.42516618858731,9.11830480556356,14.3821870280678,10.0476192068531,16.4257591188654,1.47610783128099,0.991338378963831,1.79482213642917,4.79901150341676,4.71385023808713,5.43710682068941,Azerbaijan,AZE
2022-03-01,monthly,statistical_bulletin_2026_01.xlsx,2026-01-01,8.64868566613348,5.4698052322823,9.1274990307267,14.3058577192643,10.0809905654903,16.3439603410898,1.46601950750403,0.993225514605344,1.7797722608727,4.7807085127099,4.70203410825744,5.37222524367853,Azerbaijan,AZE
2022-04-01,monthly,statistical_bulletin_2026_01.xlsx,2026-01-01,8.7305520484873,5.65349734447594,9.16777638069184,14.2774216015181,10.1015936761764,16.2916458311815,1.45205197254127,0.970188933604598,1.75348371979388,4.75620163868697,4.68659886153531,5.2313451325033,Azerbaijan,AZE
2022-05-01,monthly,statistical_bulletin_2026_01.xlsx,2026-01-01,8.72127184122051,5.66225280093737,9.13427409002641,14.2377509306829,10.1071808077813,16.2212146058328,1.42757760993508,0.996519314348148,1.68897881332377,4.75007165341017,4.67694198186906,5.31784283844655,Azerbaijan,AZE
2022-06-01,monthly,statistical_bulletin_2026_01.xlsx,2026-01-01,8.72006560525786,5.67556455134184,9.13633054157392,14.260917119873,10.1960007140266,16.1728011235503,1.43271436988096,1.02086261782002,1.6767147727208,4.72386682638296,4.65223797461116,5.27639363563707,Azerbaijan,AZE
2022-07-01,monthly,statistical_bulletin_2026_01.xlsx,2026-01-01,8.65069811919685,5.44545327823587,9.12964430415153,14.3128395174397,10.231128765781,16.2290591746836,1.29918497360382,0.814555824925602,1.65324585171044,4.77143720154246,4.70720001516368,5.30260666961441,Azerbaijan,AZE
2022-08-01,monthly,statistical_bulletin_2026_01.xlsx,2026-01-01,8.5239701021015,5.05634480979577,9.17316692065194,14.3388014066165,10.215514391532,16.2530286785308,1.30946282709122,0.824177625736931,1.66452657182915,4.75955333861279,4.7068263824737,5.15913739488557,Azerbaijan,AZE
2022-09-01,monthly,statistical_bulletin_2026_01.xlsx,2026-01-01,8.53878499121531,5.05465920912523,9.18814130081539,14.3701699474127,10.1730635909152,16.2863175460645,1.31193038898598,0.820285887320053,1.67534549960481,4.77074258003464,4.70338213712592,5.28566031899761,Azerbaijan,AZE
2022-10-01,monthly,statistical_bulletin_2026_01.xlsx,2026-01-01,8.57283381915785,5.12942296046955,9.20002104845106,14.3358817518148,10.1407056288131,16.2812927804337,1.3254967567361,0.823064796047056,1.69364745469069,4.7816196010443,4.73910551149001,5.06458812440707,Azerbaijan,AZE
2022-11-01,monthly,statistical_bulletin_2026_01.xlsx,2026-01-01,8.59824022676451,5.09562662879156,9.25458872395358,14.2918884557726,10.1361144151357,16.1954188321822,1.36641120671591,0.888172322001587,1.73009004504336,4.8030369395158,4.77579516779278,4.98271508950072,Azerbaijan,AZE
2022-12-01,monthly,statistical_bulletin_2026_01.xlsx,2026-01-01,8.62129982620106,5.08180518201088,9.30549765386067,14.2078788214865,10.0188596436901,16.1486297762905,1.40085225416074,0.888728969748081,1.78364244299808,4.75962097927568,4.72104731638217,5.0066389348155,Azerbaijan,AZE
2023-01-01,monthly,statistical_bulletin_2026_01.xlsx,2026-01-01,8.60142290528802,5.12484964287372,9.28159493268545,14.1346523663763,9.99340113876221,16.036205532642,1.41441170820335,0.912117931763385,1.78849616834353,4.84803909315805,4.78372221115359,5.26282008087647,Azerbaijan,AZE
2023-02-01,monthly,statistical_bulletin_2026_01.xlsx,2026-01-01,8.61471968285866,5.31848648384398,9.26265990308398,14.2401367857328,9.97579303652063,16.1513143139594,1.42875226708003,0.913127137381199,1.81635160199832,4.81667909478375,4.76860745898025,5.13043776293419,Azerbaijan,AZE
2023-03-01,monthly,statistical_bulletin_2026_01.xlsx,2026-01-01,8.53645881293177,5.14226009178225,9.28424443930863,14.261356666204,9.97757619354491,16.1435324882948,1.50354091535845,1.14381362487024,1.80059369703399,4.81198809403722,4.76327934501693,5.12723512817491,Azerbaijan,AZE
2023-04-01,monthly,statistical_bulletin_2026_01.xlsx,2026-01-01,8.51849155480812,5.09626480554845,9.30216456932887,14.2708311090089,10.06903502752,16.085318808675,1.56562917124798,1.24758789404363,1.83549579079396,4.77668149626737,4.73670352623567,5.04371869518879,Azerbaijan,AZE
2023-05-01,monthly,statistical_bulletin_2026_01.xlsx,2026-01-01,8.50892773847603,5.21347996844188,9.29420958965438,14.2782569264246,10.1268890609635,16.046379536573,1.59550212916288,1.2891433726879,1.85768296977543,4.76892708058257,4.72992487393291,5.02531349203779,Azerbaijan,AZE
2023-06-01,monthly,statistical_bulletin_2026_01.xlsx,2026-01-01,8.44718148082648,5.30550542474568,9.25681371918754,14.3153650938346,10.1128069902258,16.1015688562943,1.63928747580419,1.36460904307526,1.87316177705782,4.8706178673977,4.84718968642274,5.03064338124111,Azerbaijan,AZE
2023-07-01,monthly,statistical_bulletin_2026_01.xlsx,2026-01-01,8.38539599274545,5.43112370170091,9.22462595501863,14.2813789909953,10.1337634247843,16.0603926086347,1.78452736329281,1.67386956893713,1.89121458438928,4.96207182259268,4.94799805026553,5.06739130841065,Azerbaijan,AZE
2023-08-01,monthly,statistical_bulletin_2026_01.xlsx,2026-01-01,8.37735574421753,5.475875020701,9.23722766928313,14.2711393574337,10.1418851842379,15.9850945492067,1.8713594672179,1.83796366819692,1.90408239029563,5.00306726250744,4.97506932744057,5.3010017930096,Azerbaijan,AZE
2023-09-01,monthly,statistical_bulletin_2026_01.xlsx,2026-01-01,8.35630650395797,5.62206208973919,9.252575944363,14.2929304423752,10.1454909744968,15.9872919117171,1.88763669001722,1.85070203255608,1.92465534008427,4.99730242927363,4.97086852114575,5.27827778695376,Azerbaijan,AZE
2023-10-01,monthly,statistical_bulletin_2026_01.xlsx,2026-01-01,8.3271786922668,5.5980697394133,9.26099195401127,14.294579006932,10.1519411979705,15.9838813017565,1.94592975464803,1.9203047535184,1.9718913574263,5.06246895237593,5.051962306796,5.17075246711927,Azerbaijan,AZE
2023-11-01,monthly,statistical_bulletin_2026_01.xlsx,2026-01-01,8.20712452793187,5.62905132799572,9.2071129779424,14.3791481058988,10.1818210521104,16.057802137,1.95537340307257,1.89445520745408,2.01686927392852,5.1287103470581,5.15787364229832,4.78412381512869,Azerbaijan,AZE
2023-12-01,monthly,statistical_bulletin_2026_01.xlsx,2026-01-01,8.2200568020037,5.66269239261758,9.22890460543714,14.3431844663663,10.1707714730976,16.0057870923548,1.97137998982887,1.9077567170628,2.03743163288002,5.15703933584735,5.19039813729987,4.75945668548685,Azerbaijan,AZE
2024-01-01,monthly,statistical_bulletin_2026_01.xlsx,2026-01-01,8.19198245610877,5.63062118348634,9.25506016766297,14.3058276570629,10.1405664301854,16.0031463459401,1.99601877899684,1.92076507904836,2.08088090097808,5.11830784958151,5.15636721507683,4.66974391707669,Azerbaijan,AZE
2024-02-01,monthly,statistical_bulletin_2026_01.xlsx,2026-01-01,8.32990048523609,5.71963620811559,9.28694470233108,14.3842546942286,10.1448574928603,16.0849350367384,2.37708726261341,2.42523143607689,2.31879923803595,5.29772959843694,5.34544307060287,4.6638819740354,Azerbaijan,AZE
2024-03-01,monthly,statistical_bulletin_2026_01.xlsx,2026-01-01,8.39419625266636,5.95281316737901,9.31572051536575,14.3802254025886,10.173816136148,16.0760257613031,2.39673951006936,2.36763176897655,2.43398975243995,5.29041858883669,5.33829410769753,4.64983797902722,Azerbaijan,AZE
2024-04-01,monthly,statistical_bulletin_2026_01.xlsx,2026-01-01,8.38720155902476,6.03077177533824,9.34259325829929,14.3750129087388,10.2292826251088,16.0614868124433,2.47042044567781,2.45858927283514,2.48455122548946,5.31068304368968,5.35705848223079,4.67875814355228,Azerbaijan,AZE
2024-05-01,monthly,statistical_bulletin_2026_01.xlsx,2026-01-01,8.37145396143805,6.15664876416628,9.27853791276783,14.369647925244,10.2772267707513,16.0579226827063,2.49954104776595,2.46810310605967,2.53591733522583,5.32602665432198,5.37999875103164,4.58781106185791,Azerbaijan,AZE
2024-06-01,monthly,statistical_bulletin_2026_01.xlsx,2026-01-01,8.38211992001534,6.17184300657445,9.31466551881415,14.4042373841578,10.3988824863316,16.090758588198,2.5662991466558,2.5373473677777,2.5999832033579,5.33886815083287,5.38909161254044,4.62107837087903,Azerbaijan,AZE
2024-07-01,monthly,statistical_bulletin_2026_01.xlsx,2026-01-01,8.43308557087797,6.36974955330312,9.36320802321375,14.4479388494833,10.4609997629067,16.1368903358507,2.77126893824983,2.88494193158963,2.65354510219149,5.37789751705142,5.45329387618355,4.41278890414325,Azerbaijan,AZE
2024-08-01,monthly,statistical_bulletin_2026_01.xlsx,2026-01-01,8.56491184234482,6.72616263356316,9.36078572779607,14.4782289818258,10.5048450798997,16.1261327467842,2.81975764608566,2.89502316892351,2.73614311429829,5.3964754102389,5.45857364668739,4.58933297757695,Azerbaijan,AZE
2024-09-01,monthly,statistical_bulletin_2026_01.xlsx,2026-01-01,8.59719732404721,6.8170573676071,9.38420647257712,14.5507153747438,10.5319659450409,16.1783741310983,2.87497835815141,2.98610218594357,2.75941741020075,5.45919371133941,5.52414426054343,4.62830500483878,Azerbaijan,AZE
2024-10-01,monthly,statistical_bulletin_2026_01.xlsx,2026-01-01,8.6259474818937,6.78769841300984,9.47098562077684,14.5745293645655,10.5079793315136,16.2542003283515,2.89804265376489,2.98461434938419,2.80806305649301,5.4481907853747,5.50960024001851,4.66771462295981,Azerbaijan,AZE
2024-11-01,monthly,statistical_bulletin_2026_01.xlsx,2026-01-01,8.65215982535375,6.73378757806306,9.53918494483674,14.5798584655357,10.5593578548265,16.2556426862772,2.9158353128102,2.99808414422986,2.83103670241372,5.46919613633398,5.53370915164695,4.62817695779238,Azerbaijan,AZE
2024-12-01,monthly,statistical_bulletin_2026_01.xlsx,2026-01-01,8.68194280376391,6.72092372444942,9.61801778768692,14.639645585513,10.6512500039807,16.3089759964626,2.95278207244682,3.04767459953621,2.85676560514577,5.48152864448695,5.5790144297526,4.3226778323921,Azerbaijan,AZE
2025-01-01,monthly,statistical_bulletin_2026_01.xlsx,2026-01-01,8.75052754856495,6.80076843817462,9.73570513991456,14.6596524289184,10.7133090683676,16.3173674977505,3.00225961145865,3.10221720882067,2.90135219341463,5.56519585803876,5.66521741245771,4.38871515650917,Azerbaijan,AZE
2025-02-01,monthly,statistical_bulletin_2026_01.xlsx,2026-01-01,8.84088528381421,6.82662013671622,9.85643834171588,14.8305993280126,10.811593260649,16.497059955073,3.01996599869792,3.10963081505466,2.92916828092903,5.53878608801136,5.63203454359608,4.40858368027172,Azerbaijan,AZE
2025-03-01,monthly,statistical_bulletin_2026_01.xlsx,2026-01-01,8.87239074054441,6.8845288047823,9.90950561187476,14.810105758931,10.8662808287978,16.4589454110251,3.05218740542267,3.10957196663727,2.9956952279336,5.60193764648388,5.67016799302897,4.69014985338207,Azerbaijan,AZE
2025-04-01,monthly,statistical_bulletin_2026_01.xlsx,2026-01-01,9.04877900969262,7.06734408517237,9.98400402723829,14.8210526016471,10.9338838290984,16.4524328692877,3.06735671015939,3.12887797101978,3.00788301202727,5.64996653989879,5.7250160504887,4.67041599074351,Azerbaijan,AZE
2025-05-01,monthly,statistical_bulletin_2026_01.xlsx,2026-01-01,8.91744825180769,7.18197757560196,10.0821378186867,14.9540733676057,11.0602588951097,16.5643705419213,3.14846972691883,3.22427344000204,3.08039274786649,5.66445061107992,5.73815464394887,4.67331387635373,Azerbaijan,AZE
2025-06-01,monthly,statistical_bulletin_2026_01.xlsx,2026-01-01,8.86772887122429,7.10708227451337,10.2107787969171,15.0398370664333,11.1477713900245,16.667411354241,3.142340182539,3.2054152236816,3.0858576177207,5.66417885909567,5.74353226763703,4.56434825148985,Azerbaijan,AZE
2025-07-01,monthly,statistical_bulletin_2026_01.xlsx,2026-01-01,8.85710932384797,7.09899888079222,10.260162456038,15.0820194606016,11.2384648592906,16.6983565914649,3.16766371761939,3.24237733860385,3.09810677980525,5.71315315743799,5.79090154685761,4.60307181086306,Azerbaijan,AZE
2025-08-01,monthly,statistical_bulletin_2026_01.xlsx,2026-01-01,8.96537028599001,7.20917497680041,10.2978166239191,15.2159721247943,11.3743525504535,16.8012495479621,3.20036690287526,3.26595406073504,3.13870516590516,5.80239798151381,5.8797518697605,4.64830969009553,Azerbaijan,AZE
2025-09-01,monthly,statistical_bulletin_2026_01.xlsx,2026-01-01,9.04779414394063,7.16673078349773,10.2991330840183,15.3058898640158,11.409383593683,16.9024199209764,3.19511182872199,3.24950097227094,3.14319124406733,5.83754844679267,5.92012869849624,4.65143732806436,Azerbaijan,AZE
2025-10-01,monthly,statistical_bulletin_2026_01.xlsx,2026-01-01,9.11742129253428,7.12320175310717,10.3161173956021,15.3111453926541,11.4810343363804,16.9058066407739,3.18973846390369,3.24397837342215,3.13686830285697,5.79836330062262,5.86934727616087,4.74982540897832,Azerbaijan,AZE
2025-11-01,monthly,statistical_bulletin_2026_01.xlsx,2026-01-01,8.999994671747,7.09580330043755,10.2985058389105,15.4206407221876,11.584877060252,17.0135475107446,3.19274626093331,3.2476876882747,3.13991619024812,5.77735478384468,5.84543090848445,4.76555541738819,Azerbaijan,AZE
2025-12-01,monthly,statistical_bulletin_2026_01.xlsx,2026-01-01,8.91168873239836,7.0877406272281,10.2857811720538,15.5787102928919,11.6589788966568,17.2100401927626,3.18236012003337,3.24070858963554,3.12525698763648,5.79575348873892,5.86650919990403,4.73504397086152,Azerbaijan,AZE
2026-01-01,monthly,statistical_bulletin_2026_01.xlsx,2026-01-01,9.44150038555491,7.15093008797834,10.257152581871,15.4444538685239,11.627532518747,17.074783369544,3.17609481425883,3.1890972831373,3.16384369564565,5.80096622949753,5.90050940804435,4.5705295241364,Azerbaijan,AZE
2026-02-01,monthly,statistical_bulletin_2026_01.xlsx,2026-01-01,9.41627210772644,7.16534090811099,10.2222153086087,15.6241054538424,11.8059073004757,17.2163291107542,3.15494401246201,3.16017887618106,3.14992819590725,5.81104145035916,5.9122234858441,4.52179405095452,Azerbaijan,AZE
