city_name,country_name,year,latitude,longitude,source_name,avg_temp_c_annual,observation_days,load_timestamp
Tokyo,Japan,1994,35.6762,139.6503,Open-Meteo Historical Weather API,15.794520547945206,365,2026-03-18 04:36:38.239846+00:00
Tokyo,Japan,1995,35.6762,139.6503,Open-Meteo Historical Weather API,15.403561643835618,365,2026-03-18 04:36:38.239846+00:00
Tokyo,Japan,1996,35.6762,139.6503,Open-Meteo Historical Weather API,14.736338797814208,366,2026-03-18 04:36:38.239846+00:00
Tokyo,Japan,1997,35.6762,139.6503,Open-Meteo Historical Weather API,15.532602739726027,365,2026-03-18 04:36:38.239846+00:00
Tokyo,Japan,1998,35.6762,139.6503,Open-Meteo Historical Weather API,15.664931506849314,365,2026-03-18 04:36:38.239846+00:00
Tokyo,Japan,1999,35.6762,139.6503,Open-Meteo Historical Weather API,15.953150684931506,365,2026-03-18 04:36:38.239846+00:00
Tokyo,Japan,2000,35.6762,139.6503,Open-Meteo Historical Weather API,15.729781420765029,366,2026-03-18 04:36:38.239846+00:00
Tokyo,Japan,2001,35.6762,139.6503,Open-Meteo Historical Weather API,15.3413698630137,365,2026-03-18 04:36:38.239846+00:00
Tokyo,Japan,2002,35.6762,139.6503,Open-Meteo Historical Weather API,15.581369863013698,365,2026-03-18 04:36:38.239846+00:00
Tokyo,Japan,2003,35.6762,139.6503,Open-Meteo Historical Weather API,15.015616438356163,365,2026-03-18 04:36:38.239846+00:00
Tokyo,Japan,2004,35.6762,139.6503,Open-Meteo Historical Weather API,16.360928961748634,366,2026-03-18 04:36:38.239846+00:00
Tokyo,Japan,2005,35.6762,139.6503,Open-Meteo Historical Weather API,15.180821917808219,365,2026-03-18 04:36:38.239846+00:00
Tokyo,Japan,2006,35.6762,139.6503,Open-Meteo Historical Weather API,15.428219178082193,365,2026-03-18 04:36:38.239846+00:00
Tokyo,Japan,2007,35.6762,139.6503,Open-Meteo Historical Weather API,15.91123287671233,365,2026-03-18 04:36:38.239846+00:00
Tokyo,Japan,2008,35.6762,139.6503,Open-Meteo Historical Weather API,15.534699453551912,366,2026-03-18 04:36:38.239846+00:00
Tokyo,Japan,2009,35.6762,139.6503,Open-Meteo Historical Weather API,15.643561643835616,365,2026-03-18 04:36:38.239846+00:00
Tokyo,Japan,2010,35.6762,139.6503,Open-Meteo Historical Weather API,15.87068493150685,365,2026-03-18 04:36:38.239846+00:00
Tokyo,Japan,2011,35.6762,139.6503,Open-Meteo Historical Weather API,15.448767123287672,365,2026-03-18 04:36:38.239846+00:00
Tokyo,Japan,2012,35.6762,139.6503,Open-Meteo Historical Weather API,15.155191256830602,366,2026-03-18 04:36:38.239846+00:00
Tokyo,Japan,2013,35.6762,139.6503,Open-Meteo Historical Weather API,15.8786301369863,365,2026-03-18 04:36:38.239846+00:00
Tokyo,Japan,2014,35.6762,139.6503,Open-Meteo Historical Weather API,15.484109589041095,365,2026-03-18 04:36:38.239846+00:00
Tokyo,Japan,2015,35.6762,139.6503,Open-Meteo Historical Weather API,15.994246575342466,365,2026-03-18 04:36:38.239846+00:00
Tokyo,Japan,2016,35.6762,139.6503,Open-Meteo Historical Weather API,16.09262295081967,366,2026-03-18 04:36:38.239846+00:00
Tokyo,Japan,2017,35.6762,139.6503,Open-Meteo Historical Weather API,15.566849315068492,365,2026-03-18 04:36:38.239846+00:00
Tokyo,Japan,2018,35.6762,139.6503,Open-Meteo Historical Weather API,16.526575342465755,365,2026-03-18 04:36:38.239846+00:00
Tokyo,Japan,2019,35.6762,139.6503,Open-Meteo Historical Weather API,16.237260273972602,365,2026-03-18 04:36:38.239846+00:00
Tokyo,Japan,2020,35.6762,139.6503,Open-Meteo Historical Weather API,16.24863387978142,366,2026-03-18 04:36:38.239846+00:00
Tokyo,Japan,2021,35.6762,139.6503,Open-Meteo Historical Weather API,16.206849315068492,365,2026-03-18 04:36:38.239846+00:00
Tokyo,Japan,2022,35.6762,139.6503,Open-Meteo Historical Weather API,16.024657534246575,365,2026-03-18 04:36:38.239846+00:00
Tokyo,Japan,2023,35.6762,139.6503,Open-Meteo Historical Weather API,17.30109589041096,365,2026-03-18 04:36:38.239846+00:00
New York City,United States,1994,40.7128,-74.006,Open-Meteo Historical Weather API,12.08027397260274,365,2026-03-18 04:36:40.418124+00:00
New York City,United States,1995,40.7128,-74.006,Open-Meteo Historical Weather API,12.212876712328766,365,2026-03-18 04:36:40.418124+00:00
New York City,United States,1996,40.7128,-74.006,Open-Meteo Historical Weather API,11.407650273224043,366,2026-03-18 04:36:40.418124+00:00
New York City,United States,1997,40.7128,-74.006,Open-Meteo Historical Weather API,11.815890410958904,365,2026-03-18 04:36:40.418124+00:00
New York City,United States,1998,40.7128,-74.006,Open-Meteo Historical Weather API,13.33041095890411,365,2026-03-18 04:36:40.418124+00:00
New York City,United States,1999,40.7128,-74.006,Open-Meteo Historical Weather API,12.689041095890412,365,2026-03-18 04:36:40.418124+00:00
New York City,United States,2000,40.7128,-74.006,Open-Meteo Historical Weather API,11.462841530054645,366,2026-03-18 04:36:40.418124+00:00
New York City,United States,2001,40.7128,-74.006,Open-Meteo Historical Weather API,12.600547945205479,365,2026-03-18 04:36:40.418124+00:00
New York City,United States,2002,40.7128,-74.006,Open-Meteo Historical Weather API,12.902191780821918,365,2026-03-18 04:36:40.418124+00:00
New York City,United States,2003,40.7128,-74.006,Open-Meteo Historical Weather API,11.30027397260274,365,2026-03-18 04:36:40.418124+00:00
New York City,United States,2004,40.7128,-74.006,Open-Meteo Historical Weather API,11.889617486338798,366,2026-03-18 04:36:40.418124+00:00
New York City,United States,2005,40.7128,-74.006,Open-Meteo Historical Weather API,12.230684931506849,365,2026-03-18 04:36:40.418124+00:00
New York City,United States,2006,40.7128,-74.006,Open-Meteo Historical Weather API,13.163561643835616,365,2026-03-18 04:36:40.418124+00:00
New York City,United States,2007,40.7128,-74.006,Open-Meteo Historical Weather API,12.349315068493151,365,2026-03-18 04:36:40.418124+00:00
New York City,United States,2008,40.7128,-74.006,Open-Meteo Historical Weather API,12.476229508196722,366,2026-03-18 04:36:40.418124+00:00
New York City,United States,2009,40.7128,-74.006,Open-Meteo Historical Weather API,11.838904109589041,365,2026-03-18 04:36:40.418124+00:00
New York City,United States,2010,40.7128,-74.006,Open-Meteo Historical Weather API,13.14767123287671,365,2026-03-18 04:36:40.418124+00:00
New York City,United States,2011,40.7128,-74.006,Open-Meteo Historical Weather API,13.042191780821916,365,2026-03-18 04:36:40.418124+00:00
New York City,United States,2012,40.7128,-74.006,Open-Meteo Historical Weather API,13.634699453551914,366,2026-03-18 04:36:40.418124+00:00
New York City,United States,2013,40.7128,-74.006,Open-Meteo Historical Weather API,12.154794520547945,365,2026-03-18 04:36:40.418124+00:00
New York City,United States,2014,40.7128,-74.006,Open-Meteo Historical Weather API,11.436712328767122,365,2026-03-18 04:36:40.418124+00:00
New York City,United States,2015,40.7128,-74.006,Open-Meteo Historical Weather API,12.523835616438356,365,2026-03-18 04:36:40.418124+00:00
New York City,United States,2016,40.7128,-74.006,Open-Meteo Historical Weather API,13.26584699453552,366,2026-03-18 04:36:40.418124+00:00
New York City,United States,2017,40.7128,-74.006,Open-Meteo Historical Weather API,13.01972602739726,365,2026-03-18 04:36:40.418124+00:00
New York City,United States,2018,40.7128,-74.006,Open-Meteo Historical Weather API,12.741643835616438,365,2026-03-18 04:36:40.418124+00:00
New York City,United States,2019,40.7128,-74.006,Open-Meteo Historical Weather API,12.664657534246576,365,2026-03-18 04:36:40.418124+00:00
New York City,United States,2020,40.7128,-74.006,Open-Meteo Historical Weather API,13.386612021857923,366,2026-03-18 04:36:40.418124+00:00
New York City,United States,2021,40.7128,-74.006,Open-Meteo Historical Weather API,13.346301369863014,365,2026-03-18 04:36:40.418124+00:00
New York City,United States,2022,40.7128,-74.006,Open-Meteo Historical Weather API,13.045479452054796,365,2026-03-18 04:36:40.418124+00:00
New York City,United States,2023,40.7128,-74.006,Open-Meteo Historical Weather API,13.597534246575343,365,2026-03-18 04:36:40.418124+00:00
London,United Kingdom,1994,51.5072,-0.1276,Open-Meteo Historical Weather API,11.13013698630137,365,2026-03-18 04:36:42.960449+00:00
London,United Kingdom,1995,51.5072,-0.1276,Open-Meteo Historical Weather API,11.193972602739727,365,2026-03-18 04:36:42.960449+00:00
London,United Kingdom,1996,51.5072,-0.1276,Open-Meteo Historical Weather API,9.865027322404371,366,2026-03-18 04:36:42.960449+00:00
London,United Kingdom,1997,51.5072,-0.1276,Open-Meteo Historical Weather API,11.284109589041096,365,2026-03-18 04:36:42.960449+00:00
London,United Kingdom,1998,51.5072,-0.1276,Open-Meteo Historical Weather API,11.06027397260274,365,2026-03-18 04:36:42.960449+00:00
London,United Kingdom,1999,51.5072,-0.1276,Open-Meteo Historical Weather API,11.447945205479453,365,2026-03-18 04:36:42.960449+00:00
London,United Kingdom,2000,51.5072,-0.1276,Open-Meteo Historical Weather API,11.12431693989071,366,2026-03-18 04:36:42.960449+00:00
London,United Kingdom,2001,51.5072,-0.1276,Open-Meteo Historical Weather API,10.827945205479452,365,2026-03-18 04:36:42.960449+00:00
London,United Kingdom,2002,51.5072,-0.1276,Open-Meteo Historical Weather API,11.506575342465753,365,2026-03-18 04:36:42.960449+00:00
London,United Kingdom,2003,51.5072,-0.1276,Open-Meteo Historical Weather API,11.33095890410959,365,2026-03-18 04:36:42.960449+00:00
London,United Kingdom,2004,51.5072,-0.1276,Open-Meteo Historical Weather API,11.258743169398906,366,2026-03-18 04:36:42.960449+00:00
London,United Kingdom,2005,51.5072,-0.1276,Open-Meteo Historical Weather API,11.187397260273972,365,2026-03-18 04:36:42.960449+00:00
London,United Kingdom,2006,51.5072,-0.1276,Open-Meteo Historical Weather API,11.726027397260275,365,2026-03-18 04:36:42.960449+00:00
London,United Kingdom,2007,51.5072,-0.1276,Open-Meteo Historical Weather API,11.413698630136986,365,2026-03-18 04:36:42.960449+00:00
London,United Kingdom,2008,51.5072,-0.1276,Open-Meteo Historical Weather API,10.923224043715848,366,2026-03-18 04:36:42.960449+00:00
London,United Kingdom,2009,51.5072,-0.1276,Open-Meteo Historical Weather API,11.044657534246577,365,2026-03-18 04:36:42.960449+00:00
London,United Kingdom,2010,51.5072,-0.1276,Open-Meteo Historical Weather API,9.908219178082192,365,2026-03-18 04:36:42.960449+00:00
London,United Kingdom,2011,51.5072,-0.1276,Open-Meteo Historical Weather API,11.671506849315069,365,2026-03-18 04:36:42.960449+00:00
London,United Kingdom,2012,51.5072,-0.1276,Open-Meteo Historical Weather API,10.62431693989071,366,2026-03-18 04:36:42.960449+00:00
London,United Kingdom,2013,51.5072,-0.1276,Open-Meteo Historical Weather API,10.411232876712328,365,2026-03-18 04:36:42.960449+00:00
London,United Kingdom,2014,51.5072,-0.1276,Open-Meteo Historical Weather API,11.976986301369864,365,2026-03-18 04:36:42.960449+00:00
London,United Kingdom,2015,51.5072,-0.1276,Open-Meteo Historical Weather API,11.44958904109589,365,2026-03-18 04:36:42.960449+00:00
London,United Kingdom,2016,51.5072,-0.1276,Open-Meteo Historical Weather API,11.27295081967213,366,2026-03-18 04:36:42.960449+00:00
London,United Kingdom,2017,51.5072,-0.1276,Open-Meteo Historical Weather API,11.505753424657534,365,2026-03-18 04:36:42.960449+00:00
London,United Kingdom,2018,51.5072,-0.1276,Open-Meteo Historical Weather API,11.747123287671233,365,2026-03-18 04:36:42.960449+00:00
London,United Kingdom,2019,51.5072,-0.1276,Open-Meteo Historical Weather API,11.412602739726028,365,2026-03-18 04:36:42.960449+00:00
London,United Kingdom,2020,51.5072,-0.1276,Open-Meteo Historical Weather API,11.857923497267759,366,2026-03-18 04:36:42.960449+00:00
London,United Kingdom,2021,51.5072,-0.1276,Open-Meteo Historical Weather API,11.081917808219178,365,2026-03-18 04:36:42.960449+00:00
London,United Kingdom,2022,51.5072,-0.1276,Open-Meteo Historical Weather API,12.215342465753425,365,2026-03-18 04:36:42.960449+00:00
London,United Kingdom,2023,51.5072,-0.1276,Open-Meteo Historical Weather API,11.98082191780822,365,2026-03-18 04:36:42.960449+00:00
São Paulo,Brazil,1994,-23.5505,-46.6333,Open-Meteo Historical Weather API,20.47287671232877,365,2026-03-18 04:36:45.666418+00:00
São Paulo,Brazil,1995,-23.5505,-46.6333,Open-Meteo Historical Weather API,20.078630136986302,365,2026-03-18 04:36:45.666418+00:00
São Paulo,Brazil,1996,-23.5505,-46.6333,Open-Meteo Historical Weather API,19.650819672131146,366,2026-03-18 04:36:45.666418+00:00
São Paulo,Brazil,1997,-23.5505,-46.6333,Open-Meteo Historical Weather API,20.227123287671233,365,2026-03-18 04:36:45.666418+00:00
São Paulo,Brazil,1998,-23.5505,-46.6333,Open-Meteo Historical Weather API,20.084657534246574,365,2026-03-18 04:36:45.666418+00:00
São Paulo,Brazil,1999,-23.5505,-46.6333,Open-Meteo Historical Weather API,19.60876712328767,365,2026-03-18 04:36:45.666418+00:00
São Paulo,Brazil,2000,-23.5505,-46.6333,Open-Meteo Historical Weather API,19.823224043715847,366,2026-03-18 04:36:45.666418+00:00
São Paulo,Brazil,2001,-23.5505,-46.6333,Open-Meteo Historical Weather API,20.313972602739728,365,2026-03-18 04:36:45.666418+00:00
São Paulo,Brazil,2002,-23.5505,-46.6333,Open-Meteo Historical Weather API,20.886849315068492,365,2026-03-18 04:36:45.666418+00:00
São Paulo,Brazil,2003,-23.5505,-46.6333,Open-Meteo Historical Weather API,20.29123287671233,365,2026-03-18 04:36:45.666418+00:00
São Paulo,Brazil,2004,-23.5505,-46.6333,Open-Meteo Historical Weather API,19.5672131147541,366,2026-03-18 04:36:45.666418+00:00
São Paulo,Brazil,2005,-23.5505,-46.6333,Open-Meteo Historical Weather API,20.320273972602738,365,2026-03-18 04:36:45.666418+00:00
São Paulo,Brazil,2006,-23.5505,-46.6333,Open-Meteo Historical Weather API,20.23232876712329,365,2026-03-18 04:36:45.666418+00:00
São Paulo,Brazil,2007,-23.5505,-46.6333,Open-Meteo Historical Weather API,20.41890410958904,365,2026-03-18 04:36:45.666418+00:00
São Paulo,Brazil,2008,-23.5505,-46.6333,Open-Meteo Historical Weather API,19.7879781420765,366,2026-03-18 04:36:45.666418+00:00
São Paulo,Brazil,2009,-23.5505,-46.6333,Open-Meteo Historical Weather API,20.26684931506849,365,2026-03-18 04:36:45.666418+00:00
São Paulo,Brazil,2010,-23.5505,-46.6333,Open-Meteo Historical Weather API,20.221917808219178,365,2026-03-18 04:36:45.666418+00:00
São Paulo,Brazil,2011,-23.5505,-46.6333,Open-Meteo Historical Weather API,19.872876712328768,365,2026-03-18 04:36:45.666418+00:00
São Paulo,Brazil,2012,-23.5505,-46.6333,Open-Meteo Historical Weather API,20.478688524590165,366,2026-03-18 04:36:45.666418+00:00
São Paulo,Brazil,2013,-23.5505,-46.6333,Open-Meteo Historical Weather API,19.948219178082194,365,2026-03-18 04:36:45.666418+00:00
São Paulo,Brazil,2014,-23.5505,-46.6333,Open-Meteo Historical Weather API,21.15753424657534,365,2026-03-18 04:36:45.666418+00:00
São Paulo,Brazil,2015,-23.5505,-46.6333,Open-Meteo Historical Weather API,21.3427397260274,365,2026-03-18 04:36:45.666418+00:00
São Paulo,Brazil,2016,-23.5505,-46.6333,Open-Meteo Historical Weather API,20.53934426229508,366,2026-03-18 04:36:45.666418+00:00
São Paulo,Brazil,2017,-23.5505,-46.6333,Open-Meteo Historical Weather API,20.694794520547948,365,2026-03-18 04:36:45.666418+00:00
São Paulo,Brazil,2018,-23.5505,-46.6333,Open-Meteo Historical Weather API,20.547671232876713,365,2026-03-18 04:36:45.666418+00:00
São Paulo,Brazil,2019,-23.5505,-46.6333,Open-Meteo Historical Weather API,20.98986301369863,365,2026-03-18 04:36:45.666418+00:00
São Paulo,Brazil,2020,-23.5505,-46.6333,Open-Meteo Historical Weather API,20.147814207650274,366,2026-03-18 04:36:45.666418+00:00
São Paulo,Brazil,2021,-23.5505,-46.6333,Open-Meteo Historical Weather API,19.833698630136986,365,2026-03-18 04:36:45.666418+00:00
São Paulo,Brazil,2022,-23.5505,-46.6333,Open-Meteo Historical Weather API,19.566575342465754,365,2026-03-18 04:36:45.666418+00:00
São Paulo,Brazil,2023,-23.5505,-46.6333,Open-Meteo Historical Weather API,20.724931506849316,365,2026-03-18 04:36:45.666418+00:00
Accra,Ghana,1994,5.6037,-0.187,Open-Meteo Historical Weather API,26.476164383561642,365,2026-03-18 04:36:47.836434+00:00
Accra,Ghana,1995,5.6037,-0.187,Open-Meteo Historical Weather API,26.77753424657534,365,2026-03-18 04:36:47.836434+00:00
Accra,Ghana,1996,5.6037,-0.187,Open-Meteo Historical Weather API,26.43688524590164,366,2026-03-18 04:36:47.836434+00:00
Accra,Ghana,1997,5.6037,-0.187,Open-Meteo Historical Weather API,26.59835616438356,365,2026-03-18 04:36:47.836434+00:00
Accra,Ghana,1998,5.6037,-0.187,Open-Meteo Historical Weather API,27.42027397260274,365,2026-03-18 04:36:47.836434+00:00
Accra,Ghana,1999,5.6037,-0.187,Open-Meteo Historical Weather API,26.45945205479452,365,2026-03-18 04:36:47.836434+00:00
Accra,Ghana,2000,5.6037,-0.187,Open-Meteo Historical Weather API,26.637978142076502,366,2026-03-18 04:36:47.836434+00:00
Accra,Ghana,2001,5.6037,-0.187,Open-Meteo Historical Weather API,26.447123287671236,365,2026-03-18 04:36:47.836434+00:00
Accra,Ghana,2002,5.6037,-0.187,Open-Meteo Historical Weather API,26.776712328767122,365,2026-03-18 04:36:47.836434+00:00
Accra,Ghana,2003,5.6037,-0.187,Open-Meteo Historical Weather API,27.0413698630137,365,2026-03-18 04:36:47.836434+00:00
Accra,Ghana,2004,5.6037,-0.187,Open-Meteo Historical Weather API,26.99344262295082,366,2026-03-18 04:36:47.836434+00:00
Accra,Ghana,2005,5.6037,-0.187,Open-Meteo Historical Weather API,27.00328767123288,365,2026-03-18 04:36:47.836434+00:00
Accra,Ghana,2006,5.6037,-0.187,Open-Meteo Historical Weather API,27.110958904109587,365,2026-03-18 04:36:47.836434+00:00
Accra,Ghana,2007,5.6037,-0.187,Open-Meteo Historical Weather API,26.98876712328767,365,2026-03-18 04:36:47.836434+00:00
Accra,Ghana,2008,5.6037,-0.187,Open-Meteo Historical Weather API,27.003278688524592,366,2026-03-18 04:36:47.836434+00:00
Accra,Ghana,2009,5.6037,-0.187,Open-Meteo Historical Weather API,27.31945205479452,365,2026-03-18 04:36:47.836434+00:00
Accra,Ghana,2010,5.6037,-0.187,Open-Meteo Historical Weather API,27.636164383561646,365,2026-03-18 04:36:47.836434+00:00
Accra,Ghana,2011,5.6037,-0.187,Open-Meteo Historical Weather API,27.16958904109589,365,2026-03-18 04:36:47.836434+00:00
Accra,Ghana,2012,5.6037,-0.187,Open-Meteo Historical Weather API,27.114207650273222,366,2026-03-18 04:36:47.836434+00:00
Accra,Ghana,2013,5.6037,-0.187,Open-Meteo Historical Weather API,27.29041095890411,365,2026-03-18 04:36:47.836434+00:00
Accra,Ghana,2014,5.6037,-0.187,Open-Meteo Historical Weather API,27.007123287671234,365,2026-03-18 04:36:47.836434+00:00
Accra,Ghana,2015,5.6037,-0.187,Open-Meteo Historical Weather API,27.08739726027397,365,2026-03-18 04:36:47.836434+00:00
Accra,Ghana,2016,5.6037,-0.187,Open-Meteo Historical Weather API,27.53169398907104,366,2026-03-18 04:36:47.836434+00:00
Accra,Ghana,2017,5.6037,-0.187,Open-Meteo Historical Weather API,27.268767123287674,365,2026-03-18 04:36:47.836434+00:00
Accra,Ghana,2018,5.6037,-0.187,Open-Meteo Historical Weather API,27.334246575342465,365,2026-03-18 04:36:47.836434+00:00
Accra,Ghana,2019,5.6037,-0.187,Open-Meteo Historical Weather API,27.602465753424656,365,2026-03-18 04:36:47.836434+00:00
Accra,Ghana,2020,5.6037,-0.187,Open-Meteo Historical Weather API,27.555191256830604,366,2026-03-18 04:36:47.836434+00:00
Accra,Ghana,2021,5.6037,-0.187,Open-Meteo Historical Weather API,27.636164383561646,365,2026-03-18 04:36:47.836434+00:00
Accra,Ghana,2022,5.6037,-0.187,Open-Meteo Historical Weather API,27.064383561643837,365,2026-03-18 04:36:47.836434+00:00
Accra,Ghana,2023,5.6037,-0.187,Open-Meteo Historical Weather API,27.688219178082193,365,2026-03-18 04:36:47.836434+00:00
Nairobi,Kenya,1994,-1.2864,36.8172,Open-Meteo Historical Weather API,18.952876712328766,365,2026-03-18 04:36:49.936301+00:00
Nairobi,Kenya,1995,-1.2864,36.8172,Open-Meteo Historical Weather API,18.846027397260276,365,2026-03-18 04:36:49.936301+00:00
Nairobi,Kenya,1996,-1.2864,36.8172,Open-Meteo Historical Weather API,18.821311475409836,366,2026-03-18 04:36:49.936301+00:00
Nairobi,Kenya,1997,-1.2864,36.8172,Open-Meteo Historical Weather API,19.143835616438356,365,2026-03-18 04:36:49.936301+00:00
Nairobi,Kenya,1998,-1.2864,36.8172,Open-Meteo Historical Weather API,18.747397260273974,365,2026-03-18 04:36:49.936301+00:00
Nairobi,Kenya,1999,-1.2864,36.8172,Open-Meteo Historical Weather API,18.754794520547946,365,2026-03-18 04:36:49.936301+00:00
Nairobi,Kenya,2000,-1.2864,36.8172,Open-Meteo Historical Weather API,19.065300546448086,366,2026-03-18 04:36:49.936301+00:00
Nairobi,Kenya,2001,-1.2864,36.8172,Open-Meteo Historical Weather API,18.744931506849316,365,2026-03-18 04:36:49.936301+00:00
Nairobi,Kenya,2002,-1.2864,36.8172,Open-Meteo Historical Weather API,18.970958904109587,365,2026-03-18 04:36:49.936301+00:00
Nairobi,Kenya,2003,-1.2864,36.8172,Open-Meteo Historical Weather API,19.14109589041096,365,2026-03-18 04:36:49.936301+00:00
Nairobi,Kenya,2004,-1.2864,36.8172,Open-Meteo Historical Weather API,19.20928961748634,366,2026-03-18 04:36:49.936301+00:00
Nairobi,Kenya,2005,-1.2864,36.8172,Open-Meteo Historical Weather API,19.322739726027397,365,2026-03-18 04:36:49.936301+00:00
Nairobi,Kenya,2006,-1.2864,36.8172,Open-Meteo Historical Weather API,19.246027397260274,365,2026-03-18 04:36:49.936301+00:00
Nairobi,Kenya,2007,-1.2864,36.8172,Open-Meteo Historical Weather API,19.253150684931505,365,2026-03-18 04:36:49.936301+00:00
Nairobi,Kenya,2008,-1.2864,36.8172,Open-Meteo Historical Weather API,19.1827868852459,366,2026-03-18 04:36:49.936301+00:00
Nairobi,Kenya,2009,-1.2864,36.8172,Open-Meteo Historical Weather API,19.717260273972602,365,2026-03-18 04:36:49.936301+00:00
Nairobi,Kenya,2010,-1.2864,36.8172,Open-Meteo Historical Weather API,19.292876712328766,365,2026-03-18 04:36:49.936301+00:00
Nairobi,Kenya,2011,-1.2864,36.8172,Open-Meteo Historical Weather API,19.703835616438354,365,2026-03-18 04:36:49.936301+00:00
Nairobi,Kenya,2012,-1.2864,36.8172,Open-Meteo Historical Weather API,19.34398907103825,366,2026-03-18 04:36:49.936301+00:00
Nairobi,Kenya,2013,-1.2864,36.8172,Open-Meteo Historical Weather API,19.117260273972605,365,2026-03-18 04:36:49.936301+00:00
Nairobi,Kenya,2014,-1.2864,36.8172,Open-Meteo Historical Weather API,19.422465753424657,365,2026-03-18 04:36:49.936301+00:00
Nairobi,Kenya,2015,-1.2864,36.8172,Open-Meteo Historical Weather API,19.75123287671233,365,2026-03-18 04:36:49.936301+00:00
Nairobi,Kenya,2016,-1.2864,36.8172,Open-Meteo Historical Weather API,19.584153005464483,366,2026-03-18 04:36:49.936301+00:00
Nairobi,Kenya,2017,-1.2864,36.8172,Open-Meteo Historical Weather API,20.121917808219177,365,2026-03-18 04:36:49.936301+00:00
Nairobi,Kenya,2018,-1.2864,36.8172,Open-Meteo Historical Weather API,19.176438356164383,365,2026-03-18 04:36:49.936301+00:00
Nairobi,Kenya,2019,-1.2864,36.8172,Open-Meteo Historical Weather API,20.106849315068494,365,2026-03-18 04:36:49.936301+00:00
Nairobi,Kenya,2020,-1.2864,36.8172,Open-Meteo Historical Weather API,19.35655737704918,366,2026-03-18 04:36:49.936301+00:00
Nairobi,Kenya,2021,-1.2864,36.8172,Open-Meteo Historical Weather API,19.60082191780822,365,2026-03-18 04:36:49.936301+00:00
Nairobi,Kenya,2022,-1.2864,36.8172,Open-Meteo Historical Weather API,19.60356164383562,365,2026-03-18 04:36:49.936301+00:00
Nairobi,Kenya,2023,-1.2864,36.8172,Open-Meteo Historical Weather API,19.75945205479452,365,2026-03-18 04:36:49.936301+00:00
Jakarta,Indonesia,1994,-6.2088,106.8456,Open-Meteo Historical Weather API,27.074794520547943,365,2026-03-18 04:36:51.949581+00:00
Jakarta,Indonesia,1995,-6.2088,106.8456,Open-Meteo Historical Weather API,26.917534246575343,365,2026-03-18 04:36:51.949581+00:00
Jakarta,Indonesia,1996,-6.2088,106.8456,Open-Meteo Historical Weather API,26.77622950819672,366,2026-03-18 04:36:51.949581+00:00
Jakarta,Indonesia,1997,-6.2088,106.8456,Open-Meteo Historical Weather API,27.33342465753425,365,2026-03-18 04:36:51.949581+00:00
Jakarta,Indonesia,1998,-6.2088,106.8456,Open-Meteo Historical Weather API,27.17178082191781,365,2026-03-18 04:36:51.949581+00:00
Jakarta,Indonesia,1999,-6.2088,106.8456,Open-Meteo Historical Weather API,26.652602739726028,365,2026-03-18 04:36:51.949581+00:00
Jakarta,Indonesia,2000,-6.2088,106.8456,Open-Meteo Historical Weather API,26.606284153005465,366,2026-03-18 04:36:51.949581+00:00
Jakarta,Indonesia,2001,-6.2088,106.8456,Open-Meteo Historical Weather API,26.564383561643837,365,2026-03-18 04:36:51.949581+00:00
Jakarta,Indonesia,2002,-6.2088,106.8456,Open-Meteo Historical Weather API,27.009315068493148,365,2026-03-18 04:36:51.949581+00:00
Jakarta,Indonesia,2003,-6.2088,106.8456,Open-Meteo Historical Weather API,27.138630136986304,365,2026-03-18 04:36:51.949581+00:00
Jakarta,Indonesia,2004,-6.2088,106.8456,Open-Meteo Historical Weather API,27.10136612021858,366,2026-03-18 04:36:51.949581+00:00
Jakarta,Indonesia,2005,-6.2088,106.8456,Open-Meteo Historical Weather API,27.04027397260274,365,2026-03-18 04:36:51.949581+00:00
Jakarta,Indonesia,2006,-6.2088,106.8456,Open-Meteo Historical Weather API,27.25917808219178,365,2026-03-18 04:36:51.949581+00:00
Jakarta,Indonesia,2007,-6.2088,106.8456,Open-Meteo Historical Weather API,27.161643835616438,365,2026-03-18 04:36:51.949581+00:00
Jakarta,Indonesia,2008,-6.2088,106.8456,Open-Meteo Historical Weather API,27.00655737704918,366,2026-03-18 04:36:51.949581+00:00
Jakarta,Indonesia,2009,-6.2088,106.8456,Open-Meteo Historical Weather API,27.358082191780824,365,2026-03-18 04:36:51.949581+00:00
Jakarta,Indonesia,2010,-6.2088,106.8456,Open-Meteo Historical Weather API,27.153972602739728,365,2026-03-18 04:36:51.949581+00:00
Jakarta,Indonesia,2011,-6.2088,106.8456,Open-Meteo Historical Weather API,27.178630136986303,365,2026-03-18 04:36:51.949581+00:00
Jakarta,Indonesia,2012,-6.2088,106.8456,Open-Meteo Historical Weather API,27.35,366,2026-03-18 04:36:51.949581+00:00
Jakarta,Indonesia,2013,-6.2088,106.8456,Open-Meteo Historical Weather API,27.137260273972604,365,2026-03-18 04:36:51.949581+00:00
Jakarta,Indonesia,2014,-6.2088,106.8456,Open-Meteo Historical Weather API,27.234520547945205,365,2026-03-18 04:36:51.949581+00:00
Jakarta,Indonesia,2015,-6.2088,106.8456,Open-Meteo Historical Weather API,27.476986301369863,365,2026-03-18 04:36:51.949581+00:00
Jakarta,Indonesia,2016,-6.2088,106.8456,Open-Meteo Historical Weather API,27.45710382513661,366,2026-03-18 04:36:51.949581+00:00
Jakarta,Indonesia,2017,-6.2088,106.8456,Open-Meteo Historical Weather API,27.547671232876713,365,2026-03-18 04:36:51.949581+00:00
Jakarta,Indonesia,2018,-6.2088,106.8456,Open-Meteo Historical Weather API,27.63917808219178,365,2026-03-18 04:36:51.949581+00:00
Jakarta,Indonesia,2019,-6.2088,106.8456,Open-Meteo Historical Weather API,27.79534246575342,365,2026-03-18 04:36:51.949581+00:00
Jakarta,Indonesia,2020,-6.2088,106.8456,Open-Meteo Historical Weather API,27.479234972677595,366,2026-03-18 04:36:51.949581+00:00
Jakarta,Indonesia,2021,-6.2088,106.8456,Open-Meteo Historical Weather API,27.155616438356162,365,2026-03-18 04:36:51.949581+00:00
Jakarta,Indonesia,2022,-6.2088,106.8456,Open-Meteo Historical Weather API,27.08219178082192,365,2026-03-18 04:36:51.949581+00:00
Jakarta,Indonesia,2023,-6.2088,106.8456,Open-Meteo Historical Weather API,27.853972602739727,365,2026-03-18 04:36:51.949581+00:00
Almaty,Kazakhstan,1994,43.222,76.8512,Open-Meteo Historical Weather API,8.892876712328768,365,2026-03-18 04:36:54.017902+00:00
Almaty,Kazakhstan,1995,43.222,76.8512,Open-Meteo Historical Weather API,9.605205479452055,365,2026-03-18 04:36:54.017902+00:00
Almaty,Kazakhstan,1996,43.222,76.8512,Open-Meteo Historical Weather API,8.592349726775957,366,2026-03-18 04:36:54.017902+00:00
Almaty,Kazakhstan,1997,43.222,76.8512,Open-Meteo Historical Weather API,10.52027397260274,365,2026-03-18 04:36:54.017902+00:00
Almaty,Kazakhstan,1998,43.222,76.8512,Open-Meteo Historical Weather API,9.504931506849315,365,2026-03-18 04:36:54.017902+00:00
Almaty,Kazakhstan,1999,43.222,76.8512,Open-Meteo Historical Weather API,9.59945205479452,365,2026-03-18 04:36:54.017902+00:00
Almaty,Kazakhstan,2000,43.222,76.8512,Open-Meteo Historical Weather API,9.85,366,2026-03-18 04:36:54.017902+00:00
Almaty,Kazakhstan,2001,43.222,76.8512,Open-Meteo Historical Weather API,9.866027397260273,365,2026-03-18 04:36:54.017902+00:00
Almaty,Kazakhstan,2002,43.222,76.8512,Open-Meteo Historical Weather API,10.186301369863013,365,2026-03-18 04:36:54.017902+00:00
Almaty,Kazakhstan,2003,43.222,76.8512,Open-Meteo Historical Weather API,9.09917808219178,365,2026-03-18 04:36:54.017902+00:00
Almaty,Kazakhstan,2004,43.222,76.8512,Open-Meteo Historical Weather API,10.117486338797814,366,2026-03-18 04:36:54.017902+00:00
Almaty,Kazakhstan,2005,43.222,76.8512,Open-Meteo Historical Weather API,9.733698630136987,365,2026-03-18 04:36:54.017902+00:00
Almaty,Kazakhstan,2006,43.222,76.8512,Open-Meteo Historical Weather API,10.40027397260274,365,2026-03-18 04:36:54.017902+00:00
Almaty,Kazakhstan,2007,43.222,76.8512,Open-Meteo Historical Weather API,10.263561643835615,365,2026-03-18 04:36:54.017902+00:00
Almaty,Kazakhstan,2008,43.222,76.8512,Open-Meteo Historical Weather API,10.130327868852458,366,2026-03-18 04:36:54.017902+00:00
Almaty,Kazakhstan,2009,43.222,76.8512,Open-Meteo Historical Weather API,9.558356164383563,365,2026-03-18 04:36:54.017902+00:00
Almaty,Kazakhstan,2010,43.222,76.8512,Open-Meteo Historical Weather API,9.999178082191781,365,2026-03-18 04:36:54.017902+00:00
Almaty,Kazakhstan,2011,43.222,76.8512,Open-Meteo Historical Weather API,9.42027397260274,365,2026-03-18 04:36:54.017902+00:00
Almaty,Kazakhstan,2012,43.222,76.8512,Open-Meteo Historical Weather API,8.802732240437159,366,2026-03-18 04:36:54.017902+00:00
Almaty,Kazakhstan,2013,43.222,76.8512,Open-Meteo Historical Weather API,10.3613698630137,365,2026-03-18 04:36:54.017902+00:00
Almaty,Kazakhstan,2014,43.222,76.8512,Open-Meteo Historical Weather API,8.744657534246576,365,2026-03-18 04:36:54.017902+00:00
Almaty,Kazakhstan,2015,43.222,76.8512,Open-Meteo Historical Weather API,10.351780821917808,365,2026-03-18 04:36:54.017902+00:00
Almaty,Kazakhstan,2016,43.222,76.8512,Open-Meteo Historical Weather API,10.343169398907104,366,2026-03-18 04:36:54.017902+00:00
Almaty,Kazakhstan,2017,43.222,76.8512,Open-Meteo Historical Weather API,9.7986301369863,365,2026-03-18 04:36:54.017902+00:00
Almaty,Kazakhstan,2018,43.222,76.8512,Open-Meteo Historical Weather API,9.183561643835617,365,2026-03-18 04:36:54.017902+00:00
Almaty,Kazakhstan,2019,43.222,76.8512,Open-Meteo Historical Weather API,10.405753424657535,365,2026-03-18 04:36:54.017902+00:00
Almaty,Kazakhstan,2020,43.222,76.8512,Open-Meteo Historical Weather API,9.559836065573771,366,2026-03-18 04:36:54.017902+00:00
Almaty,Kazakhstan,2021,43.222,76.8512,Open-Meteo Historical Weather API,10.226849315068494,365,2026-03-18 04:36:54.017902+00:00
Almaty,Kazakhstan,2022,43.222,76.8512,Open-Meteo Historical Weather API,10.911780821917809,365,2026-03-18 04:36:54.017902+00:00
Almaty,Kazakhstan,2023,43.222,76.8512,Open-Meteo Historical Weather API,10.811780821917809,365,2026-03-18 04:36:54.017902+00:00
