country_name,country_iso,year,account_ownership_pct,financial_institution_account_pct,mobile_money_account_pct,digital_payment_pct,borrowed_from_financial_institution_pct,source_name,load_timestamp
Afghanistan,AFG,2011,0.090050121,0.090050121,,,,World Bank Global Findex,2026-03-21 11:22:05.560394+00:00
Afghanistan,AFG,2014,0.099610012,0.099610012,0.003044038,,0.34861543,World Bank Global Findex,2026-03-21 11:22:05.560394+00:00
Afghanistan,AFG,2017,0.148933122,0.145470839,0.009138161,,0.339189722,World Bank Global Findex,2026-03-21 11:22:05.560394+00:00
Afghanistan,AFG,2021,0.096538218,0.096538218,0.0,,0.679691487,World Bank Global Findex,2026-03-21 11:22:05.560394+00:00
Angola,AGO,2011,0.392035423,0.392035423,,,,World Bank Global Findex,2026-03-21 11:22:05.560394+00:00
Angola,AGO,2014,0.293181213,0.293181213,,,0.308385324,World Bank Global Findex,2026-03-21 11:22:05.560394+00:00
Albania,ALB,2011,0.282681244,0.282681244,,,,World Bank Global Findex,2026-03-21 11:22:05.560394+00:00
Albania,ALB,2014,0.379863523,0.379863523,,,0.567801993,World Bank Global Findex,2026-03-21 11:22:05.560394+00:00
Albania,ALB,2017,0.400151702,0.393175046,0.02377762,,0.429682048,World Bank Global Findex,2026-03-21 11:22:05.560394+00:00
Albania,ALB,2021,0.441741743,0.441741743,,,0.426860066,World Bank Global Findex,2026-03-21 11:22:05.560394+00:00
Albania,ALB,2024,0.460692506,0.460692506,,0.16690311,0.469624388,World Bank Global Findex,2026-03-21 11:22:05.560394+00:00
United Arab Emirates,ARE,2011,0.597323703,0.597323703,,,,World Bank Global Findex,2026-03-21 11:22:05.560394+00:00
United Arab Emirates,ARE,2014,0.837433269,0.832043162,0.114909874,,0.638358273,World Bank Global Findex,2026-03-21 11:22:05.560394+00:00
United Arab Emirates,ARE,2017,0.882103911,0.873908545,0.213317966,,0.638642237,World Bank Global Findex,2026-03-21 11:22:05.560394+00:00
United Arab Emirates,ARE,2021,0.85742193,0.84560726,0.132578892,,0.435062262,World Bank Global Findex,2026-03-21 11:22:05.560394+00:00
Argentina,ARG,2011,0.33130217,0.33130217,,,,World Bank Global Findex,2026-03-21 11:22:05.560394+00:00
Argentina,ARG,2014,0.501972945,0.501972945,0.004323196,,0.337041815,World Bank Global Findex,2026-03-21 11:22:05.560394+00:00
Argentina,ARG,2017,0.487084867,0.479166929,0.024161674,,0.374963502,World Bank Global Findex,2026-03-21 11:22:05.560394+00:00
Argentina,ARG,2021,0.716270859,0.663254395,0.350841379,,0.515608246,World Bank Global Findex,2026-03-21 11:22:05.560394+00:00
Argentina,ARG,2024,0.817442447,0.728989947,0.567395437,0.713077048,0.561449707,World Bank Global Findex,2026-03-21 11:22:05.560394+00:00
Armenia,ARM,2011,0.174868727,0.174868727,,,,World Bank Global Findex,2026-03-21 11:22:05.560394+00:00
Armenia,ARM,2014,0.176690647,0.172399639,0.006578374,,0.480211182,World Bank Global Findex,2026-03-21 11:22:05.560394+00:00
Armenia,ARM,2017,0.477590178,0.453288188,0.09755307,,0.553152392,World Bank Global Findex,2026-03-21 11:22:05.560394+00:00
Armenia,ARM,2021,0.553477333,0.522469373,0.167427431,,0.573089583,World Bank Global Findex,2026-03-21 11:22:05.560394+00:00
Armenia,ARM,2024,0.713734735,0.705332707,0.173602692,0.468623211,0.569475036,World Bank Global Findex,2026-03-21 11:22:05.560394+00:00
Australia,AUS,2011,0.990648467,0.990648467,,,,World Bank Global Findex,2026-03-21 11:22:05.560394+00:00
Australia,AUS,2014,0.988595664,0.988595664,,,0.761014285,World Bank Global Findex,2026-03-21 11:22:05.560394+00:00
Australia,AUS,2017,0.995193731,0.995193731,,,0.717233767,World Bank Global Findex,2026-03-21 11:22:05.560394+00:00
Australia,AUS,2021,0.993231498,0.993231498,,,0.670019993,World Bank Global Findex,2026-03-21 11:22:05.560394+00:00
Australia,AUS,2024,0.980103778,0.980103778,,,,World Bank Global Findex,2026-03-21 11:22:05.560394+00:00
Austria,AUT,2011,0.970817388,0.970817388,,,,World Bank Global Findex,2026-03-21 11:22:05.560394+00:00
Austria,AUT,2014,0.967340576,0.967340576,,,0.572644582,World Bank Global Findex,2026-03-21 11:22:05.560394+00:00
Austria,AUT,2017,0.981636643,0.981636643,,,0.616029108,World Bank Global Findex,2026-03-21 11:22:05.560394+00:00
Austria,AUT,2021,0.999507175,0.999507175,,,0.640113576,World Bank Global Findex,2026-03-21 11:22:05.560394+00:00
Austria,AUT,2024,0.995084975,0.995084975,,,,World Bank Global Findex,2026-03-21 11:22:05.560394+00:00
Azerbaijan,AZE,2011,0.149008504,0.149008504,,,,World Bank Global Findex,2026-03-21 11:22:05.560394+00:00
Azerbaijan,AZE,2014,0.291514931,0.291514931,,,0.4978431,World Bank Global Findex,2026-03-21 11:22:05.560394+00:00
Azerbaijan,AZE,2017,0.285712045,0.285712045,,,0.506148542,World Bank Global Findex,2026-03-21 11:22:05.560394+00:00
Azerbaijan,AZE,2022,0.462586542,0.462586542,,,0.550773888,World Bank Global Findex,2026-03-21 11:22:05.560394+00:00
Azerbaijan,AZE,2024,0.563046655573957,0.563046655573957,,0.401930898,0.62661872,World Bank Global Findex,2026-03-21 11:22:05.560394+00:00
Burundi,BDI,2011,0.072379846,0.072379846,,,,World Bank Global Findex,2026-03-21 11:22:05.560394+00:00
Burundi,BDI,2014,0.071057586,0.069434607,0.007463846,,0.604141932,World Bank Global Findex,2026-03-21 11:22:05.560394+00:00
Belgium,BEL,2011,0.963061274,0.963061274,,,,World Bank Global Findex,2026-03-21 11:22:05.560394+00:00
Belgium,BEL,2014,0.981257531,0.981257531,,,0.553635781,World Bank Global Findex,2026-03-21 11:22:05.560394+00:00
Belgium,BEL,2017,0.986383226,0.986383226,,,0.544547958,World Bank Global Findex,2026-03-21 11:22:05.560394+00:00
Belgium,BEL,2021,0.990056968,0.990056968,,,0.562829773,World Bank Global Findex,2026-03-21 11:22:05.560394+00:00
Belgium,BEL,2024,0.982369093,0.982369093,,,,World Bank Global Findex,2026-03-21 11:22:05.560394+00:00
Benin,BEN,2011,0.10463937,0.10463937,,,,World Bank Global Findex,2026-03-21 11:22:05.560394+00:00
Benin,BEN,2014,0.166208335,0.159799342,0.020227271,,0.39682998,World Bank Global Findex,2026-03-21 11:22:05.560394+00:00
Benin,BEN,2017,0.384892214,0.318845146,0.180938376,,0.462761392,World Bank Global Findex,2026-03-21 11:22:05.560394+00:00
Benin,BEN,2021,0.486055301,0.237882556,0.366837175,,0.471834121,World Bank Global Findex,2026-03-21 11:22:05.560394+00:00
Benin,BEN,2024,0.51843206,0.199061778,0.448728519,0.476605685,0.729546064,World Bank Global Findex,2026-03-21 11:22:05.560394+00:00
Burkina Faso,BFA,2011,0.13353092,0.13353092,,,,World Bank Global Findex,2026-03-21 11:22:05.560394+00:00
Burkina Faso,BFA,2014,0.143575961,0.134244859,0.030809696,,0.467622848,World Bank Global Findex,2026-03-21 11:22:05.560394+00:00
Burkina Faso,BFA,2017,0.431599923,0.233405272,0.330227985,,0.523299906,World Bank Global Findex,2026-03-21 11:22:05.560394+00:00
Burkina Faso,BFA,2021,0.361085343,0.210526432,0.246651698,,0.483717933,World Bank Global Findex,2026-03-21 11:22:05.560394+00:00
Burkina Faso,BFA,2024,0.514274912,0.205498915,0.441573641,0.449327418,0.684636007,World Bank Global Findex,2026-03-21 11:22:05.560394+00:00
Bangladesh,BGD,2011,0.317436491,0.317436491,,,,World Bank Global Findex,2026-03-21 11:22:05.560394+00:00
Bangladesh,BGD,2014,0.309908189,0.291421029,0.026917143,,0.48370029,World Bank Global Findex,2026-03-21 11:22:05.560394+00:00
Bangladesh,BGD,2017,0.50046913,0.409726485,0.212459589,,0.367884269,World Bank Global Findex,2026-03-21 11:22:05.560394+00:00
Bangladesh,BGD,2021,0.528060649,0.376861865,0.290057918,,0.461320374,World Bank Global Findex,2026-03-21 11:22:05.560394+00:00
Bangladesh,BGD,2024,0.432839733,0.329478937,0.207683726,0.228355064,0.702552695,World Bank Global Findex,2026-03-21 11:22:05.560394+00:00
Bulgaria,BGR,2011,0.528249019,0.528249019,,,,World Bank Global Findex,2026-03-21 11:22:05.560394+00:00
Bulgaria,BGR,2014,0.629868277,0.629868277,,,0.362125075,World Bank Global Findex,2026-03-21 11:22:05.560394+00:00
Bulgaria,BGR,2017,0.722040294,0.722040294,,,0.375519501,World Bank Global Findex,2026-03-21 11:22:05.560394+00:00
Bulgaria,BGR,2021,0.839665205,0.839665205,,,0.477670947,World Bank Global Findex,2026-03-21 11:22:05.560394+00:00
Bulgaria,BGR,2024,0.84724395,0.84724395,,0.631469392,0.349641437,World Bank Global Findex,2026-03-21 11:22:05.560394+00:00
Bahrain,BHR,2011,0.645145712,0.645145712,,,,World Bank Global Findex,2026-03-21 11:22:05.560394+00:00
Bahrain,BHR,2014,0.819393439,0.819393439,,,0.677819992,World Bank Global Findex,2026-03-21 11:22:05.560394+00:00
Bahrain,BHR,2017,0.826128502,0.826128502,,,0.601968975,World Bank Global Findex,2026-03-21 11:22:05.560394+00:00
Bahrain,BHR,2024,0.823220521,0.823220521,,,,World Bank Global Findex,2026-03-21 11:22:05.560394+00:00
Bosnia and Herzegovina,BIH,2011,0.562116083,0.562116083,,,,World Bank Global Findex,2026-03-21 11:22:05.560394+00:00
Bosnia and Herzegovina,BIH,2014,0.526850299,0.526850299,,,0.279203442,World Bank Global Findex,2026-03-21 11:22:05.560394+00:00
Bosnia and Herzegovina,BIH,2017,0.588434987,0.588434987,,,0.237572565,World Bank Global Findex,2026-03-21 11:22:05.560394+00:00
Bosnia and Herzegovina,BIH,2021,0.793378937,0.793378937,,,0.41911041,World Bank Global Findex,2026-03-21 11:22:05.560394+00:00
Bosnia and Herzegovina,BIH,2024,0.774588923,0.774588923,,0.375142976,0.248906645,World Bank Global Findex,2026-03-21 11:22:05.560394+00:00
Belarus,BLR,2011,0.586019795,0.586019795,,,,World Bank Global Findex,2026-03-21 11:22:05.560394+00:00
Belarus,BLR,2014,0.719849861,0.719849861,,,0.426200324,World Bank Global Findex,2026-03-21 11:22:05.560394+00:00
Belarus,BLR,2017,0.81155885,0.81155885,,,0.486390846,World Bank Global Findex,2026-03-21 11:22:05.560394+00:00
Belize,BLZ,2014,0.482092497,0.482092497,,,0.551699989,World Bank Global Findex,2026-03-21 11:22:05.560394+00:00
Belize,BLZ,2024,0.679682002,0.673044577,0.136663451,0.430544838,0.537604075,World Bank Global Findex,2026-03-21 11:22:05.560394+00:00
Bolivia,BOL,2011,0.280291328,0.280291328,,,,World Bank Global Findex,2026-03-21 11:22:05.560394+00:00
Bolivia,BOL,2014,0.417967196,0.407108203,0.027771435,,0.370549839,World Bank Global Findex,2026-03-21 11:22:05.560394+00:00
Bolivia,BOL,2017,0.544050565,0.512075036,0.071193898,,0.446405037,World Bank Global Findex,2026-03-21 11:22:05.560394+00:00
Bolivia,BOL,2021,0.68885446,0.679649645,0.129542215,,0.481606674,World Bank Global Findex,2026-03-21 11:22:05.560394+00:00
Bolivia,BOL,2024,0.568490527,0.534880593,0.199779285,0.336954429,0.480868961,World Bank Global Findex,2026-03-21 11:22:05.560394+00:00
Brazil,BRA,2011,0.558603848,0.558603848,,,,World Bank Global Findex,2026-03-21 11:22:05.560394+00:00
Brazil,BRA,2014,0.681231585,0.681231585,0.008577455,,0.402734976,World Bank Global Findex,2026-03-21 11:22:05.560394+00:00
Brazil,BRA,2017,0.700439481,0.700439481,0.048365306,,0.399820661,World Bank Global Findex,2026-03-21 11:22:05.560394+00:00
Brazil,BRA,2021,0.840357459,0.835631888,0.269601254,,0.587580753,World Bank Global Findex,2026-03-21 11:22:05.560394+00:00
Brazil,BRA,2024,0.863811782,0.855727692,0.581666157,0.708414919,0.636074463,World Bank Global Findex,2026-03-21 11:22:05.560394+00:00
Bhutan,BTN,2014,0.33665913,0.33665913,,,0.18382644,World Bank Global Findex,2026-03-21 11:22:05.560394+00:00
Botswana,BWA,2011,0.302600143,0.302600143,,,,World Bank Global Findex,2026-03-21 11:22:05.560394+00:00
Botswana,BWA,2014,0.519645703,0.492435843,0.207515244,,0.699955837,World Bank Global Findex,2026-03-21 11:22:05.560394+00:00
Botswana,BWA,2017,0.510324508,0.448283061,0.243783067,,0.374924156,World Bank Global Findex,2026-03-21 11:22:05.560394+00:00
Botswana,BWA,2022,0.587631963,0.498797003,0.365681329,,0.43264025,World Bank Global Findex,2026-03-21 11:22:05.560394+00:00
Botswana,BWA,2024,0.614384691,0.416043564,0.516178157,0.562114566,0.589852237,World Bank Global Findex,2026-03-21 11:22:05.560394+00:00
Central African Republic,CAF,2011,0.033008091,0.033008091,,,,World Bank Global Findex,2026-03-21 11:22:05.560394+00:00
Central African Republic,CAF,2017,0.137459464,0.137459464,,,0.36662619,World Bank Global Findex,2026-03-21 11:22:05.560394+00:00
Canada,CAN,2011,0.958046425,0.958046425,,,,World Bank Global Findex,2026-03-21 11:22:05.560394+00:00
Canada,CAN,2014,0.99103328,0.99103328,,,0.850342948,World Bank Global Findex,2026-03-21 11:22:05.560394+00:00
Canada,CAN,2017,0.997268802,0.997268802,,,0.881948607,World Bank Global Findex,2026-03-21 11:22:05.560394+00:00
Canada,CAN,2021,0.99634615,0.99634615,,,0.861260296,World Bank Global Findex,2026-03-21 11:22:05.560394+00:00
Canada,CAN,2024,0.984047126,0.984047126,,,,World Bank Global Findex,2026-03-21 11:22:05.560394+00:00
Switzerland,CHE,2014,0.979856449,0.979856449,,,0.618044785,World Bank Global Findex,2026-03-21 11:22:05.560394+00:00
Switzerland,CHE,2017,0.984296665,0.984296665,,,0.669217023,World Bank Global Findex,2026-03-21 11:22:05.560394+00:00
Switzerland,CHE,2021,0.994910311,0.994910311,,,0.68493699,World Bank Global Findex,2026-03-21 11:22:05.560394+00:00
Switzerland,CHE,2024,0.984123097,0.984123097,,,,World Bank Global Findex,2026-03-21 11:22:05.560394+00:00
Chile,CHL,2011,0.421792855,0.421792855,,,,World Bank Global Findex,2026-03-21 11:22:05.560394+00:00
Chile,CHL,2014,0.632588778,0.632107562,0.037898508,,0.397889841,World Bank Global Findex,2026-03-21 11:22:05.560394+00:00
Chile,CHL,2017,0.743492432,0.738367048,0.18670815,,0.453709515,World Bank Global Findex,2026-03-21 11:22:05.560394+00:00
Chile,CHL,2021,0.870620678,0.870620678,,,0.436929411,World Bank Global Findex,2026-03-21 11:22:05.560394+00:00
Chile,CHL,2024,0.850691778,0.850691778,,,,World Bank Global Findex,2026-03-21 11:22:05.560394+00:00
China,CHN,2011,0.638173129,0.638173129,,,,World Bank Global Findex,2026-03-21 11:22:05.560394+00:00
China,CHN,2014,0.789652608,0.789652608,,,0.43193229,World Bank Global Findex,2026-03-21 11:22:05.560394+00:00
China,CHN,2017,0.795313411,0.795313411,,,0.448105404,World Bank Global Findex,2026-03-21 11:22:05.560394+00:00
China,CHN,2021,0.887090217,0.887090217,,,0.557127805,World Bank Global Findex,2026-03-21 11:22:05.560394+00:00
China,CHN,2024,0.89383032,0.89383032,,0.832147927,0.539633082,World Bank Global Findex,2026-03-21 11:22:05.560394+00:00
Cote d'Ivoire,CIV,2014,0.343220227,0.151362557,0.242613766,,0.486918708,World Bank Global Findex,2026-03-21 11:22:05.560394+00:00
Cote d'Ivoire,CIV,2017,0.413309552,0.147665969,0.340531734,,0.391695376,World Bank Global Findex,2026-03-21 11:22:05.560394+00:00
Cote d'Ivoire,CIV,2021,0.507622911,0.205734957,0.403959431,,0.461651666,World Bank Global Findex,2026-03-21 11:22:05.560394+00:00
Cote d'Ivoire,CIV,2024,0.57567627,0.168252205,0.533817788,0.539377969,0.669569898,World Bank Global Findex,2026-03-21 11:22:05.560394+00:00
Cameroon,CMR,2011,0.148096124,0.148096124,,,,World Bank Global Findex,2026-03-21 11:22:05.560394+00:00
Cameroon,CMR,2014,0.121777347,0.113510369,0.017966049,,0.566898552,World Bank Global Findex,2026-03-21 11:22:05.560394+00:00
Cameroon,CMR,2017,0.345907909,0.268667702,0.151378299,,0.526952705,World Bank Global Findex,2026-03-21 11:22:05.560394+00:00
Cameroon,CMR,2021,0.51654813,0.235348523,0.424330278,,0.585624531,World Bank Global Findex,2026-03-21 11:22:05.560394+00:00
Cameroon,CMR,2024,0.608737909,0.209972994,0.550654518,0.562458145,0.692324966,World Bank Global Findex,2026-03-21 11:22:05.560394+00:00
"Congo, Dem. Rep.",COD,2011,0.036967262,0.036967262,,,,World Bank Global Findex,2026-03-21 11:22:05.560394+00:00
"Congo, Dem. Rep.",COD,2014,0.174769844,0.10907591,0.092086641,,0.570768841,World Bank Global Findex,2026-03-21 11:22:05.560394+00:00
"Congo, Dem. Rep.",COD,2017,0.25825675,0.149951964,0.160963406,,0.348494785,World Bank Global Findex,2026-03-21 11:22:05.560394+00:00
"Congo, Dem. Rep.",COD,2022,0.274411308,0.096274916,0.226761835,,0.511658839,World Bank Global Findex,2026-03-21 11:22:05.560394+00:00
"Congo, Dem. Rep.",COD,2024,0.392140115,0.135068648,0.351182388,0.358637056,0.706986604,World Bank Global Findex,2026-03-21 11:22:05.560394+00:00
"Congo, Rep.",COG,2011,0.100480566,0.100480566,,,,World Bank Global Findex,2026-03-21 11:22:05.560394+00:00
"Congo, Rep.",COG,2014,0.170695977,0.166836554,0.01985446,,0.421957072,World Bank Global Findex,2026-03-21 11:22:05.560394+00:00
"Congo, Rep.",COG,2017,0.260927488,0.232579674,0.062384391,,0.404008414,World Bank Global Findex,2026-03-21 11:22:05.560394+00:00
"Congo, Rep.",COG,2021,0.471421558,0.181228885,0.367774409,,0.415829569,World Bank Global Findex,2026-03-21 11:22:05.560394+00:00
"Congo, Rep.",COG,2024,0.555760388,0.147200014,0.515921177,0.529683278,0.646733408,World Bank Global Findex,2026-03-21 11:22:05.560394+00:00
Colombia,COL,2011,0.30427801,0.30427801,,,,World Bank Global Findex,2026-03-21 11:22:05.560394+00:00
Colombia,COL,2014,0.389990168,0.383533374,0.02212442,,0.431373537,World Bank Global Findex,2026-03-21 11:22:05.560394+00:00
Colombia,COL,2017,0.457592285,0.448889825,0.047374512,,0.412988194,World Bank Global Findex,2026-03-21 11:22:05.560394+00:00
Colombia,COL,2021,0.597159079,0.559431464,0.217662657,,0.482360887,World Bank Global Findex,2026-03-21 11:22:05.560394+00:00
Colombia,COL,2024,0.570594856,0.433789765,0.391465593,0.460045598,0.463127912,World Bank Global Findex,2026-03-21 11:22:05.560394+00:00
Comoros,COM,2011,0.21694674,0.21694674,,,,World Bank Global Findex,2026-03-21 11:22:05.560394+00:00
Comoros,COM,2022,0.342501735,0.305175093,0.077259066,,0.416095705,World Bank Global Findex,2026-03-21 11:22:05.560394+00:00
Comoros,COM,2024,0.454593974,0.408476637,0.140937863,0.231367934,0.681546267,World Bank Global Findex,2026-03-21 11:22:05.560394+00:00
Costa Rica,CRI,2011,0.503587278,0.503587278,,,,World Bank Global Findex,2026-03-21 11:22:05.560394+00:00
Costa Rica,CRI,2014,0.645530648,0.645530648,,,0.441616551,World Bank Global Findex,2026-03-21 11:22:05.560394+00:00
Costa Rica,CRI,2017,0.678383576,0.678383576,,,0.355600181,World Bank Global Findex,2026-03-21 11:22:05.560394+00:00
Costa Rica,CRI,2021,0.684896898,0.684896898,,,0.377969648,World Bank Global Findex,2026-03-21 11:22:05.560394+00:00
Costa Rica,CRI,2024,0.713527071,0.713527071,,0.575572693,0.37723028,World Bank Global Findex,2026-03-21 11:22:05.560394+00:00
Cyprus,CYP,2011,0.852376451,0.852376451,,,,World Bank Global Findex,2026-03-21 11:22:05.560394+00:00
Cyprus,CYP,2014,0.901502022,0.901502022,,,0.485548283,World Bank Global Findex,2026-03-21 11:22:05.560394+00:00
Cyprus,CYP,2017,0.887157641,0.887157641,,,0.439241001,World Bank Global Findex,2026-03-21 11:22:05.560394+00:00
Cyprus,CYP,2021,0.931299046,0.931299046,,,0.489509071,World Bank Global Findex,2026-03-21 11:22:05.560394+00:00
Cyprus,CYP,2024,0.961259313,0.961259313,,,,World Bank Global Findex,2026-03-21 11:22:05.560394+00:00
Czechia,CZE,2011,0.806511951,0.806511951,,,,World Bank Global Findex,2026-03-21 11:22:05.560394+00:00
Czechia,CZE,2014,0.821782079,0.821782079,,,0.42180053,World Bank Global Findex,2026-03-21 11:22:05.560394+00:00
Czechia,CZE,2017,0.80992266,0.80992266,,,0.39256154,World Bank Global Findex,2026-03-21 11:22:05.560394+00:00
Czechia,CZE,2021,0.949367049,0.949367049,,,0.41609589,World Bank Global Findex,2026-03-21 11:22:05.560394+00:00
Czechia,CZE,2024,0.922832885,0.922832885,,,,World Bank Global Findex,2026-03-21 11:22:05.560394+00:00
Germany,DEU,2011,0.981336173,0.981336173,,,,World Bank Global Findex,2026-03-21 11:22:05.560394+00:00
Germany,DEU,2014,0.987604067,0.987604067,,,0.551508826,World Bank Global Findex,2026-03-21 11:22:05.560394+00:00
Germany,DEU,2017,0.99141186,0.99141186,,,0.640730460387056,World Bank Global Findex,2026-03-21 11:22:05.560394+00:00
Germany,DEU,2021,0.999765938,0.999765938,,,0.663621527,World Bank Global Findex,2026-03-21 11:22:05.560394+00:00
Germany,DEU,2024,0.982983236,0.982983236,,,,World Bank Global Findex,2026-03-21 11:22:05.560394+00:00
Djibouti,DJI,2011,0.122738821,0.122738821,,,,World Bank Global Findex,2026-03-21 11:22:05.560394+00:00
Denmark,DNK,2011,0.997367892,0.997367892,,,,World Bank Global Findex,2026-03-21 11:22:05.560394+00:00
Denmark,DNK,2014,1.0,1.0,,,0.525467593,World Bank Global Findex,2026-03-21 11:22:05.560394+00:00
Denmark,DNK,2017,0.999173727,0.999173727,,,0.534755537,World Bank Global Findex,2026-03-21 11:22:05.560394+00:00
Denmark,DNK,2021,1.0,1.0,,,0.625474095,World Bank Global Findex,2026-03-21 11:22:05.560394+00:00
Denmark,DNK,2024,0.986505141,0.986505141,,,,World Bank Global Findex,2026-03-21 11:22:05.560394+00:00
Dominican Republic,DOM,2011,0.382046712,0.382046712,,,,World Bank Global Findex,2026-03-21 11:22:05.560394+00:00
Dominican Republic,DOM,2014,0.540909896,0.53986396,0.023180556,,0.558611544,World Bank Global Findex,2026-03-21 11:22:05.560394+00:00
Dominican Republic,DOM,2017,0.56239191,0.547829503,0.038946795,,0.511251833,World Bank Global Findex,2026-03-21 11:22:05.560394+00:00
Dominican Republic,DOM,2021,0.512980113,0.49546077,0.075716879,,0.450940706,World Bank Global Findex,2026-03-21 11:22:05.560394+00:00
Dominican Republic,DOM,2024,0.647779639,0.632920319,0.180158284,0.417732053,0.637816786,World Bank Global Findex,2026-03-21 11:22:05.560394+00:00
Algeria,DZA,2011,0.332861125,0.332861125,,,,World Bank Global Findex,2026-03-21 11:22:05.560394+00:00
Algeria,DZA,2014,0.504757907,0.504757907,,,0.257866151,World Bank Global Findex,2026-03-21 11:22:05.560394+00:00
Algeria,DZA,2017,0.427766256,0.427766256,,,0.288700674,World Bank Global Findex,2026-03-21 11:22:05.560394+00:00
Algeria,DZA,2021,0.440970221,0.440970221,,,0.375919113,World Bank Global Findex,2026-03-21 11:22:05.560394+00:00
Algeria,DZA,2024,0.352901069,0.352901069,,0.1177107,0.341381414,World Bank Global Findex,2026-03-21 11:22:05.560394+00:00
East Asia & Pacific (excluding high income),EAP,2011,0.549851834,0.549851834,,,,World Bank Global Findex,2026-03-21 11:22:05.560394+00:00
East Asia & Pacific (excluding high income),EAP,2014,0.688136459,0.686076236,0.00409759,,0.466106954,World Bank Global Findex,2026-03-21 11:22:05.560394+00:00
East Asia & Pacific (excluding high income),EAP,2017,0.703695935,0.701069579,0.01232804,,0.468439989,World Bank Global Findex,2026-03-21 11:22:05.560394+00:00
East Asia & Pacific (excluding high income),EAP,2021,0.797010613,0.789460599,0.063435433,,0.518577987,World Bank Global Findex,2026-03-21 11:22:05.560394+00:00
East Asia & Pacific (excluding high income),EAP,2024,0.83343266,0.821925209,0.069058118,0.746202981017486,0.533465134,World Bank Global Findex,2026-03-21 11:22:05.560394+00:00
Europe & Central Asia (excluding high income),ECA,2011,0.444287205,0.444287205,,,,World Bank Global Findex,2026-03-21 11:22:05.560394+00:00
Europe & Central Asia (excluding high income),ECA,2014,0.573789112,0.573445062,0.001571051,,0.447795107,World Bank Global Findex,2026-03-21 11:22:05.560394+00:00
Europe & Central Asia (excluding high income),ECA,2017,0.655453686,0.653193396,0.033315735,,0.459748413,World Bank Global Findex,2026-03-21 11:22:05.560394+00:00
Europe & Central Asia (excluding high income),ECA,2021,0.775996414,0.769528616,0.171931867,,0.527229376,World Bank Global Findex,2026-03-21 11:22:05.560394+00:00
Europe & Central Asia (excluding high income),ECA,2024,0.778490635,0.775779213,0.106686028,0.61396154,0.551010567,World Bank Global Findex,2026-03-21 11:22:05.560394+00:00
Ecuador,ECU,2011,0.367355009,0.367355009,,,,World Bank Global Findex,2026-03-21 11:22:05.560394+00:00
Ecuador,ECU,2014,0.462124251,0.462124251,,,0.256366685,World Bank Global Findex,2026-03-21 11:22:05.560394+00:00
Ecuador,ECU,2017,0.512460172,0.508677729,0.029369748,,0.319297881,World Bank Global Findex,2026-03-21 11:22:05.560394+00:00
Ecuador,ECU,2021,0.641767161,0.641767161,,,0.471014897,World Bank Global Findex,2026-03-21 11:22:05.560394+00:00
Ecuador,ECU,2024,0.645052104,0.639477053,0.100848646,0.383949186,0.479547621,World Bank Global Findex,2026-03-21 11:22:05.560394+00:00
"Egypt, Arab Rep.",EGY,2011,0.097199806,0.097199806,,,,World Bank Global Findex,2026-03-21 11:22:05.560394+00:00
"Egypt, Arab Rep.",EGY,2014,0.14126797,0.13651753,0.011449442,,0.351519807,World Bank Global Findex,2026-03-21 11:22:05.560394+00:00
"Egypt, Arab Rep.",EGY,2017,0.327843607,0.320713584,0.017920163,,0.490587986,World Bank Global Findex,2026-03-21 11:22:05.560394+00:00
"Egypt, Arab Rep.",EGY,2021,0.274440057,0.26098911,0.02915438,,0.464418889,World Bank Global Findex,2026-03-21 11:22:05.560394+00:00
"Egypt, Arab Rep.",EGY,2024,0.431134368,0.352735535,0.156072041,0.282377388,0.560872486,World Bank Global Findex,2026-03-21 11:22:05.560394+00:00
Spain,ESP,2011,0.93277603,0.93277603,,,,World Bank Global Findex,2026-03-21 11:22:05.560394+00:00
Spain,ESP,2014,0.975753066,0.975753066,,,0.688800623,World Bank Global Findex,2026-03-21 11:22:05.560394+00:00
Spain,ESP,2017,0.937557047,0.937557047,,,0.595633447,World Bank Global Findex,2026-03-21 11:22:05.560394+00:00
Spain,ESP,2021,0.982984395,0.982984395,,,0.57913834,World Bank Global Findex,2026-03-21 11:22:05.560394+00:00
Spain,ESP,2024,0.983807416,0.983807416,,,,World Bank Global Findex,2026-03-21 11:22:05.560394+00:00
Estonia,EST,2011,0.96824276,0.96824276,,,,World Bank Global Findex,2026-03-21 11:22:05.560394+00:00
Estonia,EST,2014,0.97671671,0.97671671,,,0.48558247,World Bank Global Findex,2026-03-21 11:22:05.560394+00:00
Estonia,EST,2017,0.979939712,0.979939712,,,0.396877414,World Bank Global Findex,2026-03-21 11:22:05.560394+00:00
Estonia,EST,2021,0.993765668,0.993765668,,,0.468276853,World Bank Global Findex,2026-03-21 11:22:05.560394+00:00
Estonia,EST,2024,0.989011091,0.989011091,,,,World Bank Global Findex,2026-03-21 11:22:05.560394+00:00
Ethiopia,ETH,2014,0.217915817,0.217915817,0.0002789486415923,,0.435200472,World Bank Global Findex,2026-03-21 11:22:05.560394+00:00
Ethiopia,ETH,2017,0.348275699,0.348275699,0.003159289,,0.412215258,World Bank Global Findex,2026-03-21 11:22:05.560394+00:00
Ethiopia,ETH,2022,0.464800688,0.460486468,0.046384017,,0.388982032,World Bank Global Findex,2026-03-21 11:22:05.560394+00:00
Ethiopia,ETH,2024,0.488302768,0.484704021,0.094548896,0.160954994,0.536654503,World Bank Global Findex,2026-03-21 11:22:05.560394+00:00
Finland,FIN,2011,0.99651252,0.99651252,,,,World Bank Global Findex,2026-03-21 11:22:05.560394+00:00
Finland,FIN,2014,1.0,1.0,,,0.68227904,World Bank Global Findex,2026-03-21 11:22:05.560394+00:00
Finland,FIN,2017,0.997854185,0.997854185,,,0.613535868,World Bank Global Findex,2026-03-21 11:22:05.560394+00:00
Finland,FIN,2021,0.995301883,0.995301883,,,0.604609672,World Bank Global Findex,2026-03-21 11:22:05.560394+00:00
Finland,FIN,2024,0.998426818,0.998426818,,,,World Bank Global Findex,2026-03-21 11:22:05.560394+00:00
France,FRA,2011,0.969838847,0.969838847,,,,World Bank Global Findex,2026-03-21 11:22:05.560394+00:00
France,FRA,2014,0.965827529,0.965827529,,,0.511122073,World Bank Global Findex,2026-03-21 11:22:05.560394+00:00
France,FRA,2017,0.94004046,0.94004046,,,0.516054361,World Bank Global Findex,2026-03-21 11:22:05.560394+00:00
France,FRA,2021,0.992442955,0.992442955,,,0.525783324,World Bank Global Findex,2026-03-21 11:22:05.560394+00:00
France,FRA,2024,0.991902372,0.991902372,,,,World Bank Global Findex,2026-03-21 11:22:05.560394+00:00
Gabon,GAB,2011,0.189465176,0.189465176,,,,World Bank Global Findex,2026-03-21 11:22:05.560394+00:00
Gabon,GAB,2014,0.330141832,0.301545536,0.066484249,,0.397186599,World Bank Global Findex,2026-03-21 11:22:05.560394+00:00
Gabon,GAB,2017,0.586019984,0.339846588,0.435779884,,0.55959033,World Bank Global Findex,2026-03-21 11:22:05.560394+00:00
Gabon,GAB,2021,0.660899713,0.275526987934855,0.574777732,,0.570764477,World Bank Global Findex,2026-03-21 11:22:05.560394+00:00
Gabon,GAB,2024,0.681812563,0.248315312,0.616415501,0.631165575,0.592067953,World Bank Global Findex,2026-03-21 11:22:05.560394+00:00
United Kingdom,GBR,2011,0.972012849,0.972012849,,,,World Bank Global Findex,2026-03-21 11:22:05.560394+00:00
United Kingdom,GBR,2014,0.989310548,0.989310548,,,0.702600161,World Bank Global Findex,2026-03-21 11:22:05.560394+00:00
United Kingdom,GBR,2017,0.963663189,0.963663189,,,0.746094849,World Bank Global Findex,2026-03-21 11:22:05.560394+00:00
United Kingdom,GBR,2021,0.997632738,0.997632738,,,0.618298663,World Bank Global Findex,2026-03-21 11:22:05.560394+00:00
United Kingdom,GBR,2024,0.992843093,0.992843093,,,,World Bank Global Findex,2026-03-21 11:22:05.560394+00:00
Georgia,GEO,2011,0.329809682,0.329809682,,,,World Bank Global Findex,2026-03-21 11:22:05.560394+00:00
Georgia,GEO,2014,0.396650699,0.396650699,,,0.366455292,World Bank Global Findex,2026-03-21 11:22:05.560394+00:00
Georgia,GEO,2017,0.612304463,0.612304463,0.022010216,,0.449126515,World Bank Global Findex,2026-03-21 11:22:05.560394+00:00
Georgia,GEO,2021,0.704986886,0.704718533,0.082312009,,0.403329959,World Bank Global Findex,2026-03-21 11:22:05.560394+00:00
Georgia,GEO,2024,0.788236411,0.788236411,,0.590301255,0.584972551,World Bank Global Findex,2026-03-21 11:22:05.560394+00:00
Ghana,GHA,2011,0.294253536,0.294253536,,,,World Bank Global Findex,2026-03-21 11:22:05.560394+00:00
Ghana,GHA,2014,0.405057942,0.346183758,0.130065504,,0.366596765,World Bank Global Findex,2026-03-21 11:22:05.560394+00:00
Ghana,GHA,2017,0.577175264,0.422841658,0.389477818,,0.402703097,World Bank Global Findex,2026-03-21 11:22:05.560394+00:00
Ghana,GHA,2021,0.682303948,0.391966216,0.596879304,,0.522063932,World Bank Global Findex,2026-03-21 11:22:05.560394+00:00
Ghana,GHA,2024,0.812430252,0.387411034,0.782813635,0.792804742,0.742406576,World Bank Global Findex,2026-03-21 11:22:05.560394+00:00
Guinea,GIN,2011,0.0368785,0.0368785,,,,World Bank Global Findex,2026-03-21 11:22:05.560394+00:00
Guinea,GIN,2014,0.069600173,0.061701273,0.014732857,,0.525215609,World Bank Global Findex,2026-03-21 11:22:05.560394+00:00
Guinea,GIN,2017,0.23486035,0.146278775,0.137804687,,0.396155249,World Bank Global Findex,2026-03-21 11:22:05.560394+00:00
Guinea,GIN,2021,0.304403355,0.137707459,0.215100208,,0.56955286,World Bank Global Findex,2026-03-21 11:22:05.560394+00:00
Guinea,GIN,2024,0.36048025,0.169033571,0.258219395,0.29254098,0.755613416,World Bank Global Findex,2026-03-21 11:22:05.560394+00:00
"Gambia, The",GMB,2017,0.285604825,0.285604825,,,0.33790394,World Bank Global Findex,2026-03-21 11:22:05.560394+00:00
"Gambia, The",GMB,2022,0.330110184,0.313944839,0.03745625,,0.541952339,World Bank Global Findex,2026-03-21 11:22:05.560394+00:00
"Gambia, The",GMB,2024,0.381609042,0.308469116,0.190885438,0.227662762,0.575547389,World Bank Global Findex,2026-03-21 11:22:05.560394+00:00
Greece,GRC,2011,0.779398584,0.779398584,,,,World Bank Global Findex,2026-03-21 11:22:05.560394+00:00
Greece,GRC,2014,0.875186471,0.875186471,,,0.324195807,World Bank Global Findex,2026-03-21 11:22:05.560394+00:00
Greece,GRC,2017,0.854665211,0.854665211,,,0.265657401,World Bank Global Findex,2026-03-21 11:22:05.560394+00:00
Greece,GRC,2021,0.94884104,0.94884104,,,0.477301755,World Bank Global Findex,2026-03-21 11:22:05.560394+00:00
Greece,GRC,2024,0.885519759,0.885519759,,,,World Bank Global Findex,2026-03-21 11:22:05.560394+00:00
Guatemala,GTM,2011,0.223188831,0.223188831,,,,World Bank Global Findex,2026-03-21 11:22:05.560394+00:00
Guatemala,GTM,2014,0.413492185,0.407867284,0.017702767,,0.452081432,World Bank Global Findex,2026-03-21 11:22:05.560394+00:00
Guatemala,GTM,2017,0.441070072,0.435352906,0.02126406,,0.324034596,World Bank Global Findex,2026-03-21 11:22:05.560394+00:00
Guatemala,GTM,2022,0.369778819,0.348501939,0.052358035,,0.317083693,World Bank Global Findex,2026-03-21 11:22:05.560394+00:00
Guatemala,GTM,2024,0.382819484,0.375315801,0.03300105,0.132038886,0.412521779,World Bank Global Findex,2026-03-21 11:22:05.560394+00:00
High income,HIC,2011,0.874835395,0.874835395,,,,World Bank Global Findex,2026-03-21 11:22:05.560394+00:00
High income,HIC,2014,0.921518292,0.92145561,0.001740884,,,World Bank Global Findex,2026-03-21 11:22:05.560394+00:00
High income,HIC,2017,0.929588596307588,0.92940858,0.005384701,,,World Bank Global Findex,2026-03-21 11:22:05.560394+00:00
High income,HIC,2021,0.958343832,0.958235018,0.002525378,,,World Bank Global Findex,2026-03-21 11:22:05.560394+00:00
High income,HIC,2024,0.949131387,0.94858257,0.043055753,,,World Bank Global Findex,2026-03-21 11:22:05.560394+00:00
"Hong Kong SAR, China",HKG,2011,0.886860397,0.886860397,,,,World Bank Global Findex,2026-03-21 11:22:05.560394+00:00
"Hong Kong SAR, China",HKG,2014,0.961476401,0.961476401,,,0.676181828,World Bank Global Findex,2026-03-21 11:22:05.560394+00:00
"Hong Kong SAR, China",HKG,2017,0.952832589,0.952832589,,,0.663590346,World Bank Global Findex,2026-03-21 11:22:05.560394+00:00
"Hong Kong SAR, China",HKG,2021,0.978012444,0.978012444,,,0.730059642,World Bank Global Findex,2026-03-21 11:22:05.560394+00:00
"Hong Kong SAR, China",HKG,2024,0.973080247,0.973080247,,,,World Bank Global Findex,2026-03-21 11:22:05.560394+00:00
Honduras,HND,2011,0.205122646,0.205122646,,,,World Bank Global Findex,2026-03-21 11:22:05.560394+00:00
Honduras,HND,2014,0.314863604,0.300436578,0.034087009,,0.430918852,World Bank Global Findex,2026-03-21 11:22:05.560394+00:00
Honduras,HND,2017,0.453429696,0.429444273,0.061960126,,0.336468365,World Bank Global Findex,2026-03-21 11:22:05.560394+00:00
Honduras,HND,2021,0.378497022,0.338765086,0.088682307,,0.376905927,World Bank Global Findex,2026-03-21 11:22:05.560394+00:00
Honduras,HND,2024,0.424429707,0.39273054,0.108892565,0.228849199,0.494050304,World Bank Global Findex,2026-03-21 11:22:05.560394+00:00
Croatia,HRV,2011,0.883910203,0.883910203,,,,World Bank Global Findex,2026-03-21 11:22:05.560394+00:00
Croatia,HRV,2014,0.860250964,0.860250964,,,0.614047593,World Bank Global Findex,2026-03-21 11:22:05.560394+00:00
Croatia,HRV,2017,0.861434539,0.861434539,,,0.511684119,World Bank Global Findex,2026-03-21 11:22:05.560394+00:00
Croatia,HRV,2021,0.918041947,0.918041947,,,0.465129747,World Bank Global Findex,2026-03-21 11:22:05.560394+00:00
Croatia,HRV,2024,0.926404988,0.926404988,,0.779412258,0.527211809,World Bank Global Findex,2026-03-21 11:22:05.560394+00:00
Haiti,HTI,2011,0.220072688,0.220072688,,,,World Bank Global Findex,2026-03-21 11:22:05.560394+00:00
Haiti,HTI,2014,0.188586778,0.174960995,0.037826898,,0.476573556,World Bank Global Findex,2026-03-21 11:22:05.560394+00:00
Haiti,HTI,2017,0.326211865,0.281889494,0.135171894,,0.39689112,World Bank Global Findex,2026-03-21 11:22:05.560394+00:00
Hungary,HUN,2011,0.726743207,0.726743207,,,,World Bank Global Findex,2026-03-21 11:22:05.560394+00:00
Hungary,HUN,2014,0.722568274,0.722568274,,,0.361848436,World Bank Global Findex,2026-03-21 11:22:05.560394+00:00
Hungary,HUN,2017,0.749449653,0.749449653,,,0.247631965,World Bank Global Findex,2026-03-21 11:22:05.560394+00:00
Hungary,HUN,2021,0.882187886,0.882187886,,,0.296003408,World Bank Global Findex,2026-03-21 11:22:05.560394+00:00
Hungary,HUN,2024,0.869605631,0.869605631,,,,World Bank Global Findex,2026-03-21 11:22:05.560394+00:00
Indonesia,IDN,2011,0.195819908,0.195819908,,,,World Bank Global Findex,2026-03-21 11:22:05.560394+00:00
Indonesia,IDN,2014,0.360589893,0.359473605,0.004496315,,0.568361366,World Bank Global Findex,2026-03-21 11:22:05.560394+00:00
Indonesia,IDN,2017,0.488574509,0.483920589,0.031239157,,0.548448868,World Bank Global Findex,2026-03-21 11:22:05.560394+00:00
Indonesia,IDN,2021,0.517553241,0.505058459,0.092923176,,0.415923159,World Bank Global Findex,2026-03-21 11:22:05.560394+00:00
Indonesia,IDN,2024,0.563278494,0.523919069,0.220129024,0.373694773,0.476360603,World Bank Global Findex,2026-03-21 11:22:05.560394+00:00
India,IND,2011,0.352318385,0.352318385,,,,World Bank Global Findex,2026-03-21 11:22:05.560394+00:00
India,IND,2014,0.5314155,0.527538087,0.023522101,,0.477883932,World Bank Global Findex,2026-03-21 11:22:05.560394+00:00
India,IND,2017,0.798753285,0.798401862,0.019945431,,0.423909791,World Bank Global Findex,2026-03-21 11:22:05.560394+00:00
India,IND,2021,0.775291371,0.773020511,0.104396875,,0.44794066,World Bank Global Findex,2026-03-21 11:22:05.560394+00:00
India,IND,2024,0.890248225,0.886553603,0.231007554,0.31066887,0.633357171,World Bank Global Findex,2026-03-21 11:22:05.560394+00:00
Ireland,IRL,2011,0.938883535,0.938883535,,,,World Bank Global Findex,2026-03-21 11:22:05.560394+00:00
Ireland,IRL,2014,0.947101387,0.947101387,,,0.617264947,World Bank Global Findex,2026-03-21 11:22:05.560394+00:00
Ireland,IRL,2017,0.953404529,0.953404529,,,0.635941432,World Bank Global Findex,2026-03-21 11:22:05.560394+00:00
Ireland,IRL,2021,0.996633988,0.996633988,,,0.617138827,World Bank Global Findex,2026-03-21 11:22:05.560394+00:00
Ireland,IRL,2024,0.982929182,0.982929182,,,,World Bank Global Findex,2026-03-21 11:22:05.560394+00:00
"Iran, Islamic Rep.",IRN,2011,0.736838511,0.736838511,,,,World Bank Global Findex,2026-03-21 11:22:05.560394+00:00
"Iran, Islamic Rep.",IRN,2014,0.922802533,0.921752207,0.044956916,,0.818403576,World Bank Global Findex,2026-03-21 11:22:05.560394+00:00
"Iran, Islamic Rep.",IRN,2017,0.939819167,0.933562762,0.262966091,,0.682021745,World Bank Global Findex,2026-03-21 11:22:05.560394+00:00
"Iran, Islamic Rep.",IRN,2021,0.899846708,0.896203731,0.123863508,,0.610855113,World Bank Global Findex,2026-03-21 11:22:05.560394+00:00
"Iran, Islamic Rep.",IRN,2024,0.910610045,0.910610045,0.131040105,0.851175735,0.671335532,World Bank Global Findex,2026-03-21 11:22:05.560394+00:00
Iraq,IRQ,2011,0.105537449,0.105537449,,,,World Bank Global Findex,2026-03-21 11:22:05.560394+00:00
Iraq,IRQ,2014,0.109723491,0.109723491,,,0.694200751,World Bank Global Findex,2026-03-21 11:22:05.560394+00:00
Iraq,IRQ,2017,0.226651525,0.203255182,0.042147556,,0.634414478,World Bank Global Findex,2026-03-21 11:22:05.560394+00:00
Iraq,IRQ,2021,0.185652818,0.157623938,0.04805505,,0.528675561,World Bank Global Findex,2026-03-21 11:22:05.560394+00:00
Iraq,IRQ,2024,0.301610518,0.282661963,0.118649863,0.19390909,0.729688157,World Bank Global Findex,2026-03-21 11:22:05.560394+00:00
Iceland,ISL,2021,1.0,1.0,,,0.853018602,World Bank Global Findex,2026-03-21 11:22:05.560394+00:00
Iceland,ISL,2024,0.998548358,0.998548358,,,,World Bank Global Findex,2026-03-21 11:22:05.560394+00:00
Israel,ISR,2011,0.904686394,0.904686394,,,,World Bank Global Findex,2026-03-21 11:22:05.560394+00:00
Israel,ISR,2014,0.899527758,0.899527758,,,0.844841376,World Bank Global Findex,2026-03-21 11:22:05.560394+00:00
Israel,ISR,2017,0.928149668,0.928149668,,,0.831834804,World Bank Global Findex,2026-03-21 11:22:05.560394+00:00
Israel,ISR,2021,0.929252212,0.929252212,,,0.830418162,World Bank Global Findex,2026-03-21 11:22:05.560394+00:00
Israel,ISR,2024,0.892691974,0.892691974,,,,World Bank Global Findex,2026-03-21 11:22:05.560394+00:00
Italy,ITA,2011,0.710085305,0.710085305,,,,World Bank Global Findex,2026-03-21 11:22:05.560394+00:00
Italy,ITA,2014,0.873345771,0.873345771,,,0.609731077,World Bank Global Findex,2026-03-21 11:22:05.560394+00:00
Italy,ITA,2017,0.9378502,0.9378502,,,0.559906165,World Bank Global Findex,2026-03-21 11:22:05.560394+00:00
Italy,ITA,2021,0.972945565,0.972945565,,,0.588985903,World Bank Global Findex,2026-03-21 11:22:05.560394+00:00
Italy,ITA,2024,0.860191093,0.860191093,,,,World Bank Global Findex,2026-03-21 11:22:05.560394+00:00
Jamaica,JAM,2011,0.709915018,0.709915018,,,,World Bank Global Findex,2026-03-21 11:22:05.560394+00:00
Jamaica,JAM,2014,0.78458207,0.783459619,0.009165031,,0.490412823,World Bank Global Findex,2026-03-21 11:22:05.560394+00:00
Jamaica,JAM,2021,0.733003615,0.72670044,0.126601306,,0.318225033,World Bank Global Findex,2026-03-21 11:22:05.560394+00:00
Jordan,JOR,2011,0.254710972,0.254710972,,,,World Bank Global Findex,2026-03-21 11:22:05.560394+00:00
Jordan,JOR,2014,0.246159099,0.246159099,0.004686658,,0.331072143,World Bank Global Findex,2026-03-21 11:22:05.560394+00:00
Jordan,JOR,2017,0.424930235,0.420827774,0.010609684,,0.476769056,World Bank Global Findex,2026-03-21 11:22:05.560394+00:00
Jordan,JOR,2021,0.471196643,0.433539459,0.106597836,,0.535250702,World Bank Global Findex,2026-03-21 11:22:05.560394+00:00
Jordan,JOR,2024,0.464573138,0.395770643,0.205639167812616,0.29467966,0.65215713,World Bank Global Findex,2026-03-21 11:22:05.560394+00:00
Japan,JPN,2011,0.964220483,0.964220483,,,,World Bank Global Findex,2026-03-21 11:22:05.560394+00:00
Japan,JPN,2014,0.966455822,0.966455822,,,0.594256192,World Bank Global Findex,2026-03-21 11:22:05.560394+00:00
Japan,JPN,2017,0.98243392,0.98243392,,,0.565550868,World Bank Global Findex,2026-03-21 11:22:05.560394+00:00
Japan,JPN,2021,0.9848942,0.9848942,,,0.642210077,World Bank Global Findex,2026-03-21 11:22:05.560394+00:00
Japan,JPN,2024,0.985235592,0.985235592,,,,World Bank Global Findex,2026-03-21 11:22:05.560394+00:00
Kazakhstan,KAZ,2011,0.421050923,0.421050923,,,,World Bank Global Findex,2026-03-21 11:22:05.560394+00:00
Kazakhstan,KAZ,2014,0.539074168,0.539074168,,,0.450238906,World Bank Global Findex,2026-03-21 11:22:05.560394+00:00
Kazakhstan,KAZ,2017,0.586975352,0.586975352,,,0.455868496,World Bank Global Findex,2026-03-21 11:22:05.560394+00:00
Kazakhstan,KAZ,2021,0.811084645,0.811084645,,,0.473883208,World Bank Global Findex,2026-03-21 11:22:05.560394+00:00
Kazakhstan,KAZ,2024,0.870486447,0.84197223,0.488575255,0.779809621,0.62828652,World Bank Global Findex,2026-03-21 11:22:05.560394+00:00
Kenya,KEN,2011,0.423434544,0.423434544,,,,World Bank Global Findex,2026-03-21 11:22:05.560394+00:00
Kenya,KEN,2014,0.746578329,0.552055402,0.583926337,,0.793950501,World Bank Global Findex,2026-03-21 11:22:05.560394+00:00
Kenya,KEN,2017,0.815675646,0.557179517,0.729316807,,0.643736214,World Bank Global Findex,2026-03-21 11:22:05.560394+00:00
Kenya,KEN,2021,0.791951576,0.505732474,0.686586916,,0.761588256,World Bank Global Findex,2026-03-21 11:22:05.560394+00:00
Kenya,KEN,2024,0.901199174,0.454278444,0.874994113,0.894038659,0.818839859,World Bank Global Findex,2026-03-21 11:22:05.560394+00:00
Kyrgyz Republic,KGZ,2011,0.037572643,0.037572643,,,,World Bank Global Findex,2026-03-21 11:22:05.560394+00:00
Kyrgyz Republic,KGZ,2014,0.184706012,0.184706012,,,0.382071964,World Bank Global Findex,2026-03-21 11:22:05.560394+00:00
Kyrgyz Republic,KGZ,2017,0.399420035,0.382831645,0.031068763,,0.321838994,World Bank Global Findex,2026-03-21 11:22:05.560394+00:00
Kyrgyz Republic,KGZ,2021,0.45094844,0.409704875,0.114294363,,0.429731124,World Bank Global Findex,2026-03-21 11:22:05.560394+00:00
Kyrgyz Republic,KGZ,2024,0.722642376,0.699585473,0.310351086,0.591015348,0.628881007,World Bank Global Findex,2026-03-21 11:22:05.560394+00:00
Cambodia,KHM,2011,0.036597117,0.036597117,,,,World Bank Global Findex,2026-03-21 11:22:05.560394+00:00
Cambodia,KHM,2014,0.221652658,0.125564942,0.132945547,,0.620573997,World Bank Global Findex,2026-03-21 11:22:05.560394+00:00
Cambodia,KHM,2017,0.216717841,0.1780216892545709,0.056595087,,0.587125811,World Bank Global Findex,2026-03-21 11:22:05.560394+00:00
Cambodia,KHM,2021,0.333949916,0.325966339,0.065982333,,0.55023575,World Bank Global Findex,2026-03-21 11:22:05.560394+00:00
Cambodia,KHM,2024,0.390314429,0.372688785,0.168896941,0.32236086,0.655354059,World Bank Global Findex,2026-03-21 11:22:05.560394+00:00
"Korea, Rep.",KOR,2011,0.93046869,0.93046869,,,,World Bank Global Findex,2026-03-21 11:22:05.560394+00:00
"Korea, Rep.",KOR,2014,0.943608135,0.943608135,,,0.678764657,World Bank Global Findex,2026-03-21 11:22:05.560394+00:00
"Korea, Rep.",KOR,2017,0.948510127,0.948510127,,,0.726251686,World Bank Global Findex,2026-03-21 11:22:05.560394+00:00
"Korea, Rep.",KOR,2021,0.986713471,0.986713471,,,0.746614464,World Bank Global Findex,2026-03-21 11:22:05.560394+00:00
"Korea, Rep.",KOR,2024,0.968949449,0.96743749,0.601022033,,,World Bank Global Findex,2026-03-21 11:22:05.560394+00:00
Kuwait,KWT,2011,0.867732441,0.867732441,,,,World Bank Global Findex,2026-03-21 11:22:05.560394+00:00
Kuwait,KWT,2014,0.729081838,0.729081838,,,0.638043872,World Bank Global Findex,2026-03-21 11:22:05.560394+00:00
Kuwait,KWT,2017,0.798401514,0.798401514,,,0.460907923,World Bank Global Findex,2026-03-21 11:22:05.560394+00:00
Kuwait,KWT,2024,0.744578561,0.744578561,,,,World Bank Global Findex,2026-03-21 11:22:05.560394+00:00
Latin America & Caribbean (excluding high income),LAC,2011,0.394777033,0.394777033,,,,World Bank Global Findex,2026-03-21 11:22:05.560394+00:00
Latin America & Caribbean (excluding high income),LAC,2014,0.515667405,0.513063045,0.017104259,,0.423607092,World Bank Global Findex,2026-03-21 11:22:05.560394+00:00
Latin America & Caribbean (excluding high income),LAC,2017,0.543777324,0.534853502,0.051930481,,0.375863223,World Bank Global Findex,2026-03-21 11:22:05.560394+00:00
Latin America & Caribbean (excluding high income),LAC,2021,0.671346843,0.650186537,0.219347487,,0.478015227,World Bank Global Findex,2026-03-21 11:22:05.560394+00:00
Latin America & Caribbean (excluding high income),LAC,2024,0.697191455,0.664234704,0.372803921,0.541133601,0.534172618,World Bank Global Findex,2026-03-21 11:22:05.560394+00:00
Lao PDR,LAO,2011,0.26773455,0.26773455,,,,World Bank Global Findex,2026-03-21 11:22:05.560394+00:00
Lao PDR,LAO,2017,0.290564189,0.290564189,,,0.42361193,World Bank Global Findex,2026-03-21 11:22:05.560394+00:00
Lao PDR,LAO,2021,0.37320029,0.37320029,0.054799821,,0.416466885,World Bank Global Findex,2026-03-21 11:22:05.560394+00:00
Lao PDR,LAO,2024,0.376501969,0.372299012,0.118384277,0.272647166,0.463380043,World Bank Global Findex,2026-03-21 11:22:05.560394+00:00
Lebanon,LBN,2011,0.370273272,0.370273272,,,,World Bank Global Findex,2026-03-21 11:22:05.560394+00:00
Lebanon,LBN,2014,0.469271357,0.469271357,0.006707376,,0.388648093,World Bank Global Findex,2026-03-21 11:22:05.560394+00:00
Lebanon,LBN,2017,0.447514245,0.447514245,,,0.361577424,World Bank Global Findex,2026-03-21 11:22:05.560394+00:00
Lebanon,LBN,2021,0.207030978,0.207030978,,,0.311841898,World Bank Global Findex,2026-03-21 11:22:05.560394+00:00
Lebanon,LBN,2024,0.230438576,0.215510155,0.027158979,0.094999223,0.555514077,World Bank Global Findex,2026-03-21 11:22:05.560394+00:00
Liberia,LBR,2011,0.188014652,0.188014652,,,,World Bank Global Findex,2026-03-21 11:22:05.560394+00:00
Liberia,LBR,2017,0.357138397,0.215834358,0.208433919,,0.555669138,World Bank Global Findex,2026-03-21 11:22:05.560394+00:00
Liberia,LBR,2021,0.516311458,0.285893414,0.362960666,,0.604481793,World Bank Global Findex,2026-03-21 11:22:05.560394+00:00
Liberia,LBR,2024,0.522139331,0.138832556,0.475292537,0.483566449,0.775105787,World Bank Global Findex,2026-03-21 11:22:05.560394+00:00
Libya,LBY,2017,0.656675223,0.656675223,,,0.580220982,World Bank Global Findex,2026-03-21 11:22:05.560394+00:00
Libya,LBY,2024,0.331190908,0.331190908,,0.227030236,0.41709881,World Bank Global Findex,2026-03-21 11:22:05.560394+00:00
Low income,LIC,2011,0.104091017,0.104091017,,,,World Bank Global Findex,2026-03-21 11:22:05.560394+00:00
Low income,LIC,2014,0.190874362,0.151917412,0.068218314,,0.532513725,World Bank Global Findex,2026-03-21 11:22:05.560394+00:00
Low income,LIC,2017,0.319854273,0.234087282,0.15150621,,0.446062237,World Bank Global Findex,2026-03-21 11:22:05.560394+00:00
Low income,LIC,2021,0.351821647,0.244577498,0.183073127,,0.5125055,World Bank Global Findex,2026-03-21 11:22:05.560394+00:00
Low income,LIC,2024,0.464432333,0.257597745,0.317694503,0.347266318,0.691770014,World Bank Global Findex,2026-03-21 11:22:05.560394+00:00
Sri Lanka,LKA,2011,0.685261647,0.685261647,,,,World Bank Global Findex,2026-03-21 11:22:05.560394+00:00
Sri Lanka,LKA,2014,0.826913823,0.826913823,0.00076636847651658,,0.307080049,World Bank Global Findex,2026-03-21 11:22:05.560394+00:00
Sri Lanka,LKA,2017,0.736464608,0.735915248,0.024207601,,0.346431068,World Bank Global Findex,2026-03-21 11:22:05.560394+00:00
Sri Lanka,LKA,2021,0.892707132,0.889256158,0.031264218,,0.419474801,World Bank Global Findex,2026-03-21 11:22:05.560394+00:00
Sri Lanka,LKA,2024,0.816921294,0.812270146,0.029961648,0.343865834,0.600381178,World Bank Global Findex,2026-03-21 11:22:05.560394+00:00
Lower middle income,LMC,2011,0.304539943,0.304539943,,,,World Bank Global Findex,2026-03-21 11:22:05.560394+00:00
Lower middle income,LMC,2014,0.436380019,0.421044096,0.037093964,,0.494289375,World Bank Global Findex,2026-03-21 11:22:05.560394+00:00
Lower middle income,LMC,2017,0.600091124,0.577553344,0.068291672,,0.446109729,World Bank Global Findex,2026-03-21 11:22:05.560394+00:00
Lower middle income,LMC,2021,0.621104484,0.584613977,0.137601047,,0.451956337,World Bank Global Findex,2026-03-21 11:22:05.560394+00:00
Lower middle income,LMC,2024,0.703871704,0.649734164,0.244393827,0.368154092,0.624038271,World Bank Global Findex,2026-03-21 11:22:05.560394+00:00
Developing economies,LMY,2011,0.416372667,0.416372667,,,,World Bank Global Findex,2026-03-21 11:22:05.560394+00:00
Developing economies,LMY,2014,0.547377867,0.537330459,0.025119968,,0.474898926,World Bank Global Findex,2026-03-21 11:22:05.560394+00:00
Developing economies,LMY,2017,0.639663468,0.622127673,0.053484854,,0.443564151,World Bank Global Findex,2026-03-21 11:22:05.560394+00:00
Developing economies,LMY,2021,0.690001519,0.66127571,0.127402681,,0.492511607,World Bank Global Findex,2026-03-21 11:22:05.560394+00:00
Developing economies,LMY,2024,0.754463783,0.713223553,0.183480079,0.542182304,0.590457232,World Bank Global Findex,2026-03-21 11:22:05.560394+00:00
Lesotho,LSO,2011,0.184970245,0.184970245,,,,World Bank Global Findex,2026-03-21 11:22:05.560394+00:00
Lesotho,LSO,2017,0.455638157,0.333214801,0.276418432,,0.48007564,World Bank Global Findex,2026-03-21 11:22:05.560394+00:00
Lesotho,LSO,2022,0.636349094,0.443659163,0.458779246,,0.576049475,World Bank Global Findex,2026-03-21 11:22:05.560394+00:00
Lesotho,LSO,2024,0.615710445,0.335292031,0.534728195,0.564115625,0.643505152,World Bank Global Findex,2026-03-21 11:22:05.560394+00:00
Lithuania,LTU,2011,0.737551986,0.737551986,,,,World Bank Global Findex,2026-03-21 11:22:05.560394+00:00
Lithuania,LTU,2014,0.779062865,0.779062865,,,0.3775423,World Bank Global Findex,2026-03-21 11:22:05.560394+00:00
Lithuania,LTU,2017,0.828838485,0.828838485,,,0.458332793,World Bank Global Findex,2026-03-21 11:22:05.560394+00:00
Lithuania,LTU,2021,0.935322397,0.935322397,,,0.25384749,World Bank Global Findex,2026-03-21 11:22:05.560394+00:00
Lithuania,LTU,2024,0.989947156,0.989947156,,,,World Bank Global Findex,2026-03-21 11:22:05.560394+00:00
Luxembourg,LUX,2011,0.945867981,0.945867981,,,,World Bank Global Findex,2026-03-21 11:22:05.560394+00:00
Luxembourg,LUX,2014,0.961686997,0.961686997,,,0.788547787,World Bank Global Findex,2026-03-21 11:22:05.560394+00:00
Luxembourg,LUX,2017,0.987678547,0.987678547,,,0.793281128,World Bank Global Findex,2026-03-21 11:22:05.560394+00:00
Latvia,LVA,2011,0.896588352,0.896588352,,,,World Bank Global Findex,2026-03-21 11:22:05.560394+00:00
Latvia,LVA,2014,0.902182506,0.902182506,,,0.463570274,World Bank Global Findex,2026-03-21 11:22:05.560394+00:00
Latvia,LVA,2017,0.932224723,0.932224723,,,0.372710269,World Bank Global Findex,2026-03-21 11:22:05.560394+00:00
Latvia,LVA,2021,0.966187205,0.966187205,,,0.38923226,World Bank Global Findex,2026-03-21 11:22:05.560394+00:00
Latvia,LVA,2024,0.9497331,0.9497331,,,,World Bank Global Findex,2026-03-21 11:22:05.560394+00:00
Morocco,MAR,2017,0.286444592,0.284105744,0.006392115,,0.26471006,World Bank Global Findex,2026-03-21 11:22:05.560394+00:00
Morocco,MAR,2021,0.443728342,0.422393377,0.062719723,,0.570396629,World Bank Global Findex,2026-03-21 11:22:05.560394+00:00
Morocco,MAR,2024,0.443863291,0.424611317,0.058756973,0.165996078,0.576170489,World Bank Global Findex,2026-03-21 11:22:05.560394+00:00
Moldova,MDA,2011,0.180663215,0.180663215,,,,World Bank Global Findex,2026-03-21 11:22:05.560394+00:00
Moldova,MDA,2014,0.177557472,0.177557472,,,0.479573105,World Bank Global Findex,2026-03-21 11:22:05.560394+00:00
Moldova,MDA,2017,0.437856521,0.437856521,,,0.54228187,World Bank Global Findex,2026-03-21 11:22:05.560394+00:00
Moldova,MDA,2021,0.642455176,0.642455176,,,0.45473474,World Bank Global Findex,2026-03-21 11:22:05.560394+00:00
Moldova,MDA,2024,0.555442493,0.555442493,,0.407006532,0.465524028,World Bank Global Findex,2026-03-21 11:22:05.560394+00:00
Madagascar,MDG,2011,0.055232225,0.055232225,,,,World Bank Global Findex,2026-03-21 11:22:05.560394+00:00
Madagascar,MDG,2014,0.085513387,0.057274886,0.043560187,,0.573337949,World Bank Global Findex,2026-03-21 11:22:05.560394+00:00
Madagascar,MDG,2017,0.178678713,0.095696692,0.120553027,,0.479068953,World Bank Global Findex,2026-03-21 11:22:05.560394+00:00
Madagascar,MDG,2022,0.262978246,0.139970191,0.190270988,,0.437131621,World Bank Global Findex,2026-03-21 11:22:05.560394+00:00
Madagascar,MDG,2024,0.244501397,0.094532663,0.193550167,0.204746757,0.708498561,World Bank Global Findex,2026-03-21 11:22:05.560394+00:00
Maldives,MDV,2017,0.795464095,0.794449714,0.233007872,,0.327438533,World Bank Global Findex,2026-03-21 11:22:05.560394+00:00
Mexico,MEX,2011,0.274293832,0.274293832,,,,World Bank Global Findex,2026-03-21 11:22:05.560394+00:00
Mexico,MEX,2014,0.391408432,0.386953463,0.034240299,,0.53029688,World Bank Global Findex,2026-03-21 11:22:05.560394+00:00
Mexico,MEX,2017,0.360417667,0.346219739,0.053232777,,0.314576688,World Bank Global Findex,2026-03-21 11:22:05.560394+00:00
Mexico,MEX,2022,0.489714754,0.462440813,0.181400816,,0.352231313,World Bank Global Findex,2026-03-21 11:22:05.560394+00:00
Mexico,MEX,2024,0.530320833,0.52389107,0.104373885,0.344182396,0.415319758,World Bank Global Findex,2026-03-21 11:22:05.560394+00:00
North Macedonia,MKD,2011,0.736989466,0.736989466,,,,World Bank Global Findex,2026-03-21 11:22:05.560394+00:00
North Macedonia,MKD,2014,0.717984973,0.717984973,,,0.461954822,World Bank Global Findex,2026-03-21 11:22:05.560394+00:00
North Macedonia,MKD,2017,0.765687709,0.765687709,,,0.383180026,World Bank Global Findex,2026-03-21 11:22:05.560394+00:00
North Macedonia,MKD,2021,0.852886913,0.852886913,,,0.429072831,World Bank Global Findex,2026-03-21 11:22:05.560394+00:00
North Macedonia,MKD,2024,0.842548649,0.842548649,,0.618257609,0.456620306,World Bank Global Findex,2026-03-21 11:22:05.560394+00:00
Mali,MLI,2011,0.082138534,0.082138534,,,,World Bank Global Findex,2026-03-21 11:22:05.560394+00:00
Mali,MLI,2014,0.200760415,0.132534052,0.116424546,,0.417271084,World Bank Global Findex,2026-03-21 11:22:05.560394+00:00
Mali,MLI,2017,0.354166789,0.18153943,0.243976486,,0.434729975,World Bank Global Findex,2026-03-21 11:22:05.560394+00:00
Mali,MLI,2021,0.435009858,0.28442909,0.293780615,,0.486408231,World Bank Global Findex,2026-03-21 11:22:05.560394+00:00
Mali,MLI,2024,0.547454806,0.184475281,0.483876159,0.513710356,0.742463787,World Bank Global Findex,2026-03-21 11:22:05.560394+00:00
Malta,MLT,2011,0.952700727,0.952700727,,,,World Bank Global Findex,2026-03-21 11:22:05.560394+00:00
Malta,MLT,2014,0.963279934,0.963279934,,,0.443734787,World Bank Global Findex,2026-03-21 11:22:05.560394+00:00
Malta,MLT,2017,0.973629103,0.973629103,,,0.475433002,World Bank Global Findex,2026-03-21 11:22:05.560394+00:00
Malta,MLT,2021,0.964468111,0.964468111,,,0.482425305,World Bank Global Findex,2026-03-21 11:22:05.560394+00:00
Malta,MLT,2024,0.965581295,0.965581295,,,,World Bank Global Findex,2026-03-21 11:22:05.560394+00:00
Myanmar,MMR,2014,0.22784195,0.226204029,0.001637921,,0.427991737,World Bank Global Findex,2026-03-21 11:22:05.560394+00:00
Myanmar,MMR,2017,0.25992298,0.256092444,0.006904999,,0.438720329,World Bank Global Findex,2026-03-21 11:22:05.560394+00:00
Myanmar,MMR,2021,0.477910291,0.361433583,0.290307042,,0.330873019,World Bank Global Findex,2026-03-21 11:22:05.560394+00:00
Middle East & North Africa (excluding high income),MNA,2011,0.3295567,0.3295567,,,,World Bank Global Findex,2026-03-21 11:22:05.560394+00:00
Middle East & North Africa (excluding high income),MNA,2014,0.424508791,0.422710692,0.017105702,,0.536404091,World Bank Global Findex,2026-03-21 11:22:05.560394+00:00
Middle East & North Africa (excluding high income),MNA,2017,0.53042808,0.523510646,0.09161093,,0.531456126,World Bank Global Findex,2026-03-21 11:22:05.560394+00:00
Middle East & North Africa (excluding high income),MNA,2021,0.454130527,0.443243961,0.054282593,,0.512106156,World Bank Global Findex,2026-03-21 11:22:05.560394+00:00
Middle East & North Africa (excluding high income),MNA,2024,0.529089187,0.49974486,0.10709366,0.380234874,0.577877673,World Bank Global Findex,2026-03-21 11:22:05.560394+00:00
Montenegro,MNE,2011,0.504380175,0.504380175,,,,World Bank Global Findex,2026-03-21 11:22:05.560394+00:00
Montenegro,MNE,2014,0.598260088,0.598260088,,,0.528092359,World Bank Global Findex,2026-03-21 11:22:05.560394+00:00
Montenegro,MNE,2017,0.68361794,0.68361794,,,0.451704231,World Bank Global Findex,2026-03-21 11:22:05.560394+00:00
Montenegro,MNE,2024,0.754116297,0.754116297,,0.492151884,0.342416691,World Bank Global Findex,2026-03-21 11:22:05.560394+00:00
Mongolia,MNG,2011,0.777170918,0.777170918,,,,World Bank Global Findex,2026-03-21 11:22:05.560394+00:00
Mongolia,MNG,2014,0.918217819,0.918217819,0.049979871,,0.543381113,World Bank Global Findex,2026-03-21 11:22:05.560394+00:00
Mongolia,MNG,2017,0.929711716,0.929711716,0.218971478,,0.505143107,World Bank Global Findex,2026-03-21 11:22:05.560394+00:00
Mongolia,MNG,2021,0.984550191,0.981655966,0.588124931,,0.525323074,World Bank Global Findex,2026-03-21 11:22:05.560394+00:00
Mongolia,MNG,2024,0.982787008,0.982178824,0.640304314,0.962048938,0.683359428,World Bank Global Findex,2026-03-21 11:22:05.560394+00:00
Mozambique,MOZ,2017,0.416701038,0.330030018,0.218668208,,0.501607717,World Bank Global Findex,2026-03-21 11:22:05.560394+00:00
Mozambique,MOZ,2021,0.494927479,0.386349227,0.29376595,,0.446650517,World Bank Global Findex,2026-03-21 11:22:05.560394+00:00
Mozambique,MOZ,2024,0.543852875,0.250840349,0.45720986,0.496680777,0.660930108,World Bank Global Findex,2026-03-21 11:22:05.560394+00:00
Mauritania,MRT,2011,0.174618151,0.174618151,,,,World Bank Global Findex,2026-03-21 11:22:05.560394+00:00
Mauritania,MRT,2014,0.228658822,0.204453831,0.06480396,,0.471678227,World Bank Global Findex,2026-03-21 11:22:05.560394+00:00
Mauritania,MRT,2017,0.208725063,0.190310601,0.04012378,,0.442476169,World Bank Global Findex,2026-03-21 11:22:05.560394+00:00
Mauritania,MRT,2022,0.234559362,0.203959785,0.101619569,,0.584211078,World Bank Global Findex,2026-03-21 11:22:05.560394+00:00
Mauritania,MRT,2024,0.27314261,0.27314261,,0.157437451,0.809300985,World Bank Global Findex,2026-03-21 11:22:05.560394+00:00
Mauritius,MUS,2011,0.801232108,0.801232108,,,,World Bank Global Findex,2026-03-21 11:22:05.560394+00:00
Mauritius,MUS,2014,0.822082722,0.822082722,0.008643314,,0.35538087,World Bank Global Findex,2026-03-21 11:22:05.560394+00:00
Mauritius,MUS,2017,0.898425267,0.894947191,0.056269371,,0.375490852,World Bank Global Findex,2026-03-21 11:22:05.560394+00:00
Mauritius,MUS,2021,0.905263444,0.899558713,0.158956646,,0.38521003,World Bank Global Findex,2026-03-21 11:22:05.560394+00:00
Mauritius,MUS,2024,0.89598448,0.895179808,0.101270672,0.631631808,0.412132083,World Bank Global Findex,2026-03-21 11:22:05.560394+00:00
Malawi,MWI,2011,0.165406104,0.165406104,,,,World Bank Global Findex,2026-03-21 11:22:05.560394+00:00
Malawi,MWI,2014,0.180924196,0.161356668,0.038441009,,0.665366717,World Bank Global Findex,2026-03-21 11:22:05.560394+00:00
Malawi,MWI,2017,0.337139337,0.22991285,0.203028317,,0.519993817,World Bank Global Findex,2026-03-21 11:22:05.560394+00:00
Malawi,MWI,2021,0.427078089,0.202217056,0.343476874,,0.528844067,World Bank Global Findex,2026-03-21 11:22:05.560394+00:00
Malawi,MWI,2024,0.503696725,0.12406691,0.473991978,0.476521252,0.765153832,World Bank Global Findex,2026-03-21 11:22:05.560394+00:00
Malaysia,MYS,2011,0.661738111,0.661738111,,,,World Bank Global Findex,2026-03-21 11:22:05.560394+00:00
Malaysia,MYS,2014,0.806746218,0.806746218,0.028302111,,0.620515786,World Bank Global Findex,2026-03-21 11:22:05.560394+00:00
Malaysia,MYS,2017,0.853437476,0.851300292,0.108763332,,0.397408606,World Bank Global Findex,2026-03-21 11:22:05.560394+00:00
Malaysia,MYS,2021,0.883748841,0.88165342,0.279788583,,0.320916938,World Bank Global Findex,2026-03-21 11:22:05.560394+00:00
Malaysia,MYS,2024,0.886918012,0.87183103,0.445049317,0.655306119,0.386677981,World Bank Global Findex,2026-03-21 11:22:05.560394+00:00
Namibia,NAM,2014,0.588338977,0.580632429,0.103590939,,0.485298778,World Bank Global Findex,2026-03-21 11:22:05.560394+00:00
Namibia,NAM,2017,0.806334991,0.773441947,0.434294697,,0.63292446,World Bank Global Findex,2026-03-21 11:22:05.560394+00:00
Namibia,NAM,2021,0.713463883,0.655741645,0.426246853,,0.679526608,World Bank Global Findex,2026-03-21 11:22:05.560394+00:00
Namibia,NAM,2024,0.729187673,0.626974954,0.484473581,0.660951479,0.7239754,World Bank Global Findex,2026-03-21 11:22:05.560394+00:00
Niger,NER,2011,0.015216987,0.015216987,,,,World Bank Global Findex,2026-03-21 11:22:05.560394+00:00
Niger,NER,2014,0.067065881,0.034900444,0.038526655,,0.709066394,World Bank Global Findex,2026-03-21 11:22:05.560394+00:00
Niger,NER,2017,0.15523245,0.09516152,0.087172383,,0.520514338,World Bank Global Findex,2026-03-21 11:22:05.560394+00:00
Niger,NER,2022,0.116855913,0.085496778,0.053773763,,0.598468147,World Bank Global Findex,2026-03-21 11:22:05.560394+00:00
Niger,NER,2024,0.148268992,0.126669936,0.057003706,0.074282228,0.774841451,World Bank Global Findex,2026-03-21 11:22:05.560394+00:00
Nigeria,NGA,2011,0.296675377,0.296675377,,,,World Bank Global Findex,2026-03-21 11:22:05.560394+00:00
Nigeria,NGA,2014,0.444419847,0.441732003,0.022949613,,0.457154237,World Bank Global Findex,2026-03-21 11:22:05.560394+00:00
Nigeria,NGA,2017,0.396668587,0.394054476,0.056061652,,0.395575644,World Bank Global Findex,2026-03-21 11:22:05.560394+00:00
Nigeria,NGA,2021,0.453166327,0.451398256,0.086502092,,0.544112923,World Bank Global Findex,2026-03-21 11:22:05.560394+00:00
Nigeria,NGA,2024,0.632613514,0.597277056,0.327907521,0.531441194,0.78944576,World Bank Global Findex,2026-03-21 11:22:05.560394+00:00
Nicaragua,NIC,2011,0.142183321,0.142183321,,,,World Bank Global Findex,2026-03-21 11:22:05.560394+00:00
Nicaragua,NIC,2014,0.19438484,0.188548055,0.010537743,,0.430886812,World Bank Global Findex,2026-03-21 11:22:05.560394+00:00
Nicaragua,NIC,2017,0.308619915,0.28432834,0.039274168,,0.297101975,World Bank Global Findex,2026-03-21 11:22:05.560394+00:00
Nicaragua,NIC,2021,0.260328025,0.231914224,0.065580785,,0.383077782,World Bank Global Findex,2026-03-21 11:22:05.560394+00:00
Nicaragua,NIC,2024,0.234705927,0.215052816,0.080878133,0.145828772,0.4346888,World Bank Global Findex,2026-03-21 11:22:05.560394+00:00
Netherlands,NLD,2011,0.986585294,0.986585294,,,,World Bank Global Findex,2026-03-21 11:22:05.560394+00:00
Netherlands,NLD,2014,0.992956045,0.992956045,,,0.468977494,World Bank Global Findex,2026-03-21 11:22:05.560394+00:00
Netherlands,NLD,2017,0.996376136,0.996376136,,,0.453713113,World Bank Global Findex,2026-03-21 11:22:05.560394+00:00
Netherlands,NLD,2021,0.997331679,0.997331679,,,0.439169424,World Bank Global Findex,2026-03-21 11:22:05.560394+00:00
Netherlands,NLD,2024,0.991715123,0.991715123,,,,World Bank Global Findex,2026-03-21 11:22:05.560394+00:00
Norway,NOR,2014,1.0,1.0,,,0.73690543,World Bank Global Findex,2026-03-21 11:22:05.560394+00:00
Norway,NOR,2017,0.997451401,0.997451401,,,0.777049953,World Bank Global Findex,2026-03-21 11:22:05.560394+00:00
Norway,NOR,2021,0.994777715,0.994777715,,,0.784452635,World Bank Global Findex,2026-03-21 11:22:05.560394+00:00
Norway,NOR,2024,0.985561571,0.985561571,,,,World Bank Global Findex,2026-03-21 11:22:05.560394+00:00
Nepal,NPL,2011,0.253085585,0.253085585,,,,World Bank Global Findex,2026-03-21 11:22:05.560394+00:00
Nepal,NPL,2014,0.338013509,0.338013509,0.003360386,,0.590006614,World Bank Global Findex,2026-03-21 11:22:05.560394+00:00
Nepal,NPL,2017,0.453855766,0.453855766,,,0.660715215,World Bank Global Findex,2026-03-21 11:22:05.560394+00:00
Nepal,NPL,2021,0.540026923,0.528020712,0.060919077,,0.539796883711608,World Bank Global Findex,2026-03-21 11:22:05.560394+00:00
Nepal,NPL,2024,0.599911157,0.575256881,0.105834365,0.176216142,0.704008707,World Bank Global Findex,2026-03-21 11:22:05.560394+00:00
New Zealand,NZL,2011,0.994367277,0.994367277,,,,World Bank Global Findex,2026-03-21 11:22:05.560394+00:00
New Zealand,NZL,2014,0.995255333,0.995255333,,,0.811261735,World Bank Global Findex,2026-03-21 11:22:05.560394+00:00
New Zealand,NZL,2017,0.991784474,0.991784474,,,0.784810721,World Bank Global Findex,2026-03-21 11:22:05.560394+00:00
New Zealand,NZL,2021,0.987523815,0.987523815,,,0.699079449,World Bank Global Findex,2026-03-21 11:22:05.560394+00:00
New Zealand,NZL,2024,0.978647564,0.978647564,,,,World Bank Global Findex,2026-03-21 11:22:05.560394+00:00
Oman,OMN,2011,0.736024165,0.736024165,,,,World Bank Global Findex,2026-03-21 11:22:05.560394+00:00
Oman,OMN,2024,0.695361597,0.695361597,,0.597885239,0.362448911,World Bank Global Findex,2026-03-21 11:22:05.560394+00:00
Pakistan,PAK,2011,0.103062966,0.103062966,,,,World Bank Global Findex,2026-03-21 11:22:05.560394+00:00
Pakistan,PAK,2014,0.130361911,0.087061384,0.057997994,,0.497547249,World Bank Global Findex,2026-03-21 11:22:05.560394+00:00
Pakistan,PAK,2017,0.212932449,0.180493842,0.068855579,,0.373667363,World Bank Global Findex,2026-03-21 11:22:05.560394+00:00
Pakistan,PAK,2021,0.209806311,0.162881986,0.085374063,,0.301630149,World Bank Global Findex,2026-03-21 11:22:05.560394+00:00
Pakistan,PAK,2024,0.272960072,0.18281262,0.183578643,0.198483696,0.694840042,World Bank Global Findex,2026-03-21 11:22:05.560394+00:00
Panama,PAN,2011,0.249264954,0.249264954,,,,World Bank Global Findex,2026-03-21 11:22:05.560394+00:00
Panama,PAN,2014,0.436621402,0.43403554,0.015579504,,0.504925379,World Bank Global Findex,2026-03-21 11:22:05.560394+00:00
Panama,PAN,2017,0.464942617,0.4582204,0.035031686,,0.308443233,World Bank Global Findex,2026-03-21 11:22:05.560394+00:00
Panama,PAN,2021,0.449670338,0.449670338,,,0.294497218,World Bank Global Findex,2026-03-21 11:22:05.560394+00:00
Panama,PAN,2024,0.640952131,0.608679812,0.380533533,0.490105705,0.473019933,World Bank Global Findex,2026-03-21 11:22:05.560394+00:00
Peru,PER,2011,0.204586854,0.204586854,,,,World Bank Global Findex,2026-03-21 11:22:05.560394+00:00
Peru,PER,2014,0.28975232,0.28975232,0.0,,0.322440467,World Bank Global Findex,2026-03-21 11:22:05.560394+00:00
Peru,PER,2017,0.42603181,0.4219042,0.026341662,,0.364527543,World Bank Global Findex,2026-03-21 11:22:05.560394+00:00
Peru,PER,2021,0.574978561,0.562603056,0.143447853,,0.414520698,World Bank Global Findex,2026-03-21 11:22:05.560394+00:00
Peru,PER,2024,0.593098978,0.498244622,0.42497337,0.479470402,0.473391315,World Bank Global Findex,2026-03-21 11:22:05.560394+00:00
Philippines,PHL,2011,0.265559261,0.265559261,,,,World Bank Global Findex,2026-03-21 11:22:05.560394+00:00
Philippines,PHL,2014,0.312858339,0.280657249,0.042258738,,0.701457466,World Bank Global Findex,2026-03-21 11:22:05.560394+00:00
Philippines,PHL,2017,0.344984076,0.31797071,0.04521299,,0.586467591,World Bank Global Findex,2026-03-21 11:22:05.560394+00:00
Philippines,PHL,2021,0.513717639,0.459843281,0.217389093,,0.577529583,World Bank Global Findex,2026-03-21 11:22:05.560394+00:00
Philippines,PHL,2024,0.501824221,0.335357459,0.288000006,0.327474932,0.719743983,World Bank Global Findex,2026-03-21 11:22:05.560394+00:00
Poland,POL,2011,0.701942895,0.701942895,,,,World Bank Global Findex,2026-03-21 11:22:05.560394+00:00
Poland,POL,2014,0.778621706,0.778621706,,,0.41167541,World Bank Global Findex,2026-03-21 11:22:05.560394+00:00
Poland,POL,2017,0.86733303,0.86733303,,,0.503634185,World Bank Global Findex,2026-03-21 11:22:05.560394+00:00
Poland,POL,2021,0.957201672,0.957201672,,,0.460403184,World Bank Global Findex,2026-03-21 11:22:05.560394+00:00
Poland,POL,2024,0.861367118,0.861367118,,0.805034295,0.312759579,World Bank Global Findex,2026-03-21 11:22:05.560394+00:00
Puerto Rico,PRI,2014,0.697352646,0.697352646,,,0.381427055,World Bank Global Findex,2026-03-21 11:22:05.560394+00:00
Portugal,PRT,2011,0.812294253,0.812294253,,,,World Bank Global Findex,2026-03-21 11:22:05.560394+00:00
Portugal,PRT,2014,0.873863542,0.873863542,,,0.435023395,World Bank Global Findex,2026-03-21 11:22:05.560394+00:00
Portugal,PRT,2017,0.923409885,0.923409885,,,0.412605017,World Bank Global Findex,2026-03-21 11:22:05.560394+00:00
Portugal,PRT,2021,0.926495073,0.926495073,,,0.373935921,World Bank Global Findex,2026-03-21 11:22:05.560394+00:00
Portugal,PRT,2024,0.913973441,0.913973441,,,,World Bank Global Findex,2026-03-21 11:22:05.560394+00:00
Paraguay,PRY,2011,0.217201462,0.217201462,,,,World Bank Global Findex,2026-03-21 11:22:05.560394+00:00
Paraguay,PRY,2017,0.486468607,0.310738919,0.28881767,,0.357201593,World Bank Global Findex,2026-03-21 11:22:05.560394+00:00
Paraguay,PRY,2021,0.544199771,0.270838267,0.377008071,,0.348339717,World Bank Global Findex,2026-03-21 11:22:05.560394+00:00
Paraguay,PRY,2024,0.60916761,0.455472583,0.359483793,0.472629972,0.548079286,World Bank Global Findex,2026-03-21 11:22:05.560394+00:00
West Bank and Gaza,PSE,2011,0.194280315,0.194280315,,,,World Bank Global Findex,2026-03-21 11:22:05.560394+00:00
West Bank and Gaza,PSE,2014,0.242438057,0.242438057,,,0.392930966,World Bank Global Findex,2026-03-21 11:22:05.560394+00:00
West Bank and Gaza,PSE,2017,0.250221747,0.250221747,,,0.287064936,World Bank Global Findex,2026-03-21 11:22:05.560394+00:00
West Bank and Gaza,PSE,2021,0.336425509,0.331804059,0.023281278,,0.416806245,World Bank Global Findex,2026-03-21 11:22:05.560394+00:00
West Bank and Gaza,PSE,2024,0.396209836,0.386652297,0.061631687,0.194088814,0.505766807,World Bank Global Findex,2026-03-21 11:22:05.560394+00:00
Qatar,QAT,2011,0.658753853,0.658753853,,,,World Bank Global Findex,2026-03-21 11:22:05.560394+00:00
Romania,ROU,2011,0.445916228,0.445916228,,,,World Bank Global Findex,2026-03-21 11:22:05.560394+00:00
Romania,ROU,2014,0.608371569,0.607945378,0.00462934,,0.486325685,World Bank Global Findex,2026-03-21 11:22:05.560394+00:00
Romania,ROU,2017,0.577518052,0.576390744,0.029901696,,0.395131544,World Bank Global Findex,2026-03-21 11:22:05.560394+00:00
Romania,ROU,2021,0.691155038,0.691155038,,,0.413610055,World Bank Global Findex,2026-03-21 11:22:05.560394+00:00
Romania,ROU,2024,0.713366719,0.713366719,,0.609897253,0.455227377,World Bank Global Findex,2026-03-21 11:22:05.560394+00:00
Russian Federation,RUS,2011,0.481784885,0.481784885,,,,World Bank Global Findex,2026-03-21 11:22:05.560394+00:00
Russian Federation,RUS,2014,0.673830915,0.673830915,,,0.370038424,World Bank Global Findex,2026-03-21 11:22:05.560394+00:00
Russian Federation,RUS,2017,0.757588881,0.757588881,,,0.413212279,World Bank Global Findex,2026-03-21 11:22:05.560394+00:00
Russian Federation,RUS,2021,0.897193266,0.88708071,0.329383356,,0.510018993,World Bank Global Findex,2026-03-21 11:22:05.560394+00:00
Russian Federation,RUS,2024,0.793421267,0.792440189,0.058176187,,,World Bank Global Findex,2026-03-21 11:22:05.560394+00:00
Rwanda,RWA,2011,0.327638222,0.327638222,,,,World Bank Global Findex,2026-03-21 11:22:05.560394+00:00
Rwanda,RWA,2014,0.421169126,0.381448873,0.180976852,,0.514217367,World Bank Global Findex,2026-03-21 11:22:05.560394+00:00
Rwanda,RWA,2017,0.500197937,0.366573707,0.311146415,,0.657350953,World Bank Global Findex,2026-03-21 11:22:05.560394+00:00
South Asia,SAS,2011,0.322031915,0.322031915,,,,World Bank Global Findex,2026-03-21 11:22:05.560394+00:00
South Asia,SAS,2014,0.46321525,0.453950414,0.026648118,,0.478081548,World Bank Global Findex,2026-03-21 11:22:05.560394+00:00
South Asia,SAS,2017,0.694137283,0.682321657,0.041844245,,0.41485337,World Bank Global Findex,2026-03-21 11:22:05.560394+00:00
South Asia,SAS,2021,0.679950356,0.659821581,0.115225283,,0.438085716,World Bank Global Findex,2026-03-21 11:22:05.560394+00:00
South Asia,SAS,2024,0.775683155,0.753220761,0.219287665,0.289250634,0.646989166,World Bank Global Findex,2026-03-21 11:22:05.560394+00:00
Saudi Arabia,SAU,2011,0.464206603,0.464206603,,,,World Bank Global Findex,2026-03-21 11:22:05.560394+00:00
Saudi Arabia,SAU,2014,0.694095879,0.694095879,,,0.564993496,World Bank Global Findex,2026-03-21 11:22:05.560394+00:00
Saudi Arabia,SAU,2017,0.716981166,0.716981166,,,0.543137701,World Bank Global Findex,2026-03-21 11:22:05.560394+00:00
Saudi Arabia,SAU,2021,0.743207467,0.743207467,,,0.597271961,World Bank Global Findex,2026-03-21 11:22:05.560394+00:00
Saudi Arabia,SAU,2024,0.788409517,0.779538335,0.365012282,0.746341389,0.556948317,World Bank Global Findex,2026-03-21 11:22:05.560394+00:00
Sudan,SDN,2011,0.068997979,0.068997979,,,,World Bank Global Findex,2026-03-21 11:22:05.560394+00:00
Sudan,SDN,2014,0.152684333,0.152684333,,,0.455031399,World Bank Global Findex,2026-03-21 11:22:05.560394+00:00
Senegal,SEN,2011,0.05821141,0.05821141,,,,World Bank Global Findex,2026-03-21 11:22:05.560394+00:00
Senegal,SEN,2014,0.154245721,0.119218113,0.061883609,,0.567230095,World Bank Global Findex,2026-03-21 11:22:05.560394+00:00
Senegal,SEN,2017,0.423440154,0.203567182,0.317980906,,0.45032354,World Bank Global Findex,2026-03-21 11:22:05.560394+00:00
Senegal,SEN,2021,0.559644071,0.281348261,0.448898718,,0.517838609,World Bank Global Findex,2026-03-21 11:22:05.560394+00:00
Senegal,SEN,2024,0.764609257,0.480495953,0.66912649,0.735634312,0.818579619,World Bank Global Findex,2026-03-21 11:22:05.560394+00:00
Singapore,SGP,2011,0.982218923,0.982218923,,,,World Bank Global Findex,2026-03-21 11:22:05.560394+00:00
Singapore,SGP,2014,0.963525998,0.963525998,0.061494599,,0.419131547,World Bank Global Findex,2026-03-21 11:22:05.560394+00:00
Singapore,SGP,2017,0.97931171,0.978122879,0.09548008,,0.504476735,World Bank Global Findex,2026-03-21 11:22:05.560394+00:00
Singapore,SGP,2021,0.975498512,0.97189493,0.306042672,,0.461829063,World Bank Global Findex,2026-03-21 11:22:05.560394+00:00
Singapore,SGP,2024,0.979718288,0.978190915,0.564689659,,,World Bank Global Findex,2026-03-21 11:22:05.560394+00:00
Sierra Leone,SLE,2011,0.153417554,0.153417554,,,,World Bank Global Findex,2026-03-21 11:22:05.560394+00:00
Sierra Leone,SLE,2014,0.155800105,0.141488477,0.044523879,,0.575573574918191,World Bank Global Findex,2026-03-21 11:22:05.560394+00:00
Sierra Leone,SLE,2017,0.198087606,0.123869678,0.110186137,,0.490248163,World Bank Global Findex,2026-03-21 11:22:05.560394+00:00
Sierra Leone,SLE,2021,0.288466045,0.137777879,0.190402143,,0.537464813,World Bank Global Findex,2026-03-21 11:22:05.560394+00:00
Sierra Leone,SLE,2024,0.386205211,0.150133412,0.321957258,0.338226971,0.886702762,World Bank Global Findex,2026-03-21 11:22:05.560394+00:00
El Salvador,SLV,2011,0.137646152,0.137646152,,,,World Bank Global Findex,2026-03-21 11:22:05.560394+00:00
El Salvador,SLV,2014,0.367197118,0.346347202,0.045567878,,0.456650879,World Bank Global Findex,2026-03-21 11:22:05.560394+00:00
El Salvador,SLV,2017,0.303529471,0.293357529,0.035496148,,0.225940794,World Bank Global Findex,2026-03-21 11:22:05.560394+00:00
El Salvador,SLV,2021,0.358453551,0.307094211,0.109182215,,0.298113806,World Bank Global Findex,2026-03-21 11:22:05.560394+00:00
El Salvador,SLV,2024,0.434036649,0.428629057,0.058435819,0.212981676,0.378835856,World Bank Global Findex,2026-03-21 11:22:05.560394+00:00
Somalia,SOM,2014,0.386603281,0.078557174,0.370659137,,0.569771647,World Bank Global Findex,2026-03-21 11:22:05.560394+00:00
Serbia,SRB,2011,0.622162233,0.622162233,,,,World Bank Global Findex,2026-03-21 11:22:05.560394+00:00
Serbia,SRB,2014,0.830923383,0.830923383,,,0.406129887,World Bank Global Findex,2026-03-21 11:22:05.560394+00:00
Serbia,SRB,2017,0.714410465,0.714410465,,,0.405097119,World Bank Global Findex,2026-03-21 11:22:05.560394+00:00
Serbia,SRB,2021,0.894157368,0.894157368,,,0.501161886,World Bank Global Findex,2026-03-21 11:22:05.560394+00:00
Serbia,SRB,2024,0.832544459,0.832544459,,0.60769713,0.442385653,World Bank Global Findex,2026-03-21 11:22:05.560394+00:00
Sub-Saharan Africa (excluding high income),SSA,2011,0.233105682,0.233105682,,,,World Bank Global Findex,2026-03-21 11:22:05.560394+00:00
Sub-Saharan Africa (excluding high income),SSA,2014,0.341808759,0.288852362,0.113834684,,0.545921286,World Bank Global Findex,2026-03-21 11:22:05.560394+00:00
Sub-Saharan Africa (excluding high income),SSA,2017,0.424583147,0.328046535,0.205407906,,0.454530319,World Bank Global Findex,2026-03-21 11:22:05.560394+00:00
Sub-Saharan Africa (excluding high income),SSA,2021,0.492735586,0.361468719,0.272870258,,0.531186281,World Bank Global Findex,2026-03-21 11:22:05.560394+00:00
Sub-Saharan Africa (excluding high income),SSA,2024,0.581823875,0.378459833,0.399929245,0.48850699,0.704455716,World Bank Global Findex,2026-03-21 11:22:05.560394+00:00
South Sudan,SSD,2017,0.085700039,0.085700039,,,0.384683681,World Bank Global Findex,2026-03-21 11:22:05.560394+00:00
South Sudan,SSD,2021,0.058314075,0.05482994,0.00849857,,0.36923072,World Bank Global Findex,2026-03-21 11:22:05.560394+00:00
Slovak Republic,SVK,2011,0.795830118,0.795830118,,,,World Bank Global Findex,2026-03-21 11:22:05.560394+00:00
Slovak Republic,SVK,2014,0.772413961,0.772413961,,,0.400614091,World Bank Global Findex,2026-03-21 11:22:05.560394+00:00
Slovak Republic,SVK,2017,0.841815883,0.841815883,,,0.39803201,World Bank Global Findex,2026-03-21 11:22:05.560394+00:00
Slovak Republic,SVK,2021,0.956196968,0.956196968,,,0.453538751,World Bank Global Findex,2026-03-21 11:22:05.560394+00:00
Slovak Republic,SVK,2024,0.922151185,0.922151185,,,,World Bank Global Findex,2026-03-21 11:22:05.560394+00:00
Slovenia,SVN,2011,0.971437133,0.971437133,,,,World Bank Global Findex,2026-03-21 11:22:05.560394+00:00
Slovenia,SVN,2014,0.972445144,0.972445144,,,0.529892046,World Bank Global Findex,2026-03-21 11:22:05.560394+00:00
Slovenia,SVN,2017,0.975334004,0.975334004,,,0.480910368,World Bank Global Findex,2026-03-21 11:22:05.560394+00:00
Slovenia,SVN,2021,0.990496614,0.990496614,,,0.539157737,World Bank Global Findex,2026-03-21 11:22:05.560394+00:00
Slovenia,SVN,2024,0.987472573,0.987472573,,,,World Bank Global Findex,2026-03-21 11:22:05.560394+00:00
Sweden,SWE,2011,0.989919498,0.989919498,,,,World Bank Global Findex,2026-03-21 11:22:05.560394+00:00
Sweden,SWE,2014,0.997199194,0.997199194,,,0.634451483,World Bank Global Findex,2026-03-21 11:22:05.560394+00:00
Sweden,SWE,2017,0.997422116,0.997422116,,,0.541591867,World Bank Global Findex,2026-03-21 11:22:05.560394+00:00
Sweden,SWE,2021,0.996887647,0.996887647,,,0.569120753,World Bank Global Findex,2026-03-21 11:22:05.560394+00:00
Sweden,SWE,2024,0.985654945,0.985654945,,,,World Bank Global Findex,2026-03-21 11:22:05.560394+00:00
Eswatini,SWZ,2011,0.285694413,0.285694413,,,,World Bank Global Findex,2026-03-21 11:22:05.560394+00:00
Eswatini,SWZ,2022,0.66175801,0.384701269,0.567443942,,0.775220731,World Bank Global Findex,2026-03-21 11:22:05.560394+00:00
Eswatini,SWZ,2024,0.651160267,0.431356222,0.504069176,0.565902098,0.706559241,World Bank Global Findex,2026-03-21 11:22:05.560394+00:00
Syrian Arab Republic,SYR,2011,0.232530858,0.232530858,,,,World Bank Global Findex,2026-03-21 11:22:05.560394+00:00
Chad,TCD,2011,0.089597456,0.089597456,,,,World Bank Global Findex,2026-03-21 11:22:05.560394+00:00
Chad,TCD,2014,0.124333451,0.076994981,0.057501066,,0.410172333,World Bank Global Findex,2026-03-21 11:22:05.560394+00:00
Chad,TCD,2017,0.217591927,0.087534968,0.152334098,,0.381263609,World Bank Global Findex,2026-03-21 11:22:05.560394+00:00
Chad,TCD,2022,0.236513334,0.183170383,0.120867652,,0.555314743,World Bank Global Findex,2026-03-21 11:22:05.560394+00:00
Chad,TCD,2024,0.208983599,0.150020898,0.133358944,0.15914906,0.776926476,World Bank Global Findex,2026-03-21 11:22:05.560394+00:00
Togo,TGO,2011,0.101852403,0.101852403,,,,World Bank Global Findex,2026-03-21 11:22:05.560394+00:00
Togo,TGO,2014,0.18251463,0.17614923,0.014100388,,0.286182318,World Bank Global Findex,2026-03-21 11:22:05.560394+00:00
Togo,TGO,2017,0.452893519,0.340679411,0.214573758,,0.402754438,World Bank Global Findex,2026-03-21 11:22:05.560394+00:00
Togo,TGO,2021,0.496056349,0.249001487,0.364808073,,0.490767186,World Bank Global Findex,2026-03-21 11:22:05.560394+00:00
Togo,TGO,2024,0.574329534,0.324420271,0.479918379,0.51323557,0.782489562,World Bank Global Findex,2026-03-21 11:22:05.560394+00:00
Thailand,THA,2011,0.726664359,0.726664359,,,,World Bank Global Findex,2026-03-21 11:22:05.560394+00:00
Thailand,THA,2014,0.781365538,0.781365538,0.013012658,,0.52055628,World Bank Global Findex,2026-03-21 11:22:05.560394+00:00
Thailand,THA,2017,0.815940009,0.809575031,0.082568594,,0.474583109,World Bank Global Findex,2026-03-21 11:22:05.560394+00:00
Thailand,THA,2021,0.955769973,0.941462112,0.59999888,,0.558897335,World Bank Global Findex,2026-03-21 11:22:05.560394+00:00
Thailand,THA,2024,0.918249815,0.911189014,0.416773814,0.69230511,0.490932598,World Bank Global Findex,2026-03-21 11:22:05.560394+00:00
Tajikistan,TJK,2011,0.025348573,0.025348573,,,,World Bank Global Findex,2026-03-21 11:22:05.560394+00:00
Tajikistan,TJK,2014,0.114592329,0.114592329,0.0,,0.250710111,World Bank Global Findex,2026-03-21 11:22:05.560394+00:00
Tajikistan,TJK,2017,0.470243972,0.470243972,,,0.33681549,World Bank Global Findex,2026-03-21 11:22:05.560394+00:00
Tajikistan,TJK,2021,0.394881618,0.389031633,0.020897526,,0.317513245,World Bank Global Findex,2026-03-21 11:22:05.560394+00:00
Tajikistan,TJK,2024,0.545193771,0.524742715,0.144302101,0.27896827,0.525454086,World Bank Global Findex,2026-03-21 11:22:05.560394+00:00
Turkmenistan,TKM,2011,0.004049115,0.004049115,,,,World Bank Global Findex,2026-03-21 11:22:05.560394+00:00
Turkmenistan,TKM,2017,0.405764132,0.405764132,,,0.369415313,World Bank Global Findex,2026-03-21 11:22:05.560394+00:00
Trinidad and Tobago,TTO,2011,0.759220595,0.759220595,,,,World Bank Global Findex,2026-03-21 11:22:05.560394+00:00
Trinidad and Tobago,TTO,2017,0.807833517,0.807833517,,,0.465549168,World Bank Global Findex,2026-03-21 11:22:05.560394+00:00
Trinidad and Tobago,TTO,2024,0.745920641,0.745920641,,,,World Bank Global Findex,2026-03-21 11:22:05.560394+00:00
Tunisia,TUN,2014,0.274323115,0.272632283,0.006187012,,0.372205031,World Bank Global Findex,2026-03-21 11:22:05.560394+00:00
Tunisia,TUN,2017,0.369065672,0.36816438,0.020371898,,0.450862234,World Bank Global Findex,2026-03-21 11:22:05.560394+00:00
Tunisia,TUN,2021,0.368532365,0.357118626,0.037122092,,0.505834021,World Bank Global Findex,2026-03-21 11:22:05.560394+00:00
Tunisia,TUN,2024,0.37844486,0.37737117,0.026456293,0.118958043,0.4350679,World Bank Global Findex,2026-03-21 11:22:05.560394+00:00
Turkiye,TUR,2011,0.576014258,0.576014258,,,,World Bank Global Findex,2026-03-21 11:22:05.560394+00:00
Turkiye,TUR,2014,0.566774866,0.565125673,0.008081998,,0.610644985,World Bank Global Findex,2026-03-21 11:22:05.560394+00:00
Turkiye,TUR,2017,0.685903081,0.676600284,0.164119521,,0.591520058,World Bank Global Findex,2026-03-21 11:22:05.560394+00:00
Turkiye,TUR,2021,0.740916613,0.733663266,0.182842014,,0.649787526,World Bank Global Findex,2026-03-21 11:22:05.560394+00:00
Turkiye,TUR,2024,0.815545478,0.815082105,0.233225246,0.645943542,0.646877652,World Bank Global Findex,2026-03-21 11:22:05.560394+00:00
"Taiwan, China",TWN,2011,0.87314893,0.87314893,,,,World Bank Global Findex,2026-03-21 11:22:05.560394+00:00
"Taiwan, China",TWN,2014,0.913763199,0.913763199,,,0.615456081,World Bank Global Findex,2026-03-21 11:22:05.560394+00:00
"Taiwan, China",TWN,2017,0.941796308,0.941796308,,,0.586481148,World Bank Global Findex,2026-03-21 11:22:05.560394+00:00
"Taiwan, China",TWN,2021,0.947110381,0.947110381,,,0.666197294,World Bank Global Findex,2026-03-21 11:22:05.560394+00:00
"Taiwan, China",TWN,2024,0.956207099,0.956207099,,,,World Bank Global Findex,2026-03-21 11:22:05.560394+00:00
Tanzania,TZA,2011,0.172577675,0.172577675,,,,World Bank Global Findex,2026-03-21 11:22:05.560394+00:00
Tanzania,TZA,2014,0.397794763,0.190412307,0.323586983,,0.557402269,World Bank Global Findex,2026-03-21 11:22:05.560394+00:00
Tanzania,TZA,2017,0.46751564,0.209722324,0.385380307,,0.412257282,World Bank Global Findex,2026-03-21 11:22:05.560394+00:00
Tanzania,TZA,2021,0.524333347,0.233210156,0.44579487,,0.469665961,World Bank Global Findex,2026-03-21 11:22:05.560394+00:00
Tanzania,TZA,2024,0.598275253,0.219441734,0.528539837,0.550354145,0.570273692,World Bank Global Findex,2026-03-21 11:22:05.560394+00:00
Uganda,UGA,2011,0.204614192,0.204614192,,,,World Bank Global Findex,2026-03-21 11:22:05.560394+00:00
Uganda,UGA,2014,0.444471544,0.277834243,0.351003784,,0.789697433,World Bank Global Findex,2026-03-21 11:22:05.560394+00:00
Uganda,UGA,2017,0.591991512,0.328440546,0.505812429,,0.661281454,World Bank Global Findex,2026-03-21 11:22:05.560394+00:00
Uganda,UGA,2021,0.659140111,0.365607928,0.537962366,,0.751302493,World Bank Global Findex,2026-03-21 11:22:05.560394+00:00
Uganda,UGA,2024,0.728273758,0.261733237,0.677382954,0.695499544,0.902138961,World Bank Global Findex,2026-03-21 11:22:05.560394+00:00
Ukraine,UKR,2011,0.412685749,0.412685749,,,,World Bank Global Findex,2026-03-21 11:22:05.560394+00:00
Ukraine,UKR,2014,0.527148134,0.527148134,,,0.414996041,World Bank Global Findex,2026-03-21 11:22:05.560394+00:00
Ukraine,UKR,2017,0.629023288,0.629023288,,,0.468638725,World Bank Global Findex,2026-03-21 11:22:05.560394+00:00
Ukraine,UKR,2021,0.835648133,0.835648133,,,0.564637028,World Bank Global Findex,2026-03-21 11:22:05.560394+00:00
Ukraine,UKR,2024,0.875812259,0.875812259,,0.823869384,0.513003128,World Bank Global Findex,2026-03-21 11:22:05.560394+00:00
Upper middle income,UMC,2011,0.566489971,0.566489971,,,,World Bank Global Findex,2026-03-21 11:22:05.560394+00:00
Upper middle income,UMC,2014,0.709032055,0.708286059,0.007058976,,0.447284743,World Bank Global Findex,2026-03-21 11:22:05.560394+00:00
Upper middle income,UMC,2017,0.725660084,0.722751111,0.024231282,,0.440474099,World Bank Global Findex,2026-03-21 11:22:05.560394+00:00
Upper middle income,UMC,2021,0.825561464,0.818618729,0.106433101,,0.537037597,World Bank Global Findex,2026-03-21 11:22:05.560394+00:00
Upper middle income,UMC,2024,0.840421009,0.832392924,0.10648931,0.749035478,0.542284682,World Bank Global Findex,2026-03-21 11:22:05.560394+00:00
Uruguay,URY,2011,0.235426009,0.235426009,,,,World Bank Global Findex,2026-03-21 11:22:05.560394+00:00
Uruguay,URY,2014,0.455857273,0.453554098,0.012334332,,0.555599889,World Bank Global Findex,2026-03-21 11:22:05.560394+00:00
Uruguay,URY,2017,0.638680057,0.638680057,,,0.537315594,World Bank Global Findex,2026-03-21 11:22:05.560394+00:00
Uruguay,URY,2021,0.741272677,0.741272677,,,0.557796344,World Bank Global Findex,2026-03-21 11:22:05.560394+00:00
Uruguay,URY,2024,0.737451276,0.737451276,,,,World Bank Global Findex,2026-03-21 11:22:05.560394+00:00
United States,USA,2011,0.879578659,0.879578659,,,,World Bank Global Findex,2026-03-21 11:22:05.560394+00:00
United States,USA,2014,0.935838008,0.935838008,,,0.773749831,World Bank Global Findex,2026-03-21 11:22:05.560394+00:00
United States,USA,2017,0.931221843,0.931221843,,,0.774319306,World Bank Global Findex,2026-03-21 11:22:05.560394+00:00
United States,USA,2021,0.949532296,0.949532296,,,0.761784851,World Bank Global Findex,2026-03-21 11:22:05.560394+00:00
United States,USA,2024,0.970230983,0.970230983,,,,World Bank Global Findex,2026-03-21 11:22:05.560394+00:00
Uzbekistan,UZB,2011,0.22503919,0.22503919,,,,World Bank Global Findex,2026-03-21 11:22:05.560394+00:00
Uzbekistan,UZB,2014,0.407100129,0.407100129,,,0.173582127,World Bank Global Findex,2026-03-21 11:22:05.560394+00:00
Uzbekistan,UZB,2017,0.370897363,0.370897363,,,0.199889867,World Bank Global Findex,2026-03-21 11:22:05.560394+00:00
Uzbekistan,UZB,2021,0.441347903,0.441347903,,,0.302729299,World Bank Global Findex,2026-03-21 11:22:05.560394+00:00
Uzbekistan,UZB,2024,0.59658383,0.59658383,,0.438183138,0.394691922,World Bank Global Findex,2026-03-21 11:22:05.560394+00:00
"Venezuela, RB",VEN,2011,0.441166616,0.441166616,,,,World Bank Global Findex,2026-03-21 11:22:05.560394+00:00
"Venezuela, RB",VEN,2014,0.570263255,0.568573446,0.029790692,,0.377614823,World Bank Global Findex,2026-03-21 11:22:05.560394+00:00
"Venezuela, RB",VEN,2017,0.734945071,0.732206532,0.109703829,,0.443009578,World Bank Global Findex,2026-03-21 11:22:05.560394+00:00
"Venezuela, RB",VEN,2021,0.843948009,0.840336735,0.303109094,,0.439918989,World Bank Global Findex,2026-03-21 11:22:05.560394+00:00
"Venezuela, RB",VEN,2024,0.873184628,0.863742959,0.337396759,0.811894222,0.620719224,World Bank Global Findex,2026-03-21 11:22:05.560394+00:00
Viet Nam,VNM,2011,0.213694927,0.213694927,,,,World Bank Global Findex,2026-03-21 11:22:05.560394+00:00
Viet Nam,VNM,2014,0.309509468,0.308643549,0.004965069,,0.474496234,World Bank Global Findex,2026-03-21 11:22:05.560394+00:00
Viet Nam,VNM,2017,0.30795793,0.300235432,0.034995007,,0.490189603,World Bank Global Findex,2026-03-21 11:22:05.560394+00:00
Viet Nam,VNM,2022,0.562657536,0.560644954,0.164659469,,0.275401609,World Bank Global Findex,2026-03-21 11:22:05.560394+00:00
Viet Nam,VNM,2024,0.705507534,0.698541923,0.38723284,0.62741282,0.431956399,World Bank Global Findex,2026-03-21 11:22:05.560394+00:00
world,WLD,2011,0.50610644,0.50610644,,,,World Bank Global Findex,2026-03-21 11:22:05.560394+00:00
world,WLD,2014,0.616740154,0.608543826,0.020785695,,,World Bank Global Findex,2026-03-21 11:22:05.560394+00:00
world,WLD,2017,0.693221453,0.678891797,0.044599294,,,World Bank Global Findex,2026-03-21 11:22:05.560394+00:00
world,WLD,2021,0.73829921,0.714724042,0.104926593,,,World Bank Global Findex,2026-03-21 11:22:05.560394+00:00
world,WLD,2024,0.787424041,0.753073502,0.159704052,,,World Bank Global Findex,2026-03-21 11:22:05.560394+00:00
Kosovo,XKX,2011,0.443099658,0.443099658,,,,World Bank Global Findex,2026-03-21 11:22:05.560394+00:00
Kosovo,XKX,2014,0.47803151,0.47803151,,,0.405985314,World Bank Global Findex,2026-03-21 11:22:05.560394+00:00
Kosovo,XKX,2017,0.522733969,0.522733969,,,0.442185422,World Bank Global Findex,2026-03-21 11:22:05.560394+00:00
Kosovo,XKX,2021,0.580119596,0.580119596,,,0.407467264,World Bank Global Findex,2026-03-21 11:22:05.560394+00:00
Kosovo,XKX,2024,0.641617722,0.641617722,,0.270627668,0.406055688,World Bank Global Findex,2026-03-21 11:22:05.560394+00:00
"Yemen, Rep.",YEM,2011,0.036599538,0.036599538,,,,World Bank Global Findex,2026-03-21 11:22:05.560394+00:00
"Yemen, Rep.",YEM,2014,0.064484819,0.064484819,,,0.659823598,World Bank Global Findex,2026-03-21 11:22:05.560394+00:00
"Yemen, Rep.",YEM,2022,0.119033656,0.119033656,,,0.512811034,World Bank Global Findex,2026-03-21 11:22:05.560394+00:00
South Africa,ZAF,2011,0.536450756,0.536450756,,,,World Bank Global Findex,2026-03-21 11:22:05.560394+00:00
South Africa,ZAF,2014,0.703174555,0.687672342,0.144281802,,0.861296944,World Bank Global Findex,2026-03-21 11:22:05.560394+00:00
South Africa,ZAF,2017,0.692184942,0.674369196,0.190168459,,0.531075091,World Bank Global Findex,2026-03-21 11:22:05.560394+00:00
South Africa,ZAF,2021,0.85378112,0.841121969,0.365653075,,0.603544224,World Bank Global Findex,2026-03-21 11:22:05.560394+00:00
South Africa,ZAF,2024,0.811259662,0.784330264,0.316232017,0.677592513,0.570654888,World Bank Global Findex,2026-03-21 11:22:05.560394+00:00
Zambia,ZMB,2011,0.213649092,0.213649092,,,,World Bank Global Findex,2026-03-21 11:22:05.560394+00:00
Zambia,ZMB,2014,0.356448713,0.312924169,0.121143072,,0.681286422,World Bank Global Findex,2026-03-21 11:22:05.560394+00:00
Zambia,ZMB,2017,0.458632575,0.358300358,0.278423918,,0.487467196,World Bank Global Findex,2026-03-21 11:22:05.560394+00:00
Zambia,ZMB,2021,0.485218873,0.238444619,0.41631284,,0.593185766,World Bank Global Findex,2026-03-21 11:22:05.560394+00:00
Zambia,ZMB,2024,0.727024246,0.240723734,0.693107513,0.702662474,0.70147895,World Bank Global Findex,2026-03-21 11:22:05.560394+00:00
Zimbabwe,ZWE,2011,0.396512089,0.396512089,,,,World Bank Global Findex,2026-03-21 11:22:05.560394+00:00
Zimbabwe,ZWE,2014,0.323892494,0.171894919,0.215955208,,0.625091535,World Bank Global Findex,2026-03-21 11:22:05.560394+00:00
Zimbabwe,ZWE,2017,0.552851376,0.281799819,0.485816322,,0.475369351,World Bank Global Findex,2026-03-21 11:22:05.560394+00:00
Zimbabwe,ZWE,2021,0.597459293,0.292496947,0.506324444,,0.531081801,World Bank Global Findex,2026-03-21 11:22:05.560394+00:00
Zimbabwe,ZWE,2024,0.495216018,0.215661531,0.433317369,0.465431858,0.607937835,World Bank Global Findex,2026-03-21 11:22:05.560394+00:00
